container_id,timestamp,commodity,temperature,humidity,vibration,condition,date,hour,minute,temperature_min,temperature_max,humidity_min,humidity_max,temperature_deviation,humidity_deviation,temperature_risk_score,humidity_risk_score,vibration_risk_score,microclimate_risk_score,microclimate_risk,temperature_excursion,humidity_excursion,vibration_anomaly,exposure_minutes,exposure_multiplier,microclimate_severity,temperature_severity,humidity_severity,vibration_severity,spoilage_risk_score,spoilage_risk,spoilage_flag,market_price_per_kg,spoilage_value_factor,cargo_value,potential_spoilage_loss,opportunity_score,recommended_action,arbitrage_opportunity
CONT_001,2026-09-10 17:39:32.831215,Avocado,3.94,71.79,0.29,WARNING,2026-09-10,17,39,5.0,13.0,85.0,95.0,1.06,13.21,0.212,0.6605000000000001,0.2249999999999999,37.22,Medium,True,True,False,0.20124285,0.020124285,0.3722,0.212,0.6605000000000001,0.2249999999999999,33.35,Medium,False,180,0.45,18000,2701.35,60.03,NORMAL_TRANSIT,False
CONT_001,2026-09-10 17:39:44.905786,Mango,11.44,86.78,0.15,NORMAL,2026-09-10,17,39,10.0,13.0,85.0,90.0,0.0,0.0,0.0,0.0,0.0,0.0,Low,False,False,False,0.0989922166666666,0.0098992216666666,0.0,0.0,0.0,0.0,0.1,Low,False,140,0.4,14000,5.6,0.14,NORMAL_TRANSIT,False
CONT_001,2026-09-10 17:39:50.845319,Avocado,11.47,87.74,0.08,NORMAL,2026-09-10,17,39,5.0,13.0,85.0,95.0,0.0,0.0,0.0,0.0,0.0,0.0,Low,False,False,False,0.0667680166666666,0.0066768016666666,0.0,0.0,0.0,0.0,0.07,Low,False,180,0.45,18000,5.67,0.13,NORMAL_TRANSIT,False
CONT_001,2026-09-10 17:39:54.851400,Banana,13.88,93.39,0.12,NORMAL,2026-09-10,17,39,13.0,14.0,85.0,95.0,0.0,0.0,0.0,0.0,0.0,0.0,Low,False,False,False,0.0345706166666666,0.0034570616666666,0.0,0.0,0.0,0.0,0.03,Low,False,70,0.35,7000,0.74,0.02,NORMAL_TRANSIT,False
CONT_001,2026-09-10 17:39:56.925637,Tomato,11.81,86.83,0.08,NORMAL,2026-09-10,17,39,10.0,12.0,85.0,95.0,0.0,0.0,0.0,0.0,0.0,0.0,Low,False,False,False,0.13436915,0.0134369149999999,0.0,0.0,0.0,0.0,0.13,Low,False,60,0.3,6000,2.34,0.08,NORMAL_TRANSIT,False
CONT_001,2026-09-10 17:40:04.987786,Tomato,11.79,94.41,0.17,NORMAL,2026-09-10,17,40,10.0,12.0,85.0,95.0,0.0,0.0,0.0,0.0,0.0,0.0,Low,False,False,False,0.0728499166666666,0.0072849916666666,0.0,0.0,0.0,0.0,0.07,Low,False,60,0.3,6000,1.26,0.04,NORMAL_TRANSIT,False
CONT_001,2026-09-10 17:40:09.358781,Tomato,11.85,85.11,0.1,NORMAL,2026-09-10,17,40,10.0,12.0,85.0,95.0,0.0,0.0,0.0,0.0,0.0,0.0,Low,False,False,False,0.03351275,0.003351275,0.0,0.0,0.0,0.0,0.03,Low,False,60,0.3,6000,0.54,0.02,NORMAL_TRANSIT,False
CONT_001,2026-09-10 17:40:11.369546,Avocado,11.91,91.22,0.16,NORMAL,2026-09-10,17,40,5.0,13.0,85.0,95.0,0.0,0.0,0.0,0.0,0.0,0.0,Low,False,False,False,0.0333881666666666,0.0033388166666666,0.0,0.0,0.0,0.0,0.03,Low,False,180,0.45,18000,2.43,0.05,NORMAL_TRANSIT,False
CONT_001,2026-09-10 17:40:13.372836,Tomato,10.04,89.86,0.08,NORMAL,2026-09-10,17,40,10.0,12.0,85.0,95.0,0.0,0.0,0.0,0.0,0.0,0.0,Low,False,False,False,0.0667847666666666,0.0066784766666666,0.0,0.0,0.0,0.0,0.07,Low,False,60,0.3,6000,1.26,0.04,NORMAL_TRANSIT,False
CONT_001,2026-09-10 17:40:17.379922,Tomato,10.26,92.72,0.06,NORMAL,2026-09-10,17,40,10.0,12.0,85.0,95.0,0.0,0.0,0.0,0.0,0.0,0.0,Low,False,False,False,0.3732678333333333,0.0373267833333333,0.0,0.0,0.0,0.0,0.37,Low,False,60,0.3,6000,6.66,0.22,NORMAL_TRANSIT,False
CONT_001,2026-09-10 17:40:39.775992,Mango,11.08,86.35,0.11,NORMAL,2026-09-10,17,40,10.0,13.0,85.0,90.0,0.0,0.0,0.0,0.0,0.0,0.0,Low,False,False,False,0.0354098833333333,0.0035409883333333,0.0,0.0,0.0,0.0,0.04,Low,False,140,0.4,14000,2.24,0.06,NORMAL_TRANSIT,False
CONT_001,2026-09-10 17:40:41.900585,Mango,4.03,72.37,0.54,ANOMALY,2026-09-10,17,40,10.0,13.0,85.0,90.0,5.97,12.63,1.0,0.6315000000000001,0.85,83.35,Critical,True,True,True,0.00267435,0.000267435,0.8334999999999999,1.0,0.6315000000000001,0.85,75.48,High,True,140,0.4,14000,4226.88,105.67,PRIORITIZE_DELIVERY,True
CONT_001,2026-09-10 17:40:42.061046,Tomato,11.63,85.72,0.08,NORMAL,2026-09-10,17,40,10.0,12.0,85.0,95.0,0.0,0.0,0.0,0.0,0.0,0.0,Low,False,False,False,0.0355659666666666,0.0035565966666666,0.0,0.0,0.0,0.0,0.04,Low,False,60,0.3,6000,0.72,0.02,NORMAL_TRANSIT,False
CONT_001,2026-09-10 17:40:44.195004,Avocado,8.73,87.53,0.19,NORMAL,2026-09-10,17,40,5.0,13.0,85.0,95.0,0.0,0.0,0.0,0.0,0.0,0.0,Low,False,False,False,0.0285563666666666,0.0028556366666666,0.0,0.0,0.0,0.0,0.03,Low,False,180,0.45,18000,2.43,0.05,NORMAL_TRANSIT,False
CONT_001,2026-09-10 17:40:45.908386,Mango,11.48,85.05,0.19,NORMAL,2026-09-10,17,40,10.0,13.0,85.0,90.0,0.0,0.0,0.0,0.0,0.0,0.0,Low,False,False,False,0.2729993333333333,0.0272999333333333,0.0,0.0,0.0,0.0,0.27,Low,False,140,0.4,14000,15.12,0.38,NORMAL_TRANSIT,False
CONT_001,2026-09-10 17:41:02.288346,Mango,10.02,85.21,0.09,NORMAL,2026-09-10,17,41,10.0,13.0,85.0,90.0,0.0,0.0,0.0,0.0,0.0,0.0,Low,False,False,False,0.4389713,0.04389713,0.0,0.0,0.0,0.0,0.44,Low,False,140,0.4,14000,24.64,0.62,NORMAL_TRANSIT,False
CONT_001,2026-09-10 17:41:28.626624,Avocado,5.25,92.05,0.2,NORMAL,2026-09-10,17,41,5.0,13.0,85.0,95.0,0.0,0.0,0.0,0.0,0.0,0.0,Low,False,False,False,0.06688815,0.006688815,0.0,0.0,0.0,0.0,0.07,Low,False,180,0.45,18000,5.67,0.13,NORMAL_TRANSIT,False
CONT_001,2026-09-10 17:41:32.639913,Avocado,8.11,90.35,0.19,NORMAL,2026-09-10,17,41,5.0,13.0,85.0,95.0,0.0,0.0,0.0,0.0,0.0,0.0,Low,False,False,False,0.13381025,0.013381025,0.0,0.0,0.0,0.0,0.13,Low,False,180,0.45,18000,10.53,0.23,NORMAL_TRANSIT,False
CONT_001,2026-09-10 17:41:40.668528,Mango,11.47,89.87,0.17,NORMAL,2026-09-10,17,41,10.0,13.0,85.0,90.0,0.0,0.0,0.0,0.0,0.0,0.0,Low,False,False,False,0.0334046333333333,0.0033404633333333,0.0,0.0,0.0,0.0,0.03,Low,False,140,0.4,14000,1.68,0.04,NORMAL_TRANSIT,False
CONT_001,2026-09-10 17:41:42.672806,Tomato,10.67,93.77,0.11,NORMAL,2026-09-10,17,41,10.0,12.0,85.0,95.0,0.0,0.0,0.0,0.0,0.0,0.0,Low,False,False,False,0.1002408666666666,0.0100240866666666,0.0,0.0,0.0,0.0,0.1,Low,False,60,0.3,6000,1.8,0.06,NORMAL_TRANSIT,False
CONT_001,2026-09-10 17:41:48.687258,Mango,12.41,89.67,0.18,NORMAL,2026-09-10,17,41,10.0,13.0,85.0,90.0,0.0,0.0,0.0,0.0,0.0,0.0,Low,False,False,False,0.07190445,0.0071904449999999,0.0,0.0,0.0,0.0,0.07,Low,False,140,0.4,14000,3.92,0.1,NORMAL_TRANSIT,False
CONT_001,2026-09-10 17:41:53.001525,Tomato,14.4,67.92,0.25,WARNING,2026-09-10,17,41,10.0,12.0,85.0,95.0,2.4,17.08,0.48,0.8539999999999999,0.1249999999999999,52.21,Medium,True,True,False,0.2029856833333333,0.0202985683333333,0.5221,0.48,0.8539999999999999,0.1249999999999999,47.36,Medium,False,60,0.3,6000,852.48,28.42,MONITOR_CLOSELY,False
CONT_001,2026-09-10 17:42:05.180666,Avocado,11.71,89.09,0.18,NORMAL,2026-09-10,17,42,5.0,13.0,85.0,95.0,0.0,0.0,0.0,0.0,0.0,0.0,Low,False,False,False,0.2004815333333333,0.0200481533333333,0.0,0.0,0.0,0.0,0.2,Low,False,180,0.45,18000,16.2,0.36,NORMAL_TRANSIT,False
CONT_001,2026-09-10 17:42:17.209558,Tomato,10.64,86.5,0.2,NORMAL,2026-09-10,17,42,10.0,12.0,85.0,95.0,0.0,0.0,0.0,0.0,0.0,0.0,Low,False,False,False,0.033582,0.0033582,0.0,0.0,0.0,0.0,0.03,Low,False,60,0.3,6000,0.54,0.02,NORMAL_TRANSIT,False
CONT_001,2026-09-10 17:42:19.224478,Mango,12.6,87.92,0.11,NORMAL,2026-09-10,17,42,10.0,13.0,85.0,90.0,0.0,0.0,0.0,0.0,0.0,0.0,Low,False,False,False,0.03339975,0.003339975,0.0,0.0,0.0,0.0,0.03,Low,False,140,0.4,14000,1.68,0.04,NORMAL_TRANSIT,False
CONT_001,2026-09-10 17:42:21.228463,Tomato,11.92,85.43,0.15,NORMAL,2026-09-10,17,42,10.0,12.0,85.0,95.0,0.0,0.0,0.0,0.0,0.0,0.0,Low,False,False,False,0.1006263666666666,0.0100626366666666,0.0,0.0,0.0,0.0,0.1,Low,False,60,0.3,6000,1.8,0.06,NORMAL_TRANSIT,False
CONT_001,2026-09-10 17:42:27.266045,Avocado,10.27,85.47,0.13,NORMAL,2026-09-10,17,42,5.0,13.0,85.0,95.0,0.0,0.0,0.0,0.0,0.0,0.0,Low,False,False,False,0.0668204166666666,0.0066820416666666,0.0,0.0,0.0,0.0,0.07,Low,False,180,0.45,18000,5.67,0.13,NORMAL_TRANSIT,False
CONT_001,2026-09-10 17:42:31.275270,Avocado,10.58,91.09,0.11,NORMAL,2026-09-10,17,42,5.0,13.0,85.0,95.0,0.0,0.0,0.0,0.0,0.0,0.0,Low,False,False,False,2.213333333333333e-05,2.213333333333333e-06,0.0,0.0,0.0,0.0,0.0,Low,False,180,0.45,18000,0.0,0.0,NORMAL_TRANSIT,False
CONT_001,2026-09-10 17:42:31.276598,Banana,18.97,100.0,0.45,ANOMALY,2026-09-10,17,42,13.0,14.0,85.0,95.0,4.97,5.0,0.994,0.25,0.625,64.13,High,True,True,True,0.0334395333333333,0.0033439533333333,0.6413,0.994,0.25,0.625,58.77,Medium,False,70,0.35,7000,1439.86,41.14,MONITOR_CLOSELY,False
CONT_001,2026-09-10 17:42:33.282970,Tomato,11.18,93.24,0.16,NORMAL,2026-09-10,17,42,10.0,12.0,85.0,95.0,0.0,0.0,0.0,0.0,0.0,0.0,Low,False,False,False,0.2004070833333333,0.0200407083333333,0.0,0.0,0.0,0.0,0.2,Low,False,60,0.3,6000,3.6,0.12,NORMAL_TRANSIT,False
CONT_001,2026-09-10 17:42:45.307395,Mango,12.51,88.64,0.12,NORMAL,2026-09-10,17,42,10.0,13.0,85.0,90.0,0.0,0.0,0.0,0.0,0.0,0.0,Low,False,False,False,0.1727036166666666,0.0172703616666666,0.0,0.0,0.0,0.0,0.17,Low,False,140,0.4,14000,9.52,0.24,NORMAL_TRANSIT,False
CONT_001,2026-09-10 17:42:55.669612,Mango,11.3,87.45,0.05,NORMAL,2026-09-10,17,42,10.0,13.0,85.0,90.0,0.0,0.0,0.0,0.0,0.0,0.0,Low,False,False,False,6.783333333333334e-06,6.783333333333334e-07,0.0,0.0,0.0,0.0,0.0,Low,False,140,0.4,14000,0.0,0.0,NORMAL_TRANSIT,False
CONT_001,2026-09-10 17:42:55.670019,Avocado,5.95,88.03,0.17,NORMAL,2026-09-10,17,42,5.0,13.0,85.0,95.0,0.0,0.0,0.0,0.0,0.0,0.0,Low,False,False,False,0.1378298,0.01378298,0.0,0.0,0.0,0.0,0.14,Low,False,180,0.45,18000,11.34,0.25,NORMAL_TRANSIT,False
CONT_001,2026-09-10 17:43:03.939807,Tomato,13.31,100.0,0.28,WARNING,2026-09-10,17,43,10.0,12.0,85.0,95.0,1.31,5.0,0.262,0.25,0.2,24.23,Low,True,True,False,0.34803985,0.0348039849999999,0.2423,0.262,0.25,0.2,22.24,Low,False,60,0.3,6000,400.32,13.34,NORMAL_TRANSIT,False
CONT_001,2026-09-10 17:43:24.822198,Tomato,11.88,87.58,0.06,NORMAL,2026-09-10,17,43,10.0,12.0,85.0,95.0,0.0,0.0,0.0,0.0,0.0,0.0,Low,False,False,False,0.1022222166666666,0.0102222216666666,0.0,0.0,0.0,0.0,0.1,Low,False,60,0.3,6000,1.8,0.06,NORMAL_TRANSIT,False
CONT_001,2026-09-10 17:43:30.955531,Tomato,11.28,91.27,0.15,NORMAL,2026-09-10,17,43,10.0,12.0,85.0,95.0,0.0,0.0,0.0,0.0,0.0,0.0,Low,False,False,False,0.3681128666666666,0.0368112866666666,0.0,0.0,0.0,0.0,0.37,Low,False,60,0.3,6000,6.66,0.22,NORMAL_TRANSIT,False
CONT_001,2026-09-10 17:43:53.042303,Tomato,7.19,100.0,0.32,WARNING,2026-09-10,17,43,10.0,12.0,85.0,95.0,2.81,5.0,0.562,0.25,0.3,38.73,Medium,True,True,False,0.0052162999999999,0.0005216299999999,0.3873,0.562,0.25,0.3,35.42,Medium,False,60,0.3,6000,637.56,21.25,NORMAL_TRANSIT,False
CONT_001,2026-09-10 17:43:53.355281,Avocado,10.61,85.58,0.15,NORMAL,2026-09-10,17,43,5.0,13.0,85.0,95.0,0.0,0.0,0.0,0.0,0.0,0.0,Low,False,False,False,0.0333778166666666,0.0033377816666666,0.0,0.0,0.0,0.0,0.03,Low,False,180,0.45,18000,2.43,0.05,NORMAL_TRANSIT,False
CONT_001,2026-09-10 17:43:55.357950,Avocado,7.31,87.11,0.06,NORMAL,2026-09-10,17,43,5.0,13.0,85.0,95.0,0.0,0.0,0.0,0.0,0.0,0.0,Low,False,False,False,0.0616001666666666,0.0061600166666666,0.0,0.0,0.0,0.0,0.06,Low,False,180,0.45,18000,4.86,0.11,NORMAL_TRANSIT,False
CONT_001,2026-09-10 17:43:59.053960,Banana,13.21,88.79,0.05,NORMAL,2026-09-10,17,43,13.0,14.0,85.0,95.0,0.0,0.0,0.0,0.0,0.0,0.0,Low,False,False,False,0.1356511166666666,0.0135651116666666,0.0,0.0,0.0,0.0,0.14,Low,False,70,0.35,7000,3.43,0.1,NORMAL_TRANSIT,False
CONT_001,2026-09-10 17:44:07.193027,Banana,17.75,100.0,0.38,ANOMALY,2026-09-10,17,44,13.0,14.0,85.0,95.0,3.75,5.0,0.75,0.25,0.4499999999999999,50.0,Medium,True,True,True,0.1387827499999999,0.0138782749999999,0.5,0.75,0.25,0.4499999999999999,45.89,Medium,False,70,0.35,7000,1124.3,32.12,MONITOR_CLOSELY,False
CONT_001,2026-09-10 17:44:15.519992,Tomato,10.4,93.95,0.13,NORMAL,2026-09-10,17,44,10.0,12.0,85.0,95.0,0.0,0.0,0.0,0.0,0.0,0.0,Low,False,False,False,0.0333966333333333,0.0033396633333333,0.0,0.0,0.0,0.0,0.03,Low,False,60,0.3,6000,0.54,0.02,NORMAL_TRANSIT,False
CONT_001,2026-09-10 17:44:17.523790,Tomato,8.85,100.0,0.26,WARNING,2026-09-10,17,44,10.0,12.0,85.0,95.0,1.15,5.0,0.2299999999999999,0.25,0.15,21.7,Low,True,True,False,0.0334224166666666,0.0033422416666666,0.217,0.2299999999999999,0.25,0.15,19.65,Low,False,60,0.3,6000,353.7,11.79,NORMAL_TRANSIT,False
CONT_001,2026-09-10 17:44:19.529135,Banana,13.01,92.83,0.13,NORMAL,2026-09-10,17,44,13.0,14.0,85.0,95.0,0.0,0.0,0.0,0.0,0.0,0.0,Low,False,False,False,0.1972273,0.01972273,0.0,0.0,0.0,0.0,0.2,Low,False,70,0.35,7000,4.9,0.14,NORMAL_TRANSIT,False
CONT_001,2026-09-10 17:44:31.362773,Banana,7.15,100.0,0.52,ANOMALY,2026-09-10,17,44,13.0,14.0,85.0,95.0,5.85,5.0,1.0,0.25,0.7999999999999999,68.75,High,True,True,True,0.0667955166666666,0.0066795516666666,0.6875,1.0,0.25,0.7999999999999999,62.75,High,True,70,0.35,7000,1537.37,43.92,PRIORITIZE_DELIVERY,False
CONT_001,2026-09-10 17:44:35.370504,Tomato,11.29,88.18,0.1,NORMAL,2026-09-10,17,44,10.0,12.0,85.0,95.0,0.0,0.0,0.0,0.0,0.0,0.0,Low,False,False,False,0.03721545,0.003721545,0.0,0.0,0.0,0.0,0.04,Low,False,60,0.3,6000,0.72,0.02,NORMAL_TRANSIT,False
CONT_001,2026-09-10 17:44:37.603431,Avocado,8.69,93.65,0.12,NORMAL,2026-09-10,17,44,5.0,13.0,85.0,95.0,0.0,0.0,0.0,0.0,0.0,0.0,Low,False,False,False,0.1002513166666666,0.0100251316666666,0.0,0.0,0.0,0.0,0.1,Low,False,180,0.45,18000,8.1,0.18,NORMAL_TRANSIT,False
CONT_001,2026-09-10 17:44:43.618510,Avocado,-1.98,100.0,0.46,ANOMALY,2026-09-10,17,44,5.0,13.0,85.0,95.0,6.98,5.0,1.0,0.25,0.65,65.0,High,True,True,True,0.03016315,0.003016315,0.65,1.0,0.25,0.65,59.53,Medium,False,180,0.45,18000,4821.93,107.15,MONITOR_CLOSELY,False
CONT_001,2026-09-10 17:44:45.428299,Banana,13.29,94.97,0.19,NORMAL,2026-09-10,17,44,13.0,14.0,85.0,95.0,0.0,0.0,0.0,0.0,0.0,0.0,Low,False,False,False,0.03693495,0.003693495,0.0,0.0,0.0,0.0,0.04,Low,False,70,0.35,7000,0.98,0.03,NORMAL_TRANSIT,False
CONT_001,2026-09-10 17:44:47.644396,Banana,13.97,91.96,0.17,NORMAL,2026-09-10,17,44,13.0,14.0,85.0,95.0,0.0,0.0,0.0,0.0,0.0,0.0,Low,False,False,False,0.0298218,0.00298218,0.0,0.0,0.0,0.0,0.03,Low,False,70,0.35,7000,0.74,0.02,NORMAL_TRANSIT,False
CONT_001,2026-09-10 17:44:49.433704,Banana,9.39,72.64,0.42,ANOMALY,2026-09-10,17,44,13.0,14.0,85.0,95.0,3.61,12.36,0.722,0.618,0.5499999999999999,64.26,High,True,True,True,0.0333865833333333,0.0033386583333333,0.6426000000000001,0.722,0.618,0.5499999999999999,58.16,Medium,False,70,0.35,7000,1424.92,40.71,MONITOR_CLOSELY,False
CONT_001,2026-09-10 17:44:51.436899,Mango,12.81,85.87,0.12,NORMAL,2026-09-10,17,44,10.0,13.0,85.0,90.0,0.0,0.0,0.0,0.0,0.0,0.0,Low,False,False,False,0.0035872166666666,0.0003587216666666,0.0,0.0,0.0,0.0,0.0,Low,False,140,0.4,14000,0.0,0.0,NORMAL_TRANSIT,False
CONT_001,2026-09-10 17:44:51.652132,Avocado,15.82,100.0,0.26,WARNING,2026-09-10,17,44,5.0,13.0,85.0,95.0,2.82,5.0,0.564,0.25,0.15,35.06,Medium,True,True,False,0.0631915666666666,0.0063191566666666,0.3506,0.564,0.25,0.15,32.37,Medium,False,180,0.45,18000,2621.97,58.27,NORMAL_TRANSIT,False
CONT_001,2026-09-10 17:44:55.443626,Tomato,4.08,68.63,0.45,ANOMALY,2026-09-10,17,44,10.0,12.0,85.0,95.0,5.92,16.37,1.0,0.8185,0.625,84.27,Critical,True,True,True,0.10015505,0.010015505,0.8427,1.0,0.8185,0.625,76.55,High,True,60,0.3,6000,1377.9,45.93,PRIORITIZE_DELIVERY,False
CONT_001,2026-09-10 17:45:01.452929,Avocado,10.65,90.24,0.19,NORMAL,2026-09-10,17,45,5.0,13.0,85.0,95.0,0.0,0.0,0.0,0.0,0.0,0.0,Low,False,False,False,0.0036739833333333,0.0003673983333333,0.0,0.0,0.0,0.0,0.0,Low,False,180,0.45,18000,0.0,0.0,NORMAL_TRANSIT,False
CONT_001,2026-09-10 17:45:01.673368,Avocado,14.71,68.08,0.23,WARNING,2026-09-10,17,45,5.0,13.0,85.0,95.0,1.71,16.92,0.3419999999999999,0.8460000000000001,0.075,45.17,Medium,True,True,False,0.0667999,0.0066799899999999,0.4517,0.3419999999999999,0.8460000000000001,0.075,40.67,Medium,False,180,0.45,18000,3294.27,73.21,MONITOR_CLOSELY,False
CONT_001,2026-09-10 17:45:05.681362,Avocado,15.42,100.0,0.27,WARNING,2026-09-10,17,45,5.0,13.0,85.0,95.0,2.42,5.0,0.484,0.25,0.175,32.48,Medium,True,True,False,0.0334171,0.00334171,0.3248,0.484,0.25,0.175,29.83,Medium,False,180,0.45,18000,2416.23,53.69,NORMAL_TRANSIT,False
CONT_001,2026-09-10 17:45:07.686388,Mango,11.72,89.28,0.15,NORMAL,2026-09-10,17,45,10.0,13.0,85.0,90.0,0.0,0.0,0.0,0.0,0.0,0.0,Low,False,False,False,0.0688912333333333,0.0068891233333333,0.0,0.0,0.0,0.0,0.07,Low,False,140,0.4,14000,3.92,0.1,NORMAL_TRANSIT,False
CONT_001,2026-09-10 17:45:11.819862,Tomato,11.73,92.55,0.09,NORMAL,2026-09-10,17,45,10.0,12.0,85.0,95.0,0.0,0.0,0.0,0.0,0.0,0.0,Low,False,False,False,0.9898679833333334,0.0989867983333333,0.0,0.0,0.0,0.0,0.99,Low,False,60,0.3,6000,17.82,0.59,NORMAL_TRANSIT,False
CONT_001,2026-09-10 17:46:11.211941,Mango,19.45,100.0,0.48,ANOMALY,2026-09-10,17,46,10.0,13.0,85.0,90.0,6.45,10.0,1.0,0.5,0.6999999999999998,75.0,High,True,True,True,0.0333457,0.00333457,0.75,1.0,0.5,0.6999999999999998,68.28,High,True,140,0.4,14000,3823.68,95.59,PRIORITIZE_DELIVERY,True
CONT_001,2026-09-10 17:46:13.212683,Avocado,3.45,100.0,0.34,WARNING,2026-09-10,17,46,5.0,13.0,85.0,95.0,1.55,5.0,0.31,0.25,0.35,29.9,Medium,True,True,False,0.0333944666666666,0.0033394466666666,0.299,0.31,0.25,0.35,26.94,Medium,False,180,0.45,18000,2182.14,48.49,NORMAL_TRANSIT,False
CONT_001,2026-09-10 17:46:15.216351,Mango,10.23,89.88,0.16,NORMAL,2026-09-10,17,46,10.0,13.0,85.0,90.0,0.0,0.0,0.0,0.0,0.0,0.0,Low,False,False,False,0.0341568333333333,0.0034156833333333,0.0,0.0,0.0,0.0,0.03,Low,False,140,0.4,14000,1.68,0.04,NORMAL_TRANSIT,False
CONT_001,2026-09-10 17:46:17.265761,Banana,10.3,100.0,0.31,WARNING,2026-09-10,17,46,13.0,14.0,85.0,95.0,2.7,5.0,0.54,0.25,0.2749999999999999,37.22,Medium,True,True,False,0.0669176333333333,0.0066917633333333,0.3722,0.54,0.25,0.2749999999999999,34.12,Medium,False,70,0.35,7000,835.94,23.88,NORMAL_TRANSIT,False
CONT_001,2026-09-10 17:46:21.280819,Avocado,14.51,70.31,0.23,WARNING,2026-09-10,17,46,5.0,13.0,85.0,95.0,1.51,14.69,0.302,0.7344999999999999,0.075,39.66,Medium,True,True,False,0.20763765,0.020763765,0.3965999999999999,0.302,0.7344999999999999,0.075,35.86,Medium,False,180,0.45,18000,2904.66,64.55,NORMAL_TRANSIT,False
CONT_001,2026-09-10 17:46:33.739078,Mango,14.02,72.61,0.26,WARNING,2026-09-10,17,46,10.0,13.0,85.0,90.0,1.02,12.39,0.204,0.6195,0.15,33.59,Medium,True,True,False,0.4007375166666666,0.0400737516666666,0.3359,0.204,0.6195,0.15,30.39,Medium,False,140,0.4,14000,1701.84,42.55,NORMAL_TRANSIT,False
CONT_001,2026-09-10 17:46:57.783329,Tomato,10.97,91.62,0.09,NORMAL,2026-09-10,17,46,10.0,12.0,85.0,95.0,0.0,0.0,0.0,0.0,0.0,0.0,Low,False,False,False,0.2046062,0.02046062,0.0,0.0,0.0,0.0,0.2,Low,False,60,0.3,6000,3.6,0.12,NORMAL_TRANSIT,False
CONT_001,2026-09-10 17:47:10.059701,Banana,9.55,70.71,0.48,ANOMALY,2026-09-10,17,47,13.0,14.0,85.0,95.0,3.45,14.29,0.6900000000000001,0.7144999999999999,0.6999999999999998,70.11,High,True,True,True,0.0681938166666666,0.0068193816666666,0.7011,0.6900000000000001,0.7144999999999999,0.6999999999999998,63.14,High,True,70,0.35,7000,1546.93,44.2,PRIORITIZE_DELIVERY,False
CONT_001,2026-09-10 17:47:14.151330,Tomato,10.53,86.25,0.19,NORMAL,2026-09-10,17,47,10.0,12.0,85.0,95.0,0.0,0.0,0.0,0.0,0.0,0.0,Low,False,False,False,0.0668004166666666,0.0066800416666666,0.0,0.0,0.0,0.0,0.07,Low,False,60,0.3,6000,1.26,0.04,NORMAL_TRANSIT,False
CONT_001,2026-09-10 17:47:18.159355,Tomato,14.53,100.0,0.25,WARNING,2026-09-10,17,47,10.0,12.0,85.0,95.0,2.53,5.0,0.506,0.25,0.1249999999999999,32.12,Medium,True,True,False,0.0333761166666666,0.0033376116666666,0.3212,0.506,0.25,0.1249999999999999,29.61,Medium,False,60,0.3,6000,532.98,17.77,NORMAL_TRANSIT,False
CONT_001,2026-09-10 17:47:20.161922,Mango,12.36,85.01,0.08,NORMAL,2026-09-10,17,47,10.0,13.0,85.0,90.0,0.0,0.0,0.0,0.0,0.0,0.0,Low,False,False,False,0.1001585333333333,0.0100158533333333,0.0,0.0,0.0,0.0,0.1,Low,False,140,0.4,14000,5.6,0.14,NORMAL_TRANSIT,False
CONT_001,2026-09-10 17:47:26.171434,Mango,12.84,89.89,0.16,NORMAL,2026-09-10,17,47,10.0,13.0,85.0,90.0,0.0,0.0,0.0,0.0,0.0,0.0,Low,False,False,False,0.0668084166666666,0.0066808416666666,0.0,0.0,0.0,0.0,0.07,Low,False,140,0.4,14000,3.92,0.1,NORMAL_TRANSIT,False
CONT_001,2026-09-10 17:47:30.179939,Mango,10.69,85.46,0.14,NORMAL,2026-09-10,17,47,10.0,13.0,85.0,90.0,0.0,0.0,0.0,0.0,0.0,0.0,Low,False,False,False,0.36738655,0.0367386549999999,0.0,0.0,0.0,0.0,0.37,Low,False,140,0.4,14000,20.72,0.52,NORMAL_TRANSIT,False
CONT_001,2026-09-10 17:47:52.223132,Tomato,11.31,94.27,0.06,NORMAL,2026-09-10,17,47,10.0,12.0,85.0,95.0,0.0,0.0,0.0,0.0,0.0,0.0,Low,False,False,False,0.2536092833333333,0.0253609283333333,0.0,0.0,0.0,0.0,0.25,Low,False,60,0.3,6000,4.5,0.15,NORMAL_TRANSIT,False
CONT_001,2026-09-10 17:48:07.439689,Avocado,5.1,86.37,0.07,NORMAL,2026-09-10,17,48,5.0,13.0,85.0,95.0,0.0,0.0,0.0,0.0,0.0,0.0,Low,False,False,False,0.0333728333333333,0.0033372833333333,0.0,0.0,0.0,0.0,0.03,Low,False,180,0.45,18000,2.43,0.05,NORMAL_TRANSIT,False
CONT_001,2026-09-10 17:48:09.442059,Avocado,2.62,100.0,0.31,WARNING,2026-09-10,17,48,5.0,13.0,85.0,95.0,2.38,5.0,0.476,0.25,0.2749999999999999,34.66,Medium,True,True,False,0.0333699499999999,0.0033369949999999,0.3465999999999999,0.476,0.25,0.2749999999999999,31.65,Medium,False,180,0.45,18000,2563.65,56.97,NORMAL_TRANSIT,False
CONT_001,2026-09-10 17:48:11.444256,Tomato,11.25,87.76,0.2,NORMAL,2026-09-10,17,48,10.0,12.0,85.0,95.0,0.0,0.0,0.0,0.0,0.0,0.0,Low,False,False,False,0.0670594666666666,0.0067059466666666,0.0,0.0,0.0,0.0,0.07,Low,False,60,0.3,6000,1.26,0.04,NORMAL_TRANSIT,False
CONT_001,2026-09-10 17:48:15.467824,Avocado,7.61,85.21,0.09,NORMAL,2026-09-10,17,48,5.0,13.0,85.0,95.0,0.0,0.0,0.0,0.0,0.0,0.0,Low,False,False,False,0.4216660333333333,0.0421666033333333,0.0,0.0,0.0,0.0,0.42,Low,False,180,0.45,18000,34.02,0.76,NORMAL_TRANSIT,False
CONT_001,2026-09-10 17:48:40.767786,Tomato,14.81,66.14,0.27,WARNING,2026-09-10,17,48,10.0,12.0,85.0,95.0,2.81,18.86,0.562,0.943,0.175,59.86,Medium,True,True,False,0.13594255,0.013594255,0.5986,0.562,0.943,0.175,54.21,Medium,False,60,0.3,6000,975.78,32.53,MONITOR_CLOSELY,False
CONT_001,2026-09-10 17:48:48.924339,Banana,13.24,90.4,0.15,NORMAL,2026-09-10,17,48,13.0,14.0,85.0,95.0,0.0,0.0,0.0,0.0,0.0,0.0,Low,False,False,False,0.0667758333333333,0.0066775833333333,0.0,0.0,0.0,0.0,0.07,Low,False,70,0.35,7000,1.72,0.05,NORMAL_TRANSIT,False
CONT_001,2026-09-10 17:48:52.930889,Tomato,11.63,87.58,0.2,NORMAL,2026-09-10,17,48,10.0,12.0,85.0,95.0,0.0,0.0,0.0,0.0,0.0,0.0,Low,False,False,False,0.0668279,0.00668279,0.0,0.0,0.0,0.0,0.07,Low,False,60,0.3,6000,1.26,0.04,NORMAL_TRANSIT,False
CONT_001,2026-09-10 17:48:56.940563,Tomato,10.03,90.46,0.16,NORMAL,2026-09-10,17,48,10.0,12.0,85.0,95.0,0.0,0.0,0.0,0.0,0.0,0.0,Low,False,False,False,0.0333803166666666,0.0033380316666666,0.0,0.0,0.0,0.0,0.03,Low,False,60,0.3,6000,0.54,0.02,NORMAL_TRANSIT,False
CONT_001,2026-09-10 17:48:58.943382,Tomato,14.45,65.14,0.24,WARNING,2026-09-10,17,48,10.0,12.0,85.0,95.0,2.45,19.86,0.49,0.993,0.0999999999999999,56.86,Medium,True,True,False,0.4505524,0.04505524,0.5686,0.49,0.993,0.0999999999999999,51.73,Medium,False,60,0.3,6000,931.14,31.04,MONITOR_CLOSELY,False
CONT_001,2026-09-10 17:49:25.976526,Avocado,15.87,100.0,0.23,WARNING,2026-09-10,17,49,5.0,13.0,85.0,95.0,2.87,5.0,0.5740000000000001,0.25,0.075,33.58,Medium,True,True,False,0.1373301833333333,0.0137330183333333,0.3358,0.5740000000000001,0.25,0.075,31.23,Medium,False,180,0.45,18000,2529.63,56.21,NORMAL_TRANSIT,False
CONT_001,2026-09-10 17:49:34.216337,Avocado,-1.47,100.0,0.54,ANOMALY,2026-09-10,17,49,5.0,13.0,85.0,95.0,6.47,5.0,1.0,0.25,0.85,70.0,High,True,True,True,0.0670041166666666,0.0067004116666666,0.7,1.0,0.25,0.85,63.82,High,True,180,0.45,18000,5169.42,114.88,PRIORITIZE_DELIVERY,True
CONT_001,2026-09-10 17:49:38.236584,Avocado,5.84,90.04,0.19,NORMAL,2026-09-10,17,49,5.0,13.0,85.0,95.0,0.0,0.0,0.0,0.0,0.0,0.0,Low,False,False,False,0.0670972833333333,0.0067097283333333,0.0,0.0,0.0,0.0,0.07,Low,False,180,0.45,18000,5.67,0.13,NORMAL_TRANSIT,False
CONT_001,2026-09-10 17:49:42.262421,Tomato,11.63,92.38,0.16,NORMAL,2026-09-10,17,49,10.0,12.0,85.0,95.0,0.0,0.0,0.0,0.0,0.0,0.0,Low,False,False,False,0.03336665,0.003336665,0.0,0.0,0.0,0.0,0.03,Low,False,60,0.3,6000,0.54,0.02,NORMAL_TRANSIT,False
CONT_001,2026-09-10 17:49:44.264420,Avocado,7.04,91.64,0.17,NORMAL,2026-09-10,17,49,5.0,13.0,85.0,95.0,0.0,0.0,0.0,0.0,0.0,0.0,Low,False,False,False,0.4340963333333333,0.0434096333333333,0.0,0.0,0.0,0.0,0.43,Low,False,180,0.45,18000,34.83,0.77,NORMAL_TRANSIT,False
CONT_001,2026-09-10 17:50:10.310200,Avocado,11.87,90.84,0.11,NORMAL,2026-09-10,17,50,5.0,13.0,85.0,95.0,0.0,0.0,0.0,0.0,0.0,0.0,Low,False,False,False,0.0667518166666666,0.0066751816666666,0.0,0.0,0.0,0.0,0.07,Low,False,180,0.45,18000,5.67,0.13,NORMAL_TRANSIT,False
CONT_001,2026-09-10 17:50:14.315309,Banana,13.24,91.14,0.19,NORMAL,2026-09-10,17,50,13.0,14.0,85.0,95.0,0.0,0.0,0.0,0.0,0.0,0.0,Low,False,False,False,0.2018804666666666,0.0201880466666666,0.0,0.0,0.0,0.0,0.2,Low,False,70,0.35,7000,4.9,0.14,NORMAL_TRANSIT,False
CONT_001,2026-09-10 17:50:26.428137,Banana,13.39,88.34,0.07,NORMAL,2026-09-10,17,50,13.0,14.0,85.0,95.0,0.0,0.0,0.0,0.0,0.0,0.0,Low,False,False,False,2.0,0.2,0.0,0.0,0.0,0.0,2.0,Low,False,70,0.35,7000,49.0,1.4,NORMAL_TRANSIT,False
CONT_002,2026-09-10 17:39:46.908373,Banana,13.46,91.67,0.09,NORMAL,2026-09-10,17,39,13.0,14.0,85.0,95.0,0.0,0.0,0.0,0.0,0.0,0.0,Low,False,False,False,0.0989913499999999,0.009899135,0.0,0.0,0.0,0.0,0.1,Low,False,70,0.35,7000,2.45,0.07,NORMAL_TRANSIT,False
CONT_002,2026-09-10 17:39:52.847854,Banana,8.84,72.7,0.44,ANOMALY,2026-09-10,17,39,13.0,14.0,85.0,95.0,4.16,12.3,0.8320000000000001,0.615,0.6,69.81,High,True,True,True,0.00114935,0.000114935,0.6981,0.8320000000000001,0.615,0.6,63.28,High,True,70,0.35,7000,1550.36,44.3,PRIORITIZE_DELIVERY,False
CONT_002,2026-09-10 17:39:52.916815,Banana,16.13,100.0,0.21,WARNING,2026-09-10,17,39,13.0,14.0,85.0,95.0,2.13,5.0,0.426,0.25,0.0249999999999999,26.42,Medium,True,True,False,0.3033805166666666,0.0303380516666666,0.2642,0.426,0.25,0.0249999999999999,24.71,Low,False,70,0.35,7000,605.4,17.3,NORMAL_TRANSIT,False
CONT_002,2026-09-10 17:40:11.119646,Avocado,5.1,89.93,0.08,NORMAL,2026-09-10,17,40,5.0,13.0,85.0,95.0,0.0,0.0,0.0,0.0,0.0,0.0,Low,False,False,False,0.1337430999999999,0.0133743099999999,0.0,0.0,0.0,0.0,0.13,Low,False,180,0.45,18000,10.53,0.23,NORMAL_TRANSIT,False
CONT_002,2026-09-10 17:40:19.144232,Tomato,10.27,92.48,0.1,NORMAL,2026-09-10,17,40,10.0,12.0,85.0,95.0,0.0,0.0,0.0,0.0,0.0,0.0,Low,False,False,False,0.0707473999999999,0.0070747399999999,0.0,0.0,0.0,0.0,0.07,Low,False,60,0.3,6000,1.26,0.04,NORMAL_TRANSIT,False
CONT_002,2026-09-10 17:40:23.389076,Tomato,10.32,89.71,0.06,NORMAL,2026-09-10,17,40,10.0,12.0,85.0,95.0,0.0,0.0,0.0,0.0,0.0,0.0,Low,False,False,False,0.0627978666666666,0.0062797866666666,0.0,0.0,0.0,0.0,0.06,Low,False,60,0.3,6000,1.08,0.04,NORMAL_TRANSIT,False
CONT_002,2026-09-10 17:40:27.156948,Avocado,7.72,91.17,0.2,NORMAL,2026-09-10,17,40,5.0,13.0,85.0,95.0,0.0,0.0,0.0,0.0,0.0,0.0,Low,False,False,False,0.03341945,0.003341945,0.0,0.0,0.0,0.0,0.03,Low,False,180,0.45,18000,2.43,0.05,NORMAL_TRANSIT,False
CONT_002,2026-09-10 17:40:29.162115,Mango,10.55,86.9,0.06,NORMAL,2026-09-10,17,40,10.0,13.0,85.0,90.0,0.0,0.0,0.0,0.0,0.0,0.0,Low,False,False,False,0.0040041666666666,0.0004004166666666,0.0,0.0,0.0,0.0,0.0,Low,False,140,0.4,14000,0.0,0.0,NORMAL_TRANSIT,False
CONT_002,2026-09-10 17:40:29.402365,Avocado,8.1,87.14,0.1,NORMAL,2026-09-10,17,40,5.0,13.0,85.0,95.0,0.0,0.0,0.0,0.0,0.0,0.0,Low,False,False,False,0.0325130666666666,0.0032513066666666,0.0,0.0,0.0,0.0,0.03,Low,False,180,0.45,18000,2.43,0.05,NORMAL_TRANSIT,False
CONT_002,2026-09-10 17:40:31.353149,Avocado,-1.92,63.09,0.48,ANOMALY,2026-09-10,17,40,5.0,13.0,85.0,95.0,6.92,21.91,1.0,1.0,0.6999999999999998,92.5,Critical,True,True,True,0.0333637666666666,0.0033363766666666,0.925,1.0,1.0,0.6999999999999998,83.66,Critical,True,180,0.45,18000,6776.46,150.59,URGENT_REROUTE,True
CONT_002,2026-09-10 17:40:33.354975,Avocado,10.9,89.17,0.06,NORMAL,2026-09-10,17,40,5.0,13.0,85.0,95.0,0.0,0.0,0.0,0.0,0.0,0.0,Low,False,False,False,0.0771755166666666,0.0077175516666666,0.0,0.0,0.0,0.0,0.08,Low,False,180,0.45,18000,6.48,0.14,NORMAL_TRANSIT,False
CONT_002,2026-09-10 17:40:37.985506,Avocado,10.67,85.9,0.19,NORMAL,2026-09-10,17,40,5.0,13.0,85.0,95.0,0.0,0.0,0.0,0.0,0.0,0.0,Low,False,False,False,0.1728099833333333,0.0172809983333333,0.0,0.0,0.0,0.0,0.17,Low,False,180,0.45,18000,13.77,0.31,NORMAL_TRANSIT,False
CONT_002,2026-09-10 17:40:48.354105,Banana,18.68,100.0,0.37,ANOMALY,2026-09-10,17,40,13.0,14.0,85.0,95.0,4.68,5.0,0.936,0.25,0.4249999999999999,56.81,Medium,True,True,True,0.0005624,5.624e-05,0.5681,0.936,0.25,0.4249999999999999,52.29,Medium,False,70,0.35,7000,1281.1,36.6,MONITOR_CLOSELY,False
CONT_002,2026-09-10 17:40:48.387849,Avocado,3.58,63.99,0.21,WARNING,2026-09-10,17,40,5.0,13.0,85.0,95.0,1.42,21.01,0.284,1.0,0.0249999999999999,46.98,Medium,True,True,False,0.0337733999999999,0.0033773399999999,0.4698,0.284,1.0,0.0249999999999999,42.1,Medium,False,180,0.45,18000,3410.1,75.78,MONITOR_CLOSELY,False
CONT_002,2026-09-10 17:40:50.414253,Avocado,5.15,85.07,0.05,NORMAL,2026-09-10,17,40,5.0,13.0,85.0,95.0,0.0,0.0,0.0,0.0,0.0,0.0,Low,False,False,False,0.0667836333333333,0.0066783633333333,0.0,0.0,0.0,0.0,0.07,Low,False,180,0.45,18000,5.67,0.13,NORMAL_TRANSIT,False
CONT_002,2026-09-10 17:40:54.421271,Avocado,17.81,62.32,0.38,ANOMALY,2026-09-10,17,40,5.0,13.0,85.0,95.0,4.81,22.68,0.962,1.0,0.4499999999999999,84.73,Critical,True,True,True,0.0387542666666666,0.0038754266666666,0.8473,0.962,1.0,0.4499999999999999,76.91,High,True,180,0.45,18000,6229.71,138.44,PRIORITIZE_DELIVERY,True
CONT_002,2026-09-10 17:40:56.746527,Tomato,10.04,90.16,0.07,NORMAL,2026-09-10,17,40,10.0,12.0,85.0,95.0,0.0,0.0,0.0,0.0,0.0,0.0,Low,False,False,False,0.0558010833333333,0.0055801083333333,0.0,0.0,0.0,0.0,0.06,Low,False,60,0.3,6000,1.08,0.04,NORMAL_TRANSIT,False
CONT_002,2026-09-10 17:41:00.094592,Avocado,12.33,86.89,0.18,NORMAL,2026-09-10,17,41,5.0,13.0,85.0,95.0,0.0,0.0,0.0,0.0,0.0,0.0,Low,False,False,False,0.0015573333333333,0.0001557333333333,0.0,0.0,0.0,0.0,0.0,Low,False,180,0.45,18000,0.0,0.0,NORMAL_TRANSIT,False
CONT_002,2026-09-10 17:41:00.188032,Mango,5.33,61.89,0.58,ANOMALY,2026-09-10,17,41,10.0,13.0,85.0,90.0,4.67,23.11,0.934,1.0,0.9499999999999998,96.11,Critical,True,True,True,0.1021730333333333,0.0102173033333333,0.9611,0.934,1.0,0.9499999999999998,86.53,Critical,True,140,0.4,14000,4845.68,121.14,URGENT_REROUTE,True
CONT_002,2026-09-10 17:41:06.318414,Banana,13.45,92.89,0.06,NORMAL,2026-09-10,17,41,13.0,14.0,85.0,95.0,0.0,0.0,0.0,0.0,0.0,0.0,Low,False,False,False,0.2031877666666666,0.0203187766666666,0.0,0.0,0.0,0.0,0.2,Low,False,70,0.35,7000,4.9,0.14,NORMAL_TRANSIT,False
CONT_002,2026-09-10 17:41:18.509680,Mango,7.9,65.63,0.33,WARNING,2026-09-10,17,41,10.0,13.0,85.0,90.0,2.1,19.37,0.42,0.9685,0.325,58.82,Medium,True,True,False,0.1352442333333333,0.0135244233333333,0.5882000000000001,0.42,0.9685,0.325,52.78,Medium,False,140,0.4,14000,2955.68,73.89,MONITOR_CLOSELY,False
CONT_002,2026-09-10 17:41:26.624334,Avocado,9.8,91.1,0.06,NORMAL,2026-09-10,17,41,5.0,13.0,85.0,95.0,0.0,0.0,0.0,0.0,0.0,0.0,Low,False,False,False,0.06676455,0.006676455,0.0,0.0,0.0,0.0,0.07,Low,False,180,0.45,18000,5.67,0.13,NORMAL_TRANSIT,False
CONT_002,2026-09-10 17:41:30.630207,Tomato,11.3,87.35,0.09,NORMAL,2026-09-10,17,41,10.0,12.0,85.0,95.0,0.0,0.0,0.0,0.0,0.0,0.0,Low,False,False,False,0.06695175,0.006695175,0.0,0.0,0.0,0.0,0.07,Low,False,60,0.3,6000,1.26,0.04,NORMAL_TRANSIT,False
CONT_002,2026-09-10 17:41:34.647312,Tomato,7.92,68.52,0.29,WARNING,2026-09-10,17,41,10.0,12.0,85.0,95.0,2.08,16.48,0.416,0.8240000000000001,0.2249999999999999,51.1,Medium,True,True,False,0.1004294833333333,0.0100429483333333,0.511,0.416,0.8240000000000001,0.2249999999999999,46.03,Medium,False,60,0.3,6000,828.54,27.62,MONITOR_CLOSELY,False
CONT_002,2026-09-10 17:41:40.673081,Mango,10.86,87.8,0.15,NORMAL,2026-09-10,17,41,10.0,13.0,85.0,90.0,0.0,0.0,0.0,0.0,0.0,0.0,Low,False,False,False,0.1002735166666666,0.0100273516666666,0.0,0.0,0.0,0.0,0.1,Low,False,140,0.4,14000,5.6,0.14,NORMAL_TRANSIT,False
CONT_002,2026-09-10 17:41:46.689492,Mango,12.0,88.09,0.06,NORMAL,2026-09-10,17,41,10.0,13.0,85.0,90.0,0.0,0.0,0.0,0.0,0.0,0.0,Low,False,False,False,0.17219585,0.017219585,0.0,0.0,0.0,0.0,0.17,Low,False,140,0.4,14000,9.52,0.24,NORMAL_TRANSIT,False
CONT_002,2026-09-10 17:41:57.021243,Mango,12.8,85.78,0.05,NORMAL,2026-09-10,17,41,10.0,13.0,85.0,90.0,0.0,0.0,0.0,0.0,0.0,0.0,Low,False,False,False,0.0002281333333333,2.281333333333333e-05,0.0,0.0,0.0,0.0,0.0,Low,False,140,0.4,14000,0.0,0.0,NORMAL_TRANSIT,False
CONT_002,2026-09-10 17:41:57.034931,Mango,15.13,100.0,0.28,WARNING,2026-09-10,17,41,10.0,13.0,85.0,90.0,2.13,10.0,0.426,0.5,0.2,39.54,Medium,True,True,False,0.2026406,0.02026406,0.3954,0.426,0.5,0.2,36.02,Medium,False,140,0.4,14000,2017.12,50.43,NORMAL_TRANSIT,False
CONT_002,2026-09-10 17:42:09.193367,Banana,13.73,90.28,0.08,NORMAL,2026-09-10,17,42,13.0,14.0,85.0,95.0,0.0,0.0,0.0,0.0,0.0,0.0,Low,False,False,False,0.0333903833333333,0.0033390383333333,0.0,0.0,0.0,0.0,0.03,Low,False,70,0.35,7000,0.74,0.02,NORMAL_TRANSIT,False
CONT_002,2026-09-10 17:42:11.196790,Mango,15.71,100.0,0.29,WARNING,2026-09-10,17,42,10.0,13.0,85.0,90.0,2.71,10.0,0.542,0.5,0.2249999999999999,44.8,Medium,True,True,False,0.03338175,0.003338175,0.4479999999999999,0.542,0.5,0.2249999999999999,40.78,Medium,False,140,0.4,14000,2283.68,57.09,MONITOR_CLOSELY,False
CONT_002,2026-09-10 17:42:13.199695,Mango,8.92,100.0,0.23,WARNING,2026-09-10,17,42,10.0,13.0,85.0,90.0,1.08,10.0,0.216,0.5,0.075,28.02,Medium,True,True,False,0.03350315,0.003350315,0.2802,0.216,0.5,0.075,25.21,Medium,False,140,0.4,14000,1411.76,35.29,NORMAL_TRANSIT,False
CONT_002,2026-09-10 17:42:15.209884,Banana,13.29,89.67,0.16,NORMAL,2026-09-10,17,42,13.0,14.0,85.0,95.0,0.0,0.0,0.0,0.0,0.0,0.0,Low,False,False,False,0.1001033,0.01001033,0.0,0.0,0.0,0.0,0.1,Low,False,70,0.35,7000,2.45,0.07,NORMAL_TRANSIT,False
CONT_002,2026-09-10 17:42:21.216082,Mango,11.56,85.56,0.1,NORMAL,2026-09-10,17,42,10.0,13.0,85.0,90.0,0.0,0.0,0.0,0.0,0.0,0.0,Low,False,False,False,0.0333699166666666,0.0033369916666666,0.0,0.0,0.0,0.0,0.03,Low,False,140,0.4,14000,1.68,0.04,NORMAL_TRANSIT,False
CONT_002,2026-09-10 17:42:23.218277,Avocado,15.61,100.0,0.22,WARNING,2026-09-10,17,42,5.0,13.0,85.0,95.0,2.61,5.0,0.522,0.25,0.0499999999999999,30.88,Medium,True,True,False,0.0336503666666666,0.0033650366666666,0.3087999999999999,0.522,0.25,0.0499999999999999,28.62,Medium,False,180,0.45,18000,2318.22,51.52,NORMAL_TRANSIT,False
CONT_002,2026-09-10 17:42:25.237299,Mango,6.48,100.0,0.58,ANOMALY,2026-09-10,17,42,10.0,13.0,85.0,90.0,3.52,10.0,0.704,0.5,0.9499999999999998,69.41,High,True,True,True,0.0338390499999999,0.0033839049999999,0.6940999999999999,0.704,0.5,0.9499999999999998,62.35,High,True,140,0.4,14000,3491.6,87.29,PRIORITIZE_DELIVERY,True
CONT_002,2026-09-10 17:42:27.267642,Mango,11.78,85.09,0.15,NORMAL,2026-09-10,17,42,10.0,13.0,85.0,90.0,0.0,0.0,0.0,0.0,0.0,0.0,Low,False,False,False,0.2004951166666666,0.0200495116666666,0.0,0.0,0.0,0.0,0.2,Low,False,140,0.4,14000,11.2,0.28,NORMAL_TRANSIT,False
CONT_002,2026-09-10 17:42:39.297349,Tomato,11.53,85.47,0.16,NORMAL,2026-09-10,17,42,10.0,12.0,85.0,95.0,0.0,0.0,0.0,0.0,0.0,0.0,Low,False,False,False,0.066772,0.0066771999999999,0.0,0.0,0.0,0.0,0.07,Low,False,60,0.3,6000,1.26,0.04,NORMAL_TRANSIT,False
CONT_002,2026-09-10 17:42:43.303669,Avocado,11.41,94.09,0.18,NORMAL,2026-09-10,17,42,5.0,13.0,85.0,95.0,0.0,0.0,0.0,0.0,0.0,0.0,Low,False,False,False,0.0668470999999999,0.0066847099999999,0.0,0.0,0.0,0.0,0.07,Low,False,180,0.45,18000,5.67,0.13,NORMAL_TRANSIT,False
CONT_002,2026-09-10 17:42:47.314495,Avocado,7.1,89.0,0.14,NORMAL,2026-09-10,17,42,5.0,13.0,85.0,95.0,0.0,0.0,0.0,0.0,0.0,0.0,Low,False,False,False,0.2437408666666666,0.0243740866666666,0.0,0.0,0.0,0.0,0.24,Low,False,180,0.45,18000,19.44,0.43,NORMAL_TRANSIT,False
CONT_002,2026-09-10 17:43:01.938947,Banana,13.47,93.96,0.18,NORMAL,2026-09-10,17,43,13.0,14.0,85.0,95.0,0.0,0.0,0.0,0.0,0.0,0.0,Low,False,False,False,0.0669217166666666,0.0066921716666666,0.0,0.0,0.0,0.0,0.07,Low,False,70,0.35,7000,1.72,0.05,NORMAL_TRANSIT,False
CONT_002,2026-09-10 17:43:05.954250,Mango,12.46,89.53,0.1,NORMAL,2026-09-10,17,43,10.0,13.0,85.0,90.0,0.0,0.0,0.0,0.0,0.0,0.0,Low,False,False,False,0.0003012833333333,3.012833333333333e-05,0.0,0.0,0.0,0.0,0.0,Low,False,140,0.4,14000,0.0,0.0,NORMAL_TRANSIT,False
CONT_002,2026-09-10 17:43:05.972327,Tomato,11.13,93.18,0.07,NORMAL,2026-09-10,17,43,10.0,12.0,85.0,95.0,0.0,0.0,0.0,0.0,0.0,0.0,Low,False,False,False,0.0330771333333333,0.0033077133333333,0.0,0.0,0.0,0.0,0.03,Low,False,60,0.3,6000,0.54,0.02,NORMAL_TRANSIT,False
CONT_002,2026-09-10 17:43:07.956955,Avocado,8.56,86.4,0.07,NORMAL,2026-09-10,17,43,5.0,13.0,85.0,95.0,0.0,0.0,0.0,0.0,0.0,0.0,Low,False,False,False,0.10049875,0.010049875,0.0,0.0,0.0,0.0,0.1,Low,False,180,0.45,18000,8.1,0.18,NORMAL_TRANSIT,False
CONT_002,2026-09-10 17:43:13.986880,Avocado,7.04,89.34,0.15,NORMAL,2026-09-10,17,43,5.0,13.0,85.0,95.0,0.0,0.0,0.0,0.0,0.0,0.0,Low,False,False,False,0.0333819,0.00333819,0.0,0.0,0.0,0.0,0.03,Low,False,180,0.45,18000,2.43,0.05,NORMAL_TRANSIT,False
CONT_002,2026-09-10 17:43:15.989794,Avocado,7.31,89.79,0.19,NORMAL,2026-09-10,17,43,5.0,13.0,85.0,95.0,0.0,0.0,0.0,0.0,0.0,0.0,Low,False,False,False,0.07015155,0.007015155,0.0,0.0,0.0,0.0,0.07,Low,False,180,0.45,18000,5.67,0.13,NORMAL_TRANSIT,False
CONT_002,2026-09-10 17:43:20.198887,Banana,11.58,100.0,0.33,WARNING,2026-09-10,17,43,13.0,14.0,85.0,95.0,1.42,5.0,0.284,0.25,0.325,28.24,Medium,True,True,False,0.11250985,0.011250985,0.2824,0.284,0.25,0.325,25.5,Medium,False,70,0.35,7000,624.75,17.85,NORMAL_TRANSIT,False
CONT_002,2026-09-10 17:43:26.949478,Mango,15.56,73.39,0.32,WARNING,2026-09-10,17,43,10.0,13.0,85.0,90.0,2.56,11.61,0.512,0.5805,0.3,48.3,Medium,True,True,False,0.0669427166666666,0.0066942716666666,0.483,0.512,0.5805,0.3,43.75,Medium,False,140,0.4,14000,2450.0,61.25,MONITOR_CLOSELY,False
CONT_002,2026-09-10 17:43:30.966041,Banana,13.86,87.72,0.06,NORMAL,2026-09-10,17,43,13.0,14.0,85.0,95.0,0.0,0.0,0.0,0.0,0.0,0.0,Low,False,False,False,0.1727626833333333,0.0172762683333333,0.0,0.0,0.0,0.0,0.17,Low,False,70,0.35,7000,4.16,0.12,NORMAL_TRANSIT,False
CONT_002,2026-09-10 17:43:41.331802,Mango,11.34,87.8,0.17,NORMAL,2026-09-10,17,43,10.0,13.0,85.0,90.0,0.0,0.0,0.0,0.0,0.0,0.0,Low,False,False,False,0.0281099833333333,0.0028109983333333,0.0,0.0,0.0,0.0,0.03,Low,False,140,0.4,14000,1.68,0.04,NORMAL_TRANSIT,False
CONT_002,2026-09-10 17:43:43.018401,Avocado,6.98,85.22,0.17,NORMAL,2026-09-10,17,43,5.0,13.0,85.0,95.0,0.0,0.0,0.0,0.0,0.0,0.0,Low,False,False,False,0.0721151833333333,0.0072115183333333,0.0,0.0,0.0,0.0,0.07,Low,False,180,0.45,18000,5.67,0.13,NORMAL_TRANSIT,False
CONT_002,2026-09-10 17:43:47.345312,Tomato,8.87,100.0,0.21,WARNING,2026-09-10,17,43,10.0,12.0,85.0,95.0,1.13,5.0,0.2259999999999999,0.25,0.0249999999999999,18.42,Low,True,True,False,0.12837235,0.0128372349999999,0.1842,0.2259999999999999,0.25,0.0249999999999999,16.94,Low,False,60,0.3,6000,304.92,10.16,NORMAL_TRANSIT,False
CONT_002,2026-09-10 17:43:55.047653,Banana,11.44,100.0,0.29,WARNING,2026-09-10,17,43,13.0,14.0,85.0,95.0,1.56,5.0,0.312,0.25,0.2249999999999999,26.85,Medium,True,True,False,0.0333705333333333,0.0033370533333333,0.2685,0.312,0.25,0.2249999999999999,24.36,Low,False,70,0.35,7000,596.82,17.05,NORMAL_TRANSIT,False
CONT_002,2026-09-10 17:43:57.049885,Banana,11.87,100.0,0.27,WARNING,2026-09-10,17,43,13.0,14.0,85.0,95.0,1.13,5.0,0.2259999999999999,0.25,0.175,22.17,Low,True,True,False,0.0729598166666666,0.0072959816666666,0.2217,0.2259999999999999,0.25,0.175,20.07,Low,False,70,0.35,7000,491.72,14.05,NORMAL_TRANSIT,False
CONT_002,2026-09-10 17:44:01.427474,Mango,7.02,100.0,0.22,WARNING,2026-09-10,17,44,10.0,13.0,85.0,90.0,2.98,10.0,0.596,0.5,0.0499999999999999,42.59,Medium,True,True,False,0.03344985,0.003344985,0.4259,0.596,0.5,0.0499999999999999,39.12,Medium,False,140,0.4,14000,2190.72,54.77,NORMAL_TRANSIT,False
CONT_002,2026-09-10 17:44:03.434465,Mango,12.78,86.65,0.09,NORMAL,2026-09-10,17,44,10.0,13.0,85.0,90.0,0.0,0.0,0.0,0.0,0.0,0.0,Low,False,False,False,0.0341308333333333,0.0034130833333333,0.0,0.0,0.0,0.0,0.03,Low,False,140,0.4,14000,1.68,0.04,NORMAL_TRANSIT,False
CONT_002,2026-09-10 17:44:05.482315,Tomato,10.39,85.02,0.18,NORMAL,2026-09-10,17,44,10.0,12.0,85.0,95.0,0.0,0.0,0.0,0.0,0.0,0.0,Low,False,False,False,0.3343416666666667,0.0334341666666666,0.0,0.0,0.0,0.0,0.33,Low,False,60,0.3,6000,5.94,0.2,NORMAL_TRANSIT,False
CONT_002,2026-09-10 17:44:25.542815,Mango,11.01,85.12,0.09,NORMAL,2026-09-10,17,44,10.0,13.0,85.0,90.0,0.0,0.0,0.0,0.0,0.0,0.0,Low,False,False,False,0.1974167166666666,0.0197416716666666,0.0,0.0,0.0,0.0,0.2,Low,False,140,0.4,14000,11.2,0.28,NORMAL_TRANSIT,False
CONT_002,2026-09-10 17:44:37.387818,Tomato,11.54,90.44,0.07,NORMAL,2026-09-10,17,44,10.0,12.0,85.0,95.0,0.0,0.0,0.0,0.0,0.0,0.0,Low,False,False,False,0.1006252166666666,0.0100625216666666,0.0,0.0,0.0,0.0,0.1,Low,False,60,0.3,6000,1.8,0.06,NORMAL_TRANSIT,False
CONT_002,2026-09-10 17:44:43.425331,Avocado,11.28,85.18,0.07,NORMAL,2026-09-10,17,44,5.0,13.0,85.0,95.0,0.0,0.0,0.0,0.0,0.0,0.0,Low,False,False,False,0.0368510166666666,0.0036851016666666,0.0,0.0,0.0,0.0,0.04,Low,False,180,0.45,18000,3.24,0.07,NORMAL_TRANSIT,False
CONT_002,2026-09-10 17:44:45.636392,Banana,16.21,72.47,0.23,WARNING,2026-09-10,17,44,13.0,14.0,85.0,95.0,2.21,12.53,0.442,0.6265,0.075,41.48,Medium,True,True,False,0.1336708999999999,0.0133670899999999,0.4147999999999999,0.442,0.6265,0.075,37.79,Medium,False,70,0.35,7000,925.86,26.45,NORMAL_TRANSIT,False
CONT_002,2026-09-10 17:44:53.656646,Banana,15.4,100.0,0.23,WARNING,2026-09-10,17,44,13.0,14.0,85.0,95.0,1.4,5.0,0.2799999999999999,0.25,0.075,21.82,Low,True,True,False,0.16702955,0.016702955,0.2182,0.2799999999999999,0.25,0.075,20.09,Low,False,70,0.35,7000,492.2,14.06,NORMAL_TRANSIT,False
CONT_002,2026-09-10 17:45:03.678419,Tomato,11.25,93.92,0.15,NORMAL,2026-09-10,17,45,10.0,12.0,85.0,95.0,0.0,0.0,0.0,0.0,0.0,0.0,Low,False,False,False,0.0314160166666666,0.0031416016666666,0.0,0.0,0.0,0.0,0.03,Low,False,60,0.3,6000,0.54,0.02,NORMAL_TRANSIT,False
CONT_002,2026-09-10 17:45:05.563380,Tomato,11.69,94.5,0.18,NORMAL,2026-09-10,17,45,10.0,12.0,85.0,95.0,0.0,0.0,0.0,0.0,0.0,0.0,Low,False,False,False,0.0333860999999999,0.0033386099999999,0.0,0.0,0.0,0.0,0.03,Low,False,60,0.3,6000,0.54,0.02,NORMAL_TRANSIT,False
CONT_002,2026-09-10 17:45:07.566546,Avocado,7.93,93.08,0.18,NORMAL,2026-09-10,17,45,5.0,13.0,85.0,95.0,0.0,0.0,0.0,0.0,0.0,0.0,Low,False,False,False,1.0267220833333333,0.1026722083333333,0.0,0.0,0.0,0.0,1.03,Low,False,180,0.45,18000,83.43,1.85,NORMAL_TRANSIT,False
CONT_002,2026-09-10 17:46:09.169871,Mango,12.79,86.3,0.09,NORMAL,2026-09-10,17,46,10.0,13.0,85.0,90.0,0.0,0.0,0.0,0.0,0.0,0.0,Low,False,False,False,0.1683175999999999,0.0168317599999999,0.0,0.0,0.0,0.0,0.17,Low,False,140,0.4,14000,9.52,0.24,NORMAL_TRANSIT,False
CONT_002,2026-09-10 17:46:19.268927,Mango,11.17,88.8,0.11,NORMAL,2026-09-10,17,46,10.0,13.0,85.0,90.0,0.0,0.0,0.0,0.0,0.0,0.0,Low,False,False,False,0.0674106,0.00674106,0.0,0.0,0.0,0.0,0.07,Low,False,140,0.4,14000,3.92,0.1,NORMAL_TRANSIT,False
CONT_002,2026-09-10 17:46:23.313563,Banana,13.57,85.52,0.05,NORMAL,2026-09-10,17,46,13.0,14.0,85.0,95.0,0.0,0.0,0.0,0.0,0.0,0.0,Low,False,False,False,0.0712598166666666,0.0071259816666666,0.0,0.0,0.0,0.0,0.07,Low,False,70,0.35,7000,1.72,0.05,NORMAL_TRANSIT,False
CONT_002,2026-09-10 17:46:27.589152,Mango,12.48,89.2,0.11,NORMAL,2026-09-10,17,46,10.0,13.0,85.0,90.0,0.0,0.0,0.0,0.0,0.0,0.0,Low,False,False,False,0.0356061666666666,0.0035606166666666,0.0,0.0,0.0,0.0,0.04,Low,False,140,0.4,14000,2.24,0.06,NORMAL_TRANSIT,False
CONT_002,2026-09-10 17:46:29.725522,Avocado,6.21,91.9,0.19,NORMAL,2026-09-10,17,46,5.0,13.0,85.0,95.0,0.0,0.0,0.0,0.0,0.0,0.0,Low,False,False,False,0.1002891666666666,0.0100289166666666,0.0,0.0,0.0,0.0,0.1,Low,False,180,0.45,18000,8.1,0.18,NORMAL_TRANSIT,False
CONT_002,2026-09-10 17:46:35.742872,Banana,13.96,85.17,0.09,NORMAL,2026-09-10,17,46,13.0,14.0,85.0,95.0,0.0,0.0,0.0,0.0,0.0,0.0,Low,False,False,False,0.0669611666666666,0.0066961166666666,0.0,0.0,0.0,0.0,0.07,Low,False,70,0.35,7000,1.72,0.05,NORMAL_TRANSIT,False
CONT_002,2026-09-10 17:46:39.760542,Mango,12.19,87.75,0.18,NORMAL,2026-09-10,17,46,10.0,13.0,85.0,90.0,0.0,0.0,0.0,0.0,0.0,0.0,Low,False,False,False,0.06681745,0.006681745,0.0,0.0,0.0,0.0,0.07,Low,False,140,0.4,14000,3.92,0.1,NORMAL_TRANSIT,False
CONT_002,2026-09-10 17:46:43.769589,Banana,13.54,85.16,0.07,NORMAL,2026-09-10,17,46,13.0,14.0,85.0,95.0,0.0,0.0,0.0,0.0,0.0,0.0,Low,False,False,False,0.1333572833333333,0.0133357283333333,0.0,0.0,0.0,0.0,0.13,Low,False,70,0.35,7000,3.18,0.09,NORMAL_TRANSIT,False
CONT_002,2026-09-10 17:46:51.771026,Mango,12.29,85.23,0.2,NORMAL,2026-09-10,17,46,10.0,13.0,85.0,90.0,0.0,0.0,0.0,0.0,0.0,0.0,Low,False,False,False,0.0668267833333333,0.0066826783333333,0.0,0.0,0.0,0.0,0.07,Low,False,140,0.4,14000,3.92,0.1,NORMAL_TRANSIT,False
CONT_002,2026-09-10 17:46:55.780633,Tomato,10.04,91.66,0.1,NORMAL,2026-09-10,17,46,10.0,12.0,85.0,95.0,0.0,0.0,0.0,0.0,0.0,0.0,Low,False,False,False,0.17102735,0.017102735,0.0,0.0,0.0,0.0,0.17,Low,False,60,0.3,6000,3.06,0.1,NORMAL_TRANSIT,False
CONT_002,2026-09-10 17:47:06.042274,Mango,11.22,88.46,0.06,NORMAL,2026-09-10,17,47,10.0,13.0,85.0,90.0,0.0,0.0,0.0,0.0,0.0,0.0,Low,False,False,False,0.3688984333333333,0.0368898433333333,0.0,0.0,0.0,0.0,0.37,Low,False,140,0.4,14000,20.72,0.52,NORMAL_TRANSIT,False
CONT_002,2026-09-10 17:47:28.176180,Tomato,11.74,94.25,0.06,NORMAL,2026-09-10,17,47,10.0,12.0,85.0,95.0,0.0,0.0,0.0,0.0,0.0,0.0,Low,False,False,False,0.1669774833333333,0.0166977483333333,0.0,0.0,0.0,0.0,0.17,Low,False,60,0.3,6000,3.06,0.1,NORMAL_TRANSIT,False
CONT_002,2026-09-10 17:47:38.194829,Mango,15.45,100.0,0.21,WARNING,2026-09-10,17,47,10.0,13.0,85.0,90.0,2.45,10.0,0.49,0.5,0.0249999999999999,37.72,Medium,True,True,False,0.1001530666666666,0.0100153066666666,0.3772,0.49,0.5,0.0249999999999999,34.62,Medium,False,140,0.4,14000,1938.72,48.47,NORMAL_TRANSIT,False
CONT_002,2026-09-10 17:47:44.204013,Avocado,18.13,68.43,0.41,ANOMALY,2026-09-10,17,47,5.0,13.0,85.0,95.0,5.13,16.57,1.0,0.8285,0.5249999999999999,82.12,Critical,True,True,True,0.2493565666666666,0.0249356566666666,0.8212,1.0,0.8285,0.5249999999999999,74.88,High,True,180,0.45,18000,6065.28,134.78,PRIORITIZE_DELIVERY,True
CONT_002,2026-09-10 17:47:59.165407,Banana,13.88,90.12,0.08,NORMAL,2026-09-10,17,47,13.0,14.0,85.0,95.0,0.0,0.0,0.0,0.0,0.0,0.0,Low,False,False,False,0.0377096166666666,0.0037709616666666,0.0,0.0,0.0,0.0,0.04,Low,False,70,0.35,7000,0.98,0.03,NORMAL_TRANSIT,False
CONT_002,2026-09-10 17:48:01.427984,Avocado,15.98,73.98,0.32,WARNING,2026-09-10,17,48,5.0,13.0,85.0,95.0,2.98,11.02,0.596,0.5509999999999999,0.3,50.62,Medium,True,True,False,0.0333999166666666,0.0033399916666666,0.5062,0.596,0.5509999999999999,0.3,46.0,Medium,False,180,0.45,18000,3726.0,82.8,MONITOR_CLOSELY,False
CONT_002,2026-09-10 17:48:03.431979,Mango,12.92,88.32,0.09,NORMAL,2026-09-10,17,48,10.0,13.0,85.0,90.0,0.0,0.0,0.0,0.0,0.0,0.0,Low,False,False,False,0.3035593833333333,0.0303559383333333,0.0,0.0,0.0,0.0,0.3,Low,False,140,0.4,14000,16.8,0.42,NORMAL_TRANSIT,False
CONT_002,2026-09-10 17:48:21.645542,Tomato,10.81,85.64,0.18,NORMAL,2026-09-10,17,48,10.0,12.0,85.0,95.0,0.0,0.0,0.0,0.0,0.0,0.0,Low,False,False,False,0.0669774,0.00669774,0.0,0.0,0.0,0.0,0.07,Low,False,60,0.3,6000,1.26,0.04,NORMAL_TRANSIT,False
CONT_002,2026-09-10 17:48:25.664186,Tomato,11.78,92.07,0.12,NORMAL,2026-09-10,17,48,10.0,12.0,85.0,95.0,0.0,0.0,0.0,0.0,0.0,0.0,Low,False,False,False,0.0334136499999999,0.003341365,0.0,0.0,0.0,0.0,0.03,Low,False,60,0.3,6000,0.54,0.02,NORMAL_TRANSIT,False
CONT_002,2026-09-10 17:48:27.669005,Tomato,7.29,100.0,0.28,WARNING,2026-09-10,17,48,10.0,12.0,85.0,95.0,2.71,5.0,0.542,0.25,0.2,35.43,Medium,True,True,False,0.3876532,0.03876532,0.3543,0.542,0.25,0.2,32.92,Medium,False,60,0.3,6000,592.56,19.75,NORMAL_TRANSIT,False
CONT_002,2026-09-10 17:48:50.928197,Banana,13.37,92.21,0.08,NORMAL,2026-09-10,17,48,13.0,14.0,85.0,95.0,0.0,0.0,0.0,0.0,0.0,0.0,Low,False,False,False,0.1669643,0.01669643,0.0,0.0,0.0,0.0,0.17,Low,False,70,0.35,7000,4.16,0.12,NORMAL_TRANSIT,False
CONT_002,2026-09-10 17:49:00.946055,Banana,13.56,94.43,0.1,NORMAL,2026-09-10,17,49,13.0,14.0,85.0,95.0,0.0,0.0,0.0,0.0,0.0,0.0,Low,False,False,False,0.2091938166666666,0.0209193816666666,0.0,0.0,0.0,0.0,0.21,Low,False,70,0.35,7000,5.14,0.15,NORMAL_TRANSIT,False
CONT_002,2026-09-10 17:49:13.497684,Mango,10.87,87.06,0.15,NORMAL,2026-09-10,17,49,10.0,13.0,85.0,90.0,0.0,0.0,0.0,0.0,0.0,0.0,Low,False,False,False,0.0703507999999999,0.0070350799999999,0.0,0.0,0.0,0.0,0.07,Low,False,140,0.4,14000,3.92,0.1,NORMAL_TRANSIT,False
CONT_002,2026-09-10 17:49:17.718732,Avocado,12.82,85.5,0.17,NORMAL,2026-09-10,17,49,5.0,13.0,85.0,95.0,0.0,0.0,0.0,0.0,0.0,0.0,Low,False,False,False,0.4758093499999999,0.047580935,0.0,0.0,0.0,0.0,0.48,Low,False,180,0.45,18000,38.88,0.86,NORMAL_TRANSIT,False
CONT_002,2026-09-10 17:49:46.267293,Banana,13.69,86.58,0.15,NORMAL,2026-09-10,17,49,13.0,14.0,85.0,95.0,0.0,0.0,0.0,0.0,0.0,0.0,Low,False,False,False,0.1335723166666666,0.0133572316666666,0.0,0.0,0.0,0.0,0.13,Low,False,70,0.35,7000,3.18,0.09,NORMAL_TRANSIT,False
CONT_002,2026-09-10 17:49:54.281632,Banana,13.45,94.82,0.18,NORMAL,2026-09-10,17,49,13.0,14.0,85.0,95.0,0.0,0.0,0.0,0.0,0.0,0.0,Low,False,False,False,0.2337715833333333,0.0233771583333333,0.0,0.0,0.0,0.0,0.23,Low,False,70,0.35,7000,5.64,0.16,NORMAL_TRANSIT,False
CONT_002,2026-09-10 17:50:08.307927,Mango,11.08,88.24,0.1,NORMAL,2026-09-10,17,50,10.0,13.0,85.0,90.0,0.0,0.0,0.0,0.0,0.0,0.0,Low,False,False,False,0.20078995,0.020078995,0.0,0.0,0.0,0.0,0.2,Low,False,140,0.4,14000,11.2,0.28,NORMAL_TRANSIT,False
CONT_002,2026-09-10 17:50:20.355324,Mango,7.3,63.62,0.22,WARNING,2026-09-10,17,50,10.0,13.0,85.0,90.0,2.7,21.38,0.54,1.0,0.0499999999999999,57.85,Medium,True,True,False,0.1679846666666666,0.0167984666666666,0.5785,0.54,1.0,0.0499999999999999,52.5,Medium,False,140,0.4,14000,2940.0,73.5,MONITOR_CLOSELY,False
CONT_002,2026-09-10 17:50:30.434404,Banana,13.09,94.93,0.14,NORMAL,2026-09-10,17,50,13.0,14.0,85.0,95.0,0.0,0.0,0.0,0.0,0.0,0.0,Low,False,False,False,0.0334759666666666,0.0033475966666666,0.0,0.0,0.0,0.0,0.03,Low,False,70,0.35,7000,0.74,0.02,NORMAL_TRANSIT,False
CONT_002,2026-09-10 17:50:32.442962,Avocado,7.52,88.7,0.17,NORMAL,2026-09-10,17,50,5.0,13.0,85.0,95.0,0.0,0.0,0.0,0.0,0.0,0.0,Low,False,False,False,0.0334370499999999,0.0033437049999999,0.0,0.0,0.0,0.0,0.03,Low,False,180,0.45,18000,2.43,0.05,NORMAL_TRANSIT,False
CONT_002,2026-09-10 17:50:34.449185,Avocado,8.46,89.43,0.11,NORMAL,2026-09-10,17,50,5.0,13.0,85.0,95.0,0.0,0.0,0.0,0.0,0.0,0.0,Low,False,False,False,0.0336273666666666,0.0033627366666666,0.0,0.0,0.0,0.0,0.03,Low,False,180,0.45,18000,2.43,0.05,NORMAL_TRANSIT,False
CONT_002,2026-09-10 17:50:36.466827,Tomato,7.22,100.0,0.3,WARNING,2026-09-10,17,50,10.0,12.0,85.0,95.0,2.78,5.0,0.5559999999999999,0.25,0.2499999999999999,37.24,Medium,True,True,False,0.1337354333333333,0.0133735433333333,0.3724,0.5559999999999999,0.25,0.2499999999999999,34.26,Medium,False,60,0.3,6000,616.68,20.56,NORMAL_TRANSIT,False
CONT_002,2026-09-10 17:50:44.490953,Tomato,3.59,63.13,0.44,ANOMALY,2026-09-10,17,50,10.0,12.0,85.0,95.0,6.41,21.87,1.0,1.0,0.6,90.0,Critical,True,True,True,0.0367891666666666,0.0036789166666666,0.9,1.0,1.0,0.6,81.54,Critical,True,60,0.3,6000,1467.72,48.92,URGENT_REROUTE,False
CONT_002,2026-09-10 17:50:46.698303,Tomato,3.16,100.0,0.47,ANOMALY,2026-09-10,17,50,10.0,12.0,85.0,95.0,6.84,5.0,1.0,0.25,0.6749999999999998,65.62,High,True,True,True,0.3682466166666666,0.0368246616666666,0.6562,1.0,0.25,0.6749999999999998,60.4,High,True,60,0.3,6000,1087.2,36.24,PRIORITIZE_DELIVERY,False
CONT_002,2026-09-10 17:51:08.793100,Mango,10.84,85.98,0.07,NORMAL,2026-09-10,17,51,10.0,13.0,85.0,90.0,0.0,0.0,0.0,0.0,0.0,0.0,Low,False,False,False,2.0,0.2,0.0,0.0,0.0,0.0,2.0,Low,False,140,0.4,14000,112.0,2.8,NORMAL_TRANSIT,False
CONT_003,2026-09-10 17:39:42.903120,Mango,11.11,85.66,0.15,NORMAL,2026-09-10,17,39,10.0,13.0,85.0,90.0,0.0,0.0,0.0,0.0,0.0,0.0,Low,False,False,False,0.3344723666666667,0.0334472366666666,0.0,0.0,0.0,0.0,0.33,Low,False,140,0.4,14000,18.48,0.46,NORMAL_TRANSIT,False
CONT_003,2026-09-10 17:40:02.971462,Mango,10.02,88.32,0.17,NORMAL,2026-09-10,17,40,10.0,13.0,85.0,90.0,0.0,0.0,0.0,0.0,0.0,0.0,Low,False,False,False,0.0053796333333333,0.0005379633333333,0.0,0.0,0.0,0.0,0.01,Low,False,140,0.4,14000,0.56,0.01,NORMAL_TRANSIT,False
CONT_003,2026-09-10 17:40:03.294240,Avocado,6.88,86.68,0.14,NORMAL,2026-09-10,17,40,5.0,13.0,85.0,95.0,0.0,0.0,0.0,0.0,0.0,0.0,Low,False,False,False,0.0618131166666666,0.0061813116666666,0.0,0.0,0.0,0.0,0.06,Low,False,180,0.45,18000,4.86,0.11,NORMAL_TRANSIT,False
CONT_003,2026-09-10 17:40:07.003027,Avocado,7.24,94.16,0.14,NORMAL,2026-09-10,17,40,5.0,13.0,85.0,95.0,0.0,0.0,0.0,0.0,0.0,0.0,Low,False,False,False,0.0334640333333333,0.0033464033333333,0.0,0.0,0.0,0.0,0.03,Low,False,180,0.45,18000,2.43,0.05,NORMAL_TRANSIT,False
CONT_003,2026-09-10 17:40:09.010869,Avocado,10.34,88.73,0.14,NORMAL,2026-09-10,17,40,5.0,13.0,85.0,95.0,0.0,0.0,0.0,0.0,0.0,0.0,Low,False,False,False,0.1060748,0.0106074799999999,0.0,0.0,0.0,0.0,0.11,Low,False,180,0.45,18000,8.91,0.2,NORMAL_TRANSIT,False
CONT_003,2026-09-10 17:40:15.375357,Banana,13.02,87.48,0.19,NORMAL,2026-09-10,17,40,13.0,14.0,85.0,95.0,0.0,0.0,0.0,0.0,0.0,0.0,Low,False,False,False,0.09620195,0.009620195,0.0,0.0,0.0,0.0,0.1,Low,False,70,0.35,7000,2.45,0.07,NORMAL_TRANSIT,False
CONT_003,2026-09-10 17:40:21.147474,Tomato,10.4,85.93,0.13,NORMAL,2026-09-10,17,40,10.0,12.0,85.0,95.0,0.0,0.0,0.0,0.0,0.0,0.0,Low,False,False,False,0.0333863,0.00333863,0.0,0.0,0.0,0.0,0.03,Low,False,60,0.3,6000,0.54,0.02,NORMAL_TRANSIT,False
CONT_003,2026-09-10 17:40:23.150652,Avocado,11.91,87.51,0.11,NORMAL,2026-09-10,17,40,5.0,13.0,85.0,95.0,0.0,0.0,0.0,0.0,0.0,0.0,Low,False,False,False,0.1376531833333333,0.0137653183333333,0.0,0.0,0.0,0.0,0.14,Low,False,180,0.45,18000,11.34,0.25,NORMAL_TRANSIT,False
CONT_003,2026-09-10 17:40:31.409843,Mango,11.73,85.02,0.14,NORMAL,2026-09-10,17,40,10.0,13.0,85.0,90.0,0.0,0.0,0.0,0.0,0.0,0.0,Low,False,False,False,0.1019822666666666,0.0101982266666666,0.0,0.0,0.0,0.0,0.1,Low,False,140,0.4,14000,5.6,0.14,NORMAL_TRANSIT,False
CONT_003,2026-09-10 17:40:37.528779,Mango,10.18,86.75,0.17,NORMAL,2026-09-10,17,40,10.0,13.0,85.0,90.0,0.0,0.0,0.0,0.0,0.0,0.0,Low,False,False,False,0.1474386666666666,0.0147438666666666,0.0,0.0,0.0,0.0,0.15,Low,False,140,0.4,14000,8.4,0.21,NORMAL_TRANSIT,False
CONT_003,2026-09-10 17:40:46.375099,Mango,18.33,100.0,0.35,ANOMALY,2026-09-10,17,40,10.0,13.0,85.0,90.0,5.33,10.0,1.0,0.5,0.3749999999999999,66.88,High,True,True,False,0.39920015,0.039920015,0.6688,1.0,0.5,0.3749999999999999,61.75,High,True,140,0.4,14000,3458.0,86.45,PRIORITIZE_DELIVERY,True
CONT_003,2026-09-10 17:41:10.327108,Mango,11.42,88.6,0.17,NORMAL,2026-09-10,17,41,10.0,13.0,85.0,90.0,0.0,0.0,0.0,0.0,0.0,0.0,Low,False,False,False,0.03430085,0.003430085,0.0,0.0,0.0,0.0,0.03,Low,False,140,0.4,14000,1.68,0.04,NORMAL_TRANSIT,False
CONT_003,2026-09-10 17:41:12.385159,Tomato,11.87,91.26,0.12,NORMAL,2026-09-10,17,41,10.0,12.0,85.0,95.0,0.0,0.0,0.0,0.0,0.0,0.0,Low,False,False,False,0.0668313333333333,0.0066831333333333,0.0,0.0,0.0,0.0,0.07,Low,False,60,0.3,6000,1.26,0.04,NORMAL_TRANSIT,False
CONT_003,2026-09-10 17:41:16.395039,Banana,9.45,69.03,0.39,ANOMALY,2026-09-10,17,41,13.0,14.0,85.0,95.0,3.55,15.97,0.71,0.7985,0.475,68.22,High,True,True,True,0.0334087,0.00334087,0.6822,0.71,0.7985,0.475,61.66,High,True,70,0.35,7000,1510.67,43.16,PRIORITIZE_DELIVERY,False
CONT_003,2026-09-10 17:41:18.399561,Avocado,2.7,100.0,0.26,WARNING,2026-09-10,17,41,5.0,13.0,85.0,95.0,2.3,5.0,0.4599999999999999,0.25,0.15,30.9,Medium,True,True,False,0.0367204666666666,0.0036720466666666,0.309,0.4599999999999999,0.25,0.15,28.39,Medium,False,180,0.45,18000,2299.59,51.1,NORMAL_TRANSIT,False
CONT_003,2026-09-10 17:41:20.602789,Tomato,11.4,86.65,0.09,NORMAL,2026-09-10,17,41,10.0,12.0,85.0,95.0,0.0,0.0,0.0,0.0,0.0,0.0,Low,False,False,False,0.0336628166666666,0.0033662816666666,0.0,0.0,0.0,0.0,0.03,Low,False,60,0.3,6000,0.54,0.02,NORMAL_TRANSIT,False
CONT_003,2026-09-10 17:41:22.622558,Mango,12.6,89.98,0.12,NORMAL,2026-09-10,17,41,10.0,13.0,85.0,90.0,0.0,0.0,0.0,0.0,0.0,0.0,Low,False,False,False,0.0333192333333333,0.0033319233333333,0.0,0.0,0.0,0.0,0.03,Low,False,140,0.4,14000,1.68,0.04,NORMAL_TRANSIT,False
CONT_003,2026-09-10 17:41:24.621712,Mango,12.12,88.04,0.17,NORMAL,2026-09-10,17,41,10.0,13.0,85.0,90.0,0.0,0.0,0.0,0.0,0.0,0.0,Low,False,False,False,0.0668371666666666,0.0066837166666666,0.0,0.0,0.0,0.0,0.07,Low,False,140,0.4,14000,3.92,0.1,NORMAL_TRANSIT,False
CONT_003,2026-09-10 17:41:28.631942,Avocado,12.55,94.59,0.12,NORMAL,2026-09-10,17,41,5.0,13.0,85.0,95.0,0.0,0.0,0.0,0.0,0.0,0.0,Low,False,False,False,0.0333700666666666,0.0033370066666666,0.0,0.0,0.0,0.0,0.03,Low,False,180,0.45,18000,2.43,0.05,NORMAL_TRANSIT,False
CONT_003,2026-09-10 17:41:30.634146,Tomato,11.44,87.1,0.05,NORMAL,2026-09-10,17,41,10.0,12.0,85.0,95.0,0.0,0.0,0.0,0.0,0.0,0.0,Low,False,False,False,0.03342945,0.003342945,0.0,0.0,0.0,0.0,0.03,Low,False,60,0.3,6000,0.54,0.02,NORMAL_TRANSIT,False
CONT_003,2026-09-10 17:41:32.639913,Avocado,9.89,85.1,0.17,NORMAL,2026-09-10,17,41,5.0,13.0,85.0,95.0,0.0,0.0,0.0,0.0,0.0,0.0,Low,False,False,False,0.1003565333333333,0.0100356533333333,0.0,0.0,0.0,0.0,0.1,Low,False,180,0.45,18000,8.1,0.18,NORMAL_TRANSIT,False
CONT_003,2026-09-10 17:41:38.661305,Banana,9.68,100.0,0.46,ANOMALY,2026-09-10,17,41,13.0,14.0,85.0,95.0,3.32,5.0,0.6639999999999999,0.25,0.65,51.56,Medium,True,True,True,9.108333333333334e-05,9.108333333333334e-06,0.5156000000000001,0.6639999999999999,0.25,0.65,46.73,Medium,False,70,0.35,7000,1144.88,32.71,MONITOR_CLOSELY,False
CONT_003,2026-09-10 17:41:38.666770,Avocado,17.56,67.05,0.47,ANOMALY,2026-09-10,17,41,5.0,13.0,85.0,95.0,4.56,17.95,0.912,0.8975,0.6749999999999998,84.77,Critical,True,True,True,0.1001707,0.01001707,0.8477,0.912,0.8975,0.6749999999999998,76.7,High,True,180,0.45,18000,6212.7,138.06,PRIORITIZE_DELIVERY,True
CONT_003,2026-09-10 17:41:44.677012,Tomato,3.89,100.0,0.56,ANOMALY,2026-09-10,17,41,10.0,12.0,85.0,95.0,6.11,5.0,1.0,0.25,0.9,71.25,High,True,True,True,0.0334371666666666,0.0033437166666666,0.7125,1.0,0.25,0.9,64.85,High,True,60,0.3,6000,1167.3,38.91,PRIORITIZE_DELIVERY,False
CONT_003,2026-09-10 17:41:46.683242,Avocado,16.12,100.0,0.46,ANOMALY,2026-09-10,17,41,5.0,13.0,85.0,95.0,3.12,5.0,0.624,0.25,0.65,49.96,Medium,True,True,True,0.0668495,0.00668495,0.4996,0.624,0.25,0.65,45.28,Medium,False,180,0.45,18000,3667.68,81.5,MONITOR_CLOSELY,False
CONT_003,2026-09-10 17:41:50.694212,Banana,13.15,88.95,0.17,NORMAL,2026-09-10,17,41,13.0,14.0,85.0,95.0,0.0,0.0,0.0,0.0,0.0,0.0,Low,False,False,False,0.071874,0.0071873999999999,0.0,0.0,0.0,0.0,0.07,Low,False,70,0.35,7000,1.72,0.05,NORMAL_TRANSIT,False
CONT_003,2026-09-10 17:41:55.006652,Banana,13.03,88.93,0.12,NORMAL,2026-09-10,17,41,13.0,14.0,85.0,95.0,0.0,0.0,0.0,0.0,0.0,0.0,Low,False,False,False,0.0679041666666666,0.0067904166666666,0.0,0.0,0.0,0.0,0.07,Low,False,70,0.35,7000,1.72,0.05,NORMAL_TRANSIT,False
CONT_003,2026-09-10 17:41:59.080902,Avocado,5.79,89.41,0.13,NORMAL,2026-09-10,17,41,5.0,13.0,85.0,95.0,0.0,0.0,0.0,0.0,0.0,0.0,Low,False,False,False,0.03342995,0.003342995,0.0,0.0,0.0,0.0,0.03,Low,False,180,0.45,18000,2.43,0.05,NORMAL_TRANSIT,False
CONT_003,2026-09-10 17:42:01.086699,Avocado,6.61,88.62,0.07,NORMAL,2026-09-10,17,42,5.0,13.0,85.0,95.0,0.0,0.0,0.0,0.0,0.0,0.0,Low,False,False,False,0.0337202166666666,0.0033720216666666,0.0,0.0,0.0,0.0,0.03,Low,False,180,0.45,18000,2.43,0.05,NORMAL_TRANSIT,False
CONT_003,2026-09-10 17:42:03.109912,Banana,10.3,100.0,0.22,WARNING,2026-09-10,17,42,13.0,14.0,85.0,95.0,2.7,5.0,0.54,0.25,0.0499999999999999,31.6,Medium,True,True,False,0.1348995833333333,0.0134899583333333,0.316,0.54,0.25,0.0499999999999999,29.4,Medium,False,70,0.35,7000,720.3,20.58,NORMAL_TRANSIT,False
CONT_003,2026-09-10 17:42:11.203887,Banana,13.53,92.08,0.08,NORMAL,2026-09-10,17,42,13.0,14.0,85.0,95.0,0.0,0.0,0.0,0.0,0.0,0.0,Low,False,False,False,0.2004869666666666,0.0200486966666666,0.0,0.0,0.0,0.0,0.2,Low,False,70,0.35,7000,4.9,0.14,NORMAL_TRANSIT,False
CONT_003,2026-09-10 17:42:23.233105,Tomato,11.39,92.64,0.19,NORMAL,2026-09-10,17,42,10.0,12.0,85.0,95.0,0.0,0.0,0.0,0.0,0.0,0.0,Low,False,False,False,0.2008461,0.02008461,0.0,0.0,0.0,0.0,0.2,Low,False,60,0.3,6000,3.6,0.12,NORMAL_TRANSIT,False
CONT_003,2026-09-10 17:42:35.283871,Banana,13.99,87.94,0.16,NORMAL,2026-09-10,17,42,13.0,14.0,85.0,95.0,0.0,0.0,0.0,0.0,0.0,0.0,Low,False,False,False,0.1002097166666666,0.0100209716666666,0.0,0.0,0.0,0.0,0.1,Low,False,70,0.35,7000,2.45,0.07,NORMAL_TRANSIT,False
CONT_003,2026-09-10 17:42:41.296454,Banana,13.36,91.3,0.18,NORMAL,2026-09-10,17,42,13.0,14.0,85.0,95.0,0.0,0.0,0.0,0.0,0.0,0.0,Low,False,False,False,0.0333928666666666,0.0033392866666666,0.0,0.0,0.0,0.0,0.03,Low,False,70,0.35,7000,0.74,0.02,NORMAL_TRANSIT,False
CONT_003,2026-09-10 17:42:43.300026,Tomato,7.79,61.99,0.31,WARNING,2026-09-10,17,42,10.0,12.0,85.0,95.0,2.21,23.01,0.442,1.0,0.2749999999999999,59.55,Medium,True,True,False,0.0334305833333333,0.0033430583333333,0.5954999999999999,0.442,1.0,0.2749999999999999,53.42,Medium,False,60,0.3,6000,961.56,32.05,MONITOR_CLOSELY,False
CONT_003,2026-09-10 17:42:45.305861,Avocado,8.88,89.13,0.15,NORMAL,2026-09-10,17,42,5.0,13.0,85.0,95.0,0.0,0.0,0.0,0.0,0.0,0.0,Low,False,False,False,0.0668357166666666,0.0066835716666666,0.0,0.0,0.0,0.0,0.07,Low,False,180,0.45,18000,5.67,0.13,NORMAL_TRANSIT,False
CONT_003,2026-09-10 17:42:49.316004,Mango,12.86,88.59,0.09,NORMAL,2026-09-10,17,42,10.0,13.0,85.0,90.0,0.0,0.0,0.0,0.0,0.0,0.0,Low,False,False,False,0.0334060166666666,0.0033406016666666,0.0,0.0,0.0,0.0,0.03,Low,False,140,0.4,14000,1.68,0.04,NORMAL_TRANSIT,False
CONT_003,2026-09-10 17:42:51.320365,Banana,13.15,94.31,0.09,NORMAL,2026-09-10,17,42,13.0,14.0,85.0,95.0,0.0,0.0,0.0,0.0,0.0,0.0,Low,False,False,False,0.1101344166666666,0.0110134416666666,0.0,0.0,0.0,0.0,0.11,Low,False,70,0.35,7000,2.7,0.08,NORMAL_TRANSIT,False
CONT_003,2026-09-10 17:42:57.928430,Tomato,11.04,92.24,0.16,NORMAL,2026-09-10,17,42,10.0,12.0,85.0,95.0,0.0,0.0,0.0,0.0,0.0,0.0,Low,False,False,False,0.2008690666666666,0.0200869066666666,0.0,0.0,0.0,0.0,0.2,Low,False,60,0.3,6000,3.6,0.12,NORMAL_TRANSIT,False
CONT_003,2026-09-10 17:43:09.980574,Tomato,10.68,94.61,0.07,NORMAL,2026-09-10,17,43,10.0,12.0,85.0,95.0,0.0,0.0,0.0,0.0,0.0,0.0,Low,False,False,False,0.17060435,0.017060435,0.0,0.0,0.0,0.0,0.17,Low,False,60,0.3,6000,3.06,0.1,NORMAL_TRANSIT,False
CONT_003,2026-09-10 17:43:20.216835,Tomato,11.59,94.84,0.12,NORMAL,2026-09-10,17,43,10.0,12.0,85.0,95.0,0.0,0.0,0.0,0.0,0.0,0.0,Low,False,False,False,0.0767563166666666,0.0076756316666666,0.0,0.0,0.0,0.0,0.08,Low,False,60,0.3,6000,1.44,0.05,NORMAL_TRANSIT,False
CONT_003,2026-09-10 17:43:24.822214,Mango,4.8,100.0,0.4,ANOMALY,2026-09-10,17,43,10.0,13.0,85.0,90.0,5.2,10.0,1.0,0.5,0.5,70.0,High,True,True,True,0.0688416333333333,0.0068841633333333,0.7,1.0,0.5,0.5,64.07,High,True,140,0.4,14000,3587.92,89.7,PRIORITIZE_DELIVERY,True
CONT_003,2026-09-10 17:43:28.952712,Mango,12.37,86.74,0.07,NORMAL,2026-09-10,17,43,10.0,13.0,85.0,90.0,0.0,0.0,0.0,0.0,0.0,0.0,Low,False,False,False,0.0001092166666666,1.0921666666666666e-05,0.0,0.0,0.0,0.0,0.0,Low,False,140,0.4,14000,0.0,0.0,NORMAL_TRANSIT,False
CONT_003,2026-09-10 17:43:28.959265,Mango,12.81,88.93,0.06,NORMAL,2026-09-10,17,43,10.0,13.0,85.0,90.0,0.0,0.0,0.0,0.0,0.0,0.0,Low,False,False,False,0.0668708166666666,0.0066870816666666,0.0,0.0,0.0,0.0,0.07,Low,False,140,0.4,14000,3.92,0.1,NORMAL_TRANSIT,False
CONT_003,2026-09-10 17:43:32.971514,Avocado,15.74,71.89,0.32,WARNING,2026-09-10,17,43,5.0,13.0,85.0,95.0,2.74,13.11,0.548,0.6555,0.3,52.36,Medium,True,True,False,0.1059499666666666,0.0105949966666666,0.5236,0.548,0.6555,0.3,47.46,Medium,False,180,0.45,18000,3844.26,85.43,MONITOR_CLOSELY,False
CONT_003,2026-09-10 17:43:39.328512,Banana,13.29,89.59,0.2,NORMAL,2026-09-10,17,43,13.0,14.0,85.0,95.0,0.0,0.0,0.0,0.0,0.0,0.0,Low,False,False,False,0.12838735,0.012838735,0.0,0.0,0.0,0.0,0.13,Low,False,70,0.35,7000,3.18,0.09,NORMAL_TRANSIT,False
CONT_003,2026-09-10 17:43:47.031753,Avocado,6.36,91.0,0.07,NORMAL,2026-09-10,17,43,5.0,13.0,85.0,95.0,0.0,0.0,0.0,0.0,0.0,0.0,Low,False,False,False,0.0333794833333333,0.0033379483333333,0.0,0.0,0.0,0.0,0.03,Low,False,180,0.45,18000,2.43,0.05,NORMAL_TRANSIT,False
CONT_003,2026-09-10 17:43:49.034522,Banana,13.0,88.04,0.07,NORMAL,2026-09-10,17,43,13.0,14.0,85.0,95.0,0.0,0.0,0.0,0.0,0.0,0.0,Low,False,False,False,0.4080450166666666,0.0408045016666666,0.0,0.0,0.0,0.0,0.41,Low,False,70,0.35,7000,10.04,0.29,NORMAL_TRANSIT,False
CONT_003,2026-09-10 17:44:13.517223,Tomato,10.91,87.24,0.1,NORMAL,2026-09-10,17,44,10.0,12.0,85.0,95.0,0.0,0.0,0.0,0.0,0.0,0.0,Low,False,False,False,0.1283583166666666,0.0128358316666666,0.0,0.0,0.0,0.0,0.13,Low,False,60,0.3,6000,2.34,0.08,NORMAL_TRANSIT,False
CONT_003,2026-09-10 17:44:21.218722,Tomato,11.12,85.7,0.16,NORMAL,2026-09-10,17,44,10.0,12.0,85.0,95.0,0.0,0.0,0.0,0.0,0.0,0.0,Low,False,False,False,0.0386446833333333,0.0038644683333333,0.0,0.0,0.0,0.0,0.04,Low,False,60,0.3,6000,0.72,0.02,NORMAL_TRANSIT,False
CONT_003,2026-09-10 17:44:23.537403,Banana,10.21,74.1,0.21,WARNING,2026-09-10,17,44,13.0,14.0,85.0,95.0,2.79,10.9,0.558,0.545,0.0249999999999999,42.02,Medium,True,True,False,0.100193,0.0100193,0.4202,0.558,0.545,0.0249999999999999,38.59,Medium,False,70,0.35,7000,945.46,27.01,NORMAL_TRANSIT,False
CONT_003,2026-09-10 17:44:29.548983,Mango,16.43,67.88,0.35,ANOMALY,2026-09-10,17,44,10.0,13.0,85.0,90.0,3.43,17.12,0.686,0.8560000000000001,0.3749999999999999,66.78,High,True,True,False,0.0636256666666666,0.0063625666666666,0.6678000000000001,0.686,0.8560000000000001,0.3749999999999999,60.42,High,True,140,0.4,14000,3383.52,84.59,PRIORITIZE_DELIVERY,True
CONT_003,2026-09-10 17:44:33.366523,Mango,7.84,72.87,0.29,WARNING,2026-09-10,17,44,10.0,13.0,85.0,90.0,2.16,12.13,0.432,0.6065,0.2249999999999999,44.13,Medium,True,True,False,0.0031345666666666,0.0003134566666666,0.4413,0.432,0.6065,0.2249999999999999,39.85,Medium,False,140,0.4,14000,2231.6,55.79,NORMAL_TRANSIT,False
CONT_003,2026-09-10 17:44:33.554597,Tomato,16.06,100.0,0.49,ANOMALY,2026-09-10,17,44,10.0,12.0,85.0,95.0,4.06,5.0,0.8119999999999999,0.25,0.7249999999999999,59.36,Medium,True,True,True,0.0974887,0.00974887,0.5936,0.8119999999999999,0.25,0.7249999999999999,54.05,Medium,False,60,0.3,6000,972.9,32.43,MONITOR_CLOSELY,False
CONT_003,2026-09-10 17:44:39.403919,Mango,10.41,89.9,0.07,NORMAL,2026-09-10,17,44,10.0,13.0,85.0,90.0,0.0,0.0,0.0,0.0,0.0,0.0,Low,False,False,False,0.0034675166666666,0.0003467516666666,0.0,0.0,0.0,0.0,0.0,Low,False,140,0.4,14000,0.0,0.0,NORMAL_TRANSIT,False
CONT_003,2026-09-10 17:44:39.611970,Tomato,7.23,100.0,0.2,WARNING,2026-09-10,17,44,10.0,12.0,85.0,95.0,2.77,5.0,0.554,0.25,0.0,30.91,Medium,True,True,False,0.2304607333333333,0.0230460733333333,0.3091,0.554,0.25,0.0,28.97,Medium,False,60,0.3,6000,521.46,17.38,NORMAL_TRANSIT,False
CONT_003,2026-09-10 17:44:53.439614,Banana,13.46,86.01,0.13,NORMAL,2026-09-10,17,44,13.0,14.0,85.0,95.0,0.0,0.0,0.0,0.0,0.0,0.0,Low,False,False,False,0.03705555,0.003705555,0.0,0.0,0.0,0.0,0.04,Low,False,70,0.35,7000,0.98,0.03,NORMAL_TRANSIT,False
CONT_003,2026-09-10 17:44:55.662947,Tomato,10.8,92.39,0.14,NORMAL,2026-09-10,17,44,10.0,12.0,85.0,95.0,0.0,0.0,0.0,0.0,0.0,0.0,Low,False,False,False,0.0631146666666666,0.0063114666666666,0.0,0.0,0.0,0.0,0.06,Low,False,60,0.3,6000,1.08,0.04,NORMAL_TRANSIT,False
CONT_003,2026-09-10 17:44:59.449827,Banana,13.35,86.49,0.16,NORMAL,2026-09-10,17,44,13.0,14.0,85.0,95.0,0.0,0.0,0.0,0.0,0.0,0.0,Low,False,False,False,0.1708368999999999,0.01708369,0.0,0.0,0.0,0.0,0.17,Low,False,70,0.35,7000,4.16,0.12,NORMAL_TRANSIT,False
CONT_003,2026-09-10 17:45:09.700041,Mango,8.05,100.0,0.32,WARNING,2026-09-10,17,45,10.0,13.0,85.0,90.0,1.95,10.0,0.39,0.5,0.3,40.6,Medium,True,True,False,0.99180515,0.099180515,0.406,0.39,0.5,0.3,37.56,Medium,False,140,0.4,14000,2103.36,52.58,NORMAL_TRANSIT,False
CONT_003,2026-09-10 17:46:09.208350,Banana,13.76,94.58,0.12,NORMAL,2026-09-10,17,46,13.0,14.0,85.0,95.0,0.0,0.0,0.0,0.0,0.0,0.0,Low,False,False,False,0.06676325,0.0066763249999999,0.0,0.0,0.0,0.0,0.07,Low,False,70,0.35,7000,1.72,0.05,NORMAL_TRANSIT,False
CONT_003,2026-09-10 17:46:13.214145,Avocado,2.37,66.3,0.26,WARNING,2026-09-10,17,46,5.0,13.0,85.0,95.0,2.63,18.7,0.526,0.935,0.15,57.51,Medium,True,True,False,0.03336015,0.003336015,0.5751,0.526,0.935,0.15,51.96,Medium,False,180,0.45,18000,4208.76,93.53,MONITOR_CLOSELY,False
CONT_003,2026-09-10 17:46:15.215754,Tomato,10.32,89.03,0.2,NORMAL,2026-09-10,17,46,10.0,12.0,85.0,95.0,0.0,0.0,0.0,0.0,0.0,0.0,Low,False,False,False,0.2419010333333333,0.0241901033333333,0.0,0.0,0.0,0.0,0.24,Low,False,60,0.3,6000,4.32,0.14,NORMAL_TRANSIT,False
CONT_003,2026-09-10 17:46:29.729816,Mango,11.4,88.62,0.09,NORMAL,2026-09-10,17,46,10.0,13.0,85.0,90.0,0.0,0.0,0.0,0.0,0.0,0.0,Low,False,False,False,0.0334750166666666,0.0033475016666666,0.0,0.0,0.0,0.0,0.03,Low,False,140,0.4,14000,1.68,0.04,NORMAL_TRANSIT,False
CONT_003,2026-09-10 17:46:31.738317,Banana,10.99,65.96,0.21,WARNING,2026-09-10,17,46,13.0,14.0,85.0,95.0,2.01,19.04,0.4019999999999999,0.952,0.0249999999999999,50.02,Medium,True,True,False,0.0335317333333333,0.0033531733333333,0.5002,0.4019999999999999,0.952,0.0249999999999999,45.11,Medium,False,70,0.35,7000,1105.2,31.58,MONITOR_CLOSELY,False
CONT_003,2026-09-10 17:46:33.750221,Tomato,10.45,86.28,0.07,NORMAL,2026-09-10,17,46,10.0,12.0,85.0,95.0,0.0,0.0,0.0,0.0,0.0,0.0,Low,False,False,False,0.06658285,0.006658285,0.0,0.0,0.0,0.0,0.07,Low,False,60,0.3,6000,1.26,0.04,NORMAL_TRANSIT,False
CONT_003,2026-09-10 17:46:37.745192,Avocado,10.85,90.93,0.14,NORMAL,2026-09-10,17,46,5.0,13.0,85.0,95.0,0.0,0.0,0.0,0.0,0.0,0.0,Low,False,False,False,0.00017555,1.7555e-05,0.0,0.0,0.0,0.0,0.0,Low,False,180,0.45,18000,0.0,0.0,NORMAL_TRANSIT,False
CONT_003,2026-09-10 17:46:37.755725,Tomato,18.02,100.0,0.47,ANOMALY,2026-09-10,17,46,10.0,12.0,85.0,95.0,6.02,5.0,1.0,0.25,0.6749999999999998,65.62,High,True,True,True,0.37051785,0.037051785,0.6562,1.0,0.25,0.6749999999999998,60.4,High,True,60,0.3,6000,1087.2,36.24,PRIORITIZE_DELIVERY,False
CONT_003,2026-09-10 17:46:59.986796,Avocado,10.08,92.21,0.12,NORMAL,2026-09-10,17,46,5.0,13.0,85.0,95.0,0.0,0.0,0.0,0.0,0.0,0.0,Low,False,False,False,0.2024374833333333,0.0202437483333333,0.0,0.0,0.0,0.0,0.2,Low,False,180,0.45,18000,16.2,0.36,NORMAL_TRANSIT,False
CONT_003,2026-09-10 17:47:12.133045,Tomato,11.27,94.12,0.19,NORMAL,2026-09-10,17,47,10.0,12.0,85.0,95.0,0.0,0.0,0.0,0.0,0.0,0.0,Low,False,False,False,0.1672067833333333,0.0167206783333333,0.0,0.0,0.0,0.0,0.17,Low,False,60,0.3,6000,3.06,0.1,NORMAL_TRANSIT,False
CONT_003,2026-09-10 17:47:22.165452,Avocado,1.17,70.43,0.57,ANOMALY,2026-09-10,17,47,5.0,13.0,85.0,95.0,3.83,14.57,0.766,0.7285,0.9249999999999998,79.26,High,True,True,True,0.4007743666666666,0.0400774366666666,0.7926000000000001,0.766,0.7285,0.9249999999999998,71.57,High,True,180,0.45,18000,5797.17,128.83,PRIORITIZE_DELIVERY,True
CONT_003,2026-09-10 17:47:46.211914,Mango,10.25,88.33,0.16,NORMAL,2026-09-10,17,47,10.0,13.0,85.0,90.0,0.0,0.0,0.0,0.0,0.0,0.0,Low,False,False,False,0.0667691166666666,0.0066769116666666,0.0,0.0,0.0,0.0,0.07,Low,False,140,0.4,14000,3.92,0.1,NORMAL_TRANSIT,False
CONT_003,2026-09-10 17:47:50.218061,Mango,7.27,100.0,0.21,WARNING,2026-09-10,17,47,10.0,13.0,85.0,90.0,2.73,10.0,0.546,0.5,0.0249999999999999,39.97,Medium,True,True,False,0.0668262,0.00668262,0.3997,0.546,0.5,0.0249999999999999,36.72,Medium,False,140,0.4,14000,2056.32,51.41,NORMAL_TRANSIT,False
CONT_003,2026-09-10 17:47:54.227633,Mango,8.89,100.0,0.32,WARNING,2026-09-10,17,47,10.0,13.0,85.0,90.0,1.11,10.0,0.222,0.5,0.3,33.88,Medium,True,True,False,1.01176705,0.101176705,0.3388,0.222,0.5,0.3,31.2,Medium,False,140,0.4,14000,1747.2,43.68,NORMAL_TRANSIT,False
CONT_003,2026-09-10 17:48:54.933656,Avocado,2.02,62.59,0.35,WARNING,2026-09-10,17,48,5.0,13.0,85.0,95.0,2.98,22.41,0.596,1.0,0.3749999999999999,68.22,High,True,True,False,0.3449578,0.03449578,0.6822,0.596,1.0,0.3749999999999999,61.71,High,True,180,0.45,18000,4998.51,111.08,PRIORITIZE_DELIVERY,True
CONT_003,2026-09-10 17:49:15.631124,Avocado,7.62,88.64,0.11,NORMAL,2026-09-10,17,49,5.0,13.0,85.0,95.0,0.0,0.0,0.0,0.0,0.0,0.0,Low,False,False,False,0.13506645,0.013506645,0.0,0.0,0.0,0.0,0.14,Low,False,180,0.45,18000,11.34,0.25,NORMAL_TRANSIT,False
CONT_003,2026-09-10 17:49:23.735111,Banana,6.87,100.0,0.46,ANOMALY,2026-09-10,17,49,13.0,14.0,85.0,95.0,6.13,5.0,1.0,0.25,0.65,65.0,High,True,True,True,0.44232415,0.044232415,0.65,1.0,0.25,0.65,59.94,Medium,False,70,0.35,7000,1468.53,41.96,MONITOR_CLOSELY,False
CONT_003,2026-09-10 17:49:50.274560,Banana,13.99,88.39,0.12,NORMAL,2026-09-10,17,49,13.0,14.0,85.0,95.0,0.0,0.0,0.0,0.0,0.0,0.0,Low,False,False,False,0.1001514333333333,0.0100151433333333,0.0,0.0,0.0,0.0,0.1,Low,False,70,0.35,7000,2.45,0.07,NORMAL_TRANSIT,False
CONT_003,2026-09-10 17:49:56.283646,Mango,11.0,88.39,0.14,NORMAL,2026-09-10,17,49,10.0,13.0,85.0,90.0,0.0,0.0,0.0,0.0,0.0,0.0,Low,False,False,False,0.0334092999999999,0.0033409299999999,0.0,0.0,0.0,0.0,0.03,Low,False,140,0.4,14000,1.68,0.04,NORMAL_TRANSIT,False
CONT_003,2026-09-10 17:49:58.288204,Mango,11.75,89.81,0.15,NORMAL,2026-09-10,17,49,10.0,13.0,85.0,90.0,0.0,0.0,0.0,0.0,0.0,0.0,Low,False,False,False,0.23373505,0.023373505,0.0,0.0,0.0,0.0,0.23,Low,False,140,0.4,14000,12.88,0.32,NORMAL_TRANSIT,False
CONT_003,2026-09-10 17:50:12.312307,Tomato,10.17,92.23,0.07,NORMAL,2026-09-10,17,50,10.0,12.0,85.0,95.0,0.0,0.0,0.0,0.0,0.0,0.0,Low,False,False,False,0.0669194333333333,0.0066919433333333,0.0,0.0,0.0,0.0,0.07,Low,False,60,0.3,6000,1.26,0.04,NORMAL_TRANSIT,False
CONT_003,2026-09-10 17:50:16.327473,Avocado,6.09,86.1,0.18,NORMAL,2026-09-10,17,50,5.0,13.0,85.0,95.0,0.0,0.0,0.0,0.0,0.0,0.0,Low,False,False,False,0.1005461,0.01005461,0.0,0.0,0.0,0.0,0.1,Low,False,180,0.45,18000,8.1,0.18,NORMAL_TRANSIT,False
CONT_003,2026-09-10 17:50:22.360239,Avocado,10.85,92.76,0.11,NORMAL,2026-09-10,17,50,5.0,13.0,85.0,95.0,0.0,0.0,0.0,0.0,0.0,0.0,Low,False,False,False,0.3020266833333333,0.0302026683333333,0.0,0.0,0.0,0.0,0.3,Low,False,180,0.45,18000,24.3,0.54,NORMAL_TRANSIT,False
CONT_003,2026-09-10 17:50:40.481840,Tomato,11.46,93.79,0.07,NORMAL,2026-09-10,17,50,10.0,12.0,85.0,95.0,0.0,0.0,0.0,0.0,0.0,0.0,Low,False,False,False,0.1705131166666666,0.0170513116666666,0.0,0.0,0.0,0.0,0.17,Low,False,60,0.3,6000,3.06,0.1,NORMAL_TRANSIT,False
CONT_003,2026-09-10 17:50:50.712627,Tomato,10.23,85.04,0.05,NORMAL,2026-09-10,17,50,10.0,12.0,85.0,95.0,0.0,0.0,0.0,0.0,0.0,0.0,Low,False,False,False,0.0333882333333333,0.0033388233333333,0.0,0.0,0.0,0.0,0.03,Low,False,60,0.3,6000,0.54,0.02,NORMAL_TRANSIT,False
CONT_003,2026-09-10 17:50:52.715921,Tomato,11.3,88.87,0.19,NORMAL,2026-09-10,17,50,10.0,12.0,85.0,95.0,0.0,0.0,0.0,0.0,0.0,0.0,Low,False,False,False,0.0334528666666666,0.0033452866666666,0.0,0.0,0.0,0.0,0.03,Low,False,60,0.3,6000,0.54,0.02,NORMAL_TRANSIT,False
CONT_003,2026-09-10 17:50:54.723093,Mango,12.78,89.19,0.06,NORMAL,2026-09-10,17,50,10.0,13.0,85.0,90.0,0.0,0.0,0.0,0.0,0.0,0.0,Low,False,False,False,0.0339061833333333,0.0033906183333333,0.0,0.0,0.0,0.0,0.03,Low,False,140,0.4,14000,1.68,0.04,NORMAL_TRANSIT,False
CONT_003,2026-09-10 17:50:56.757464,Avocado,18.62,69.97,0.55,ANOMALY,2026-09-10,17,50,5.0,13.0,85.0,95.0,5.62,15.03,1.0,0.7515,0.875,88.18,Critical,True,True,True,0.06693375,0.006693375,0.8818,1.0,0.7515,0.875,79.77,High,True,180,0.45,18000,6461.37,143.59,PRIORITIZE_DELIVERY,True
CONT_003,2026-09-10 17:51:00.773489,Avocado,8.47,91.53,0.16,NORMAL,2026-09-10,17,51,5.0,13.0,85.0,95.0,0.0,0.0,0.0,0.0,0.0,0.0,Low,False,False,False,0.1002729666666666,0.0100272966666666,0.0,0.0,0.0,0.0,0.1,Low,False,180,0.45,18000,8.1,0.18,NORMAL_TRANSIT,False
CONT_003,2026-09-10 17:51:06.789867,Banana,15.85,61.84,0.33,WARNING,2026-09-10,17,51,13.0,14.0,85.0,95.0,1.85,23.16,0.37,1.0,0.325,57.92,Medium,True,True,False,0.0667721666666666,0.0066772166666666,0.5792,0.37,1.0,0.325,51.78,Medium,False,70,0.35,7000,1268.61,36.25,MONITOR_CLOSELY,False
CONT_003,2026-09-10 17:51:10.796197,Mango,8.68,74.11,0.34,WARNING,2026-09-10,17,51,10.0,13.0,85.0,90.0,1.32,10.89,0.264,0.5445,0.35,38.37,Medium,True,True,False,2.0,0.2,0.3837,0.264,0.5445,0.35,36.21,Medium,False,140,0.4,14000,2027.76,50.69,NORMAL_TRANSIT,False
CONT_004,2026-09-10 17:39:34.852445,Mango,11.72,88.98,0.12,NORMAL,2026-09-10,17,39,10.0,13.0,85.0,90.0,0.0,0.0,0.0,0.0,0.0,0.0,Low,False,False,False,0.2331760666666666,0.0233176066666666,0.0,0.0,0.0,0.0,0.23,Low,False,140,0.4,14000,12.88,0.32,NORMAL_TRANSIT,False
CONT_004,2026-09-10 17:39:48.843009,Banana,13.26,87.92,0.18,NORMAL,2026-09-10,17,39,13.0,14.0,85.0,95.0,0.0,0.0,0.0,0.0,0.0,0.0,Low,False,False,False,0.00113405,0.000113405,0.0,0.0,0.0,0.0,0.0,Low,False,70,0.35,7000,0.0,0.0,NORMAL_TRANSIT,False
CONT_004,2026-09-10 17:39:48.911052,Tomato,10.43,93.04,0.19,NORMAL,2026-09-10,17,39,10.0,12.0,85.0,95.0,0.0,0.0,0.0,0.0,0.0,0.0,Low,False,False,False,0.1001976166666666,0.0100197616666666,0.0,0.0,0.0,0.0,0.1,Low,False,60,0.3,6000,1.8,0.06,NORMAL_TRANSIT,False
CONT_004,2026-09-10 17:39:54.922909,Avocado,10.49,91.72,0.07,NORMAL,2026-09-10,17,39,5.0,13.0,85.0,95.0,0.0,0.0,0.0,0.0,0.0,0.0,Low,False,False,False,0.06724735,0.006724735,0.0,0.0,0.0,0.0,0.07,Low,False,180,0.45,18000,5.67,0.13,NORMAL_TRANSIT,False
CONT_004,2026-09-10 17:39:58.957750,Avocado,3.01,100.0,0.32,WARNING,2026-09-10,17,39,5.0,13.0,85.0,95.0,1.99,5.0,0.398,0.25,0.3,32.17,Medium,True,True,False,3.701666666666667e-05,3.7016666666666662e-06,0.3217,0.398,0.25,0.3,29.19,Medium,False,180,0.45,18000,2364.39,52.54,NORMAL_TRANSIT,False
CONT_004,2026-09-10 17:39:58.959971,Avocado,10.9,88.7,0.12,NORMAL,2026-09-10,17,39,5.0,13.0,85.0,95.0,0.0,0.0,0.0,0.0,0.0,0.0,Low,False,False,False,0.0334818833333333,0.0033481883333333,0.0,0.0,0.0,0.0,0.03,Low,False,180,0.45,18000,2.43,0.05,NORMAL_TRANSIT,False
CONT_004,2026-09-10 17:40:00.968884,Avocado,12.57,91.16,0.19,NORMAL,2026-09-10,17,40,5.0,13.0,85.0,95.0,0.0,0.0,0.0,0.0,0.0,0.0,Low,False,False,False,0.0721794666666666,0.0072179466666666,0.0,0.0,0.0,0.0,0.07,Low,False,180,0.45,18000,5.67,0.13,NORMAL_TRANSIT,False
CONT_004,2026-09-10 17:40:05.299652,Mango,12.14,87.16,0.17,NORMAL,2026-09-10,17,40,10.0,13.0,85.0,90.0,0.0,0.0,0.0,0.0,0.0,0.0,Low,False,False,False,0.0334287333333333,0.0033428733333333,0.0,0.0,0.0,0.0,0.03,Low,False,140,0.4,14000,1.68,0.04,NORMAL_TRANSIT,False
CONT_004,2026-09-10 17:40:07.305376,Avocado,5.23,85.34,0.12,NORMAL,2026-09-10,17,40,5.0,13.0,85.0,95.0,0.0,0.0,0.0,0.0,0.0,0.0,Low,False,False,False,0.16393805,0.016393805,0.0,0.0,0.0,0.0,0.16,Low,False,180,0.45,18000,12.96,0.29,NORMAL_TRANSIT,False
CONT_004,2026-09-10 17:40:17.141659,Tomato,10.82,85.26,0.06,NORMAL,2026-09-10,17,40,10.0,12.0,85.0,95.0,0.0,0.0,0.0,0.0,0.0,0.0,Low,False,False,False,0.1335356166666666,0.0133535616666666,0.0,0.0,0.0,0.0,0.13,Low,False,60,0.3,6000,2.34,0.08,NORMAL_TRANSIT,False
CONT_004,2026-09-10 17:40:25.153796,Banana,13.95,86.61,0.14,NORMAL,2026-09-10,17,40,13.0,14.0,85.0,95.0,0.0,0.0,0.0,0.0,0.0,0.0,Low,False,False,False,0.0373581833333333,0.0037358183333333,0.0,0.0,0.0,0.0,0.04,Low,False,70,0.35,7000,0.98,0.03,NORMAL_TRANSIT,False
CONT_004,2026-09-10 17:40:27.395287,Banana,16.64,72.43,0.29,WARNING,2026-09-10,17,40,13.0,14.0,85.0,95.0,2.64,12.57,0.528,0.6285000000000001,0.2249999999999999,48.74,Medium,True,True,False,0.1005580833333333,0.0100558083333333,0.4874,0.528,0.6285000000000001,0.2249999999999999,44.27,Medium,False,70,0.35,7000,1084.62,30.99,MONITOR_CLOSELY,False
CONT_004,2026-09-10 17:40:33.428772,Tomato,11.78,87.05,0.07,NORMAL,2026-09-10,17,40,10.0,12.0,85.0,95.0,0.0,0.0,0.0,0.0,0.0,0.0,Low,False,False,False,0.0365829666666666,0.0036582966666666,0.0,0.0,0.0,0.0,0.04,Low,False,60,0.3,6000,0.72,0.02,NORMAL_TRANSIT,False
CONT_004,2026-09-10 17:40:35.623750,Banana,13.77,85.84,0.14,NORMAL,2026-09-10,17,40,13.0,14.0,85.0,95.0,0.0,0.0,0.0,0.0,0.0,0.0,Low,False,False,False,0.2458165666666666,0.0245816566666666,0.0,0.0,0.0,0.0,0.25,Low,False,70,0.35,7000,6.12,0.18,NORMAL_TRANSIT,False
CONT_004,2026-09-10 17:40:50.372744,Mango,11.29,87.71,0.07,NORMAL,2026-09-10,17,40,10.0,13.0,85.0,90.0,0.0,0.0,0.0,0.0,0.0,0.0,Low,False,False,False,0.1062368333333333,0.0106236833333333,0.0,0.0,0.0,0.0,0.11,Low,False,140,0.4,14000,6.16,0.15,NORMAL_TRANSIT,False
CONT_004,2026-09-10 17:40:56.746954,Banana,10.83,100.0,0.3,WARNING,2026-09-10,17,40,13.0,14.0,85.0,95.0,2.17,5.0,0.434,0.25,0.2499999999999999,32.36,Medium,True,True,False,0.12600285,0.012600285,0.3236,0.434,0.25,0.2499999999999999,29.62,Medium,False,70,0.35,7000,725.69,20.73,NORMAL_TRANSIT,False
CONT_004,2026-09-10 17:41:04.307125,Avocado,16.14,100.0,0.45,ANOMALY,2026-09-10,17,41,5.0,13.0,85.0,95.0,3.14,5.0,0.628,0.25,0.625,49.5,Medium,True,True,True,0.0334430833333333,0.0033443083333333,0.495,0.628,0.25,0.625,44.87,Medium,False,180,0.45,18000,3634.47,80.77,MONITOR_CLOSELY,False
CONT_004,2026-09-10 17:41:06.313710,Tomato,10.41,85.73,0.18,NORMAL,2026-09-10,17,41,10.0,12.0,85.0,95.0,0.0,0.0,0.0,0.0,0.0,0.0,Low,False,False,False,0.0334370166666666,0.0033437016666666,0.0,0.0,0.0,0.0,0.03,Low,False,60,0.3,6000,0.54,0.02,NORMAL_TRANSIT,False
CONT_004,2026-09-10 17:41:08.319931,Mango,10.24,89.35,0.13,NORMAL,2026-09-10,17,41,10.0,13.0,85.0,90.0,0.0,0.0,0.0,0.0,0.0,0.0,Low,False,False,False,2.545e-05,2.545e-06,0.0,0.0,0.0,0.0,0.0,Low,False,140,0.4,14000,0.0,0.0,NORMAL_TRANSIT,False
CONT_004,2026-09-10 17:41:08.321458,Mango,11.0,88.5,0.17,NORMAL,2026-09-10,17,41,10.0,13.0,85.0,90.0,0.0,0.0,0.0,0.0,0.0,0.0,Low,False,False,False,0.0333647166666666,0.0033364716666666,0.0,0.0,0.0,0.0,0.03,Low,False,140,0.4,14000,1.68,0.04,NORMAL_TRANSIT,False
CONT_004,2026-09-10 17:41:10.323341,Tomato,3.06,63.43,0.45,ANOMALY,2026-09-10,17,41,10.0,12.0,85.0,95.0,6.94,21.57,1.0,1.0,0.625,90.62,Critical,True,True,True,0.0678164,0.00678164,0.9062,1.0,1.0,0.625,82.1,Critical,True,60,0.3,6000,1477.8,49.26,URGENT_REROUTE,False
CONT_004,2026-09-10 17:41:14.392325,Banana,10.09,100.0,0.34,WARNING,2026-09-10,17,41,13.0,14.0,85.0,95.0,2.91,5.0,0.5820000000000001,0.25,0.35,40.78,Medium,True,True,False,0.0018412833333333,0.0001841283333333,0.4078,0.5820000000000001,0.25,0.35,37.24,Medium,False,70,0.35,7000,912.38,26.07,NORMAL_TRANSIT,False
CONT_004,2026-09-10 17:41:14.502802,Avocado,17.23,63.93,0.59,ANOMALY,2026-09-10,17,41,5.0,13.0,85.0,95.0,4.23,21.07,0.8460000000000001,1.0,0.975,93.22,Critical,True,True,True,0.03339925,0.0033399249999999,0.9322,0.8460000000000001,1.0,0.975,83.65,Critical,True,180,0.45,18000,6775.65,150.57,URGENT_REROUTE,True
CONT_004,2026-09-10 17:41:16.506757,Avocado,12.96,94.18,0.16,NORMAL,2026-09-10,17,41,5.0,13.0,85.0,95.0,0.0,0.0,0.0,0.0,0.0,0.0,Low,False,False,False,0.1018721833333333,0.0101872183333333,0.0,0.0,0.0,0.0,0.1,Low,False,180,0.45,18000,8.1,0.18,NORMAL_TRANSIT,False
CONT_004,2026-09-10 17:41:22.619088,Tomato,11.36,91.37,0.15,NORMAL,2026-09-10,17,41,10.0,12.0,85.0,95.0,0.0,0.0,0.0,0.0,0.0,0.0,Low,False,False,False,0.0334490333333333,0.0033449033333333,0.0,0.0,0.0,0.0,0.03,Low,False,60,0.3,6000,0.54,0.02,NORMAL_TRANSIT,False
CONT_004,2026-09-10 17:41:24.626030,Mango,10.96,88.11,0.15,NORMAL,2026-09-10,17,41,10.0,13.0,85.0,90.0,0.0,0.0,0.0,0.0,0.0,0.0,Low,False,False,False,0.16697155,0.0166971549999999,0.0,0.0,0.0,0.0,0.17,Low,False,140,0.4,14000,9.52,0.24,NORMAL_TRANSIT,False
CONT_004,2026-09-10 17:41:34.644323,Banana,13.54,88.84,0.11,NORMAL,2026-09-10,17,41,13.0,14.0,85.0,95.0,0.0,0.0,0.0,0.0,0.0,0.0,Low,False,False,False,0.033535,0.0033535,0.0,0.0,0.0,0.0,0.03,Low,False,70,0.35,7000,0.74,0.02,NORMAL_TRANSIT,False
CONT_004,2026-09-10 17:41:36.656423,Banana,7.41,73.75,0.4,ANOMALY,2026-09-10,17,41,13.0,14.0,85.0,95.0,5.59,11.25,1.0,0.5625,0.5,72.19,High,True,True,True,0.1003580166666666,0.0100358016666666,0.7219,1.0,0.5625,0.5,66.02,High,True,70,0.35,7000,1617.49,46.21,PRIORITIZE_DELIVERY,False
CONT_004,2026-09-10 17:41:42.677904,Tomato,6.7,100.0,0.46,ANOMALY,2026-09-10,17,41,10.0,12.0,85.0,95.0,3.3,5.0,0.6599999999999999,0.25,0.65,51.4,Medium,True,True,True,0.03346685,0.003346685,0.514,0.6599999999999999,0.25,0.65,46.61,Medium,False,60,0.3,6000,838.98,27.97,MONITOR_CLOSELY,False
CONT_004,2026-09-10 17:41:44.685915,Mango,11.71,88.08,0.17,NORMAL,2026-09-10,17,41,10.0,13.0,85.0,90.0,0.0,0.0,0.0,0.0,0.0,0.0,Low,False,False,False,0.0668569,0.00668569,0.0,0.0,0.0,0.0,0.07,Low,False,140,0.4,14000,3.92,0.1,NORMAL_TRANSIT,False
CONT_004,2026-09-10 17:41:48.697329,Tomato,10.63,92.62,0.15,NORMAL,2026-09-10,17,41,10.0,12.0,85.0,95.0,0.0,0.0,0.0,0.0,0.0,0.0,Low,False,False,False,0.0717566,0.00717566,0.0,0.0,0.0,0.0,0.07,Low,False,60,0.3,6000,1.26,0.04,NORMAL_TRANSIT,False
CONT_004,2026-09-10 17:41:53.002725,Mango,12.42,88.86,0.13,NORMAL,2026-09-10,17,41,10.0,13.0,85.0,90.0,0.0,0.0,0.0,0.0,0.0,0.0,Low,False,False,False,0.0333754166666666,0.0033375416666666,0.0,0.0,0.0,0.0,0.03,Low,False,140,0.4,14000,1.68,0.04,NORMAL_TRANSIT,False
CONT_004,2026-09-10 17:41:55.005250,Avocado,6.83,89.07,0.11,NORMAL,2026-09-10,17,41,5.0,13.0,85.0,95.0,0.0,0.0,0.0,0.0,0.0,0.0,Low,False,False,False,0.1694322833333333,0.0169432283333333,0.0,0.0,0.0,0.0,0.17,Low,False,180,0.45,18000,13.77,0.31,NORMAL_TRANSIT,False
CONT_004,2026-09-10 17:42:05.171187,Mango,8.39,100.0,0.23,WARNING,2026-09-10,17,42,10.0,13.0,85.0,90.0,1.61,10.0,0.322,0.5,0.075,32.25,Medium,True,True,False,0.0671697,0.00671697,0.3225,0.322,0.5,0.075,29.27,Medium,False,140,0.4,14000,1639.12,40.98,NORMAL_TRANSIT,False
CONT_004,2026-09-10 17:42:09.201369,Mango,11.93,89.45,0.1,NORMAL,2026-09-10,17,42,10.0,13.0,85.0,90.0,0.0,0.0,0.0,0.0,0.0,0.0,Low,False,False,False,0.06675085,0.006675085,0.0,0.0,0.0,0.0,0.07,Low,False,140,0.4,14000,3.92,0.1,NORMAL_TRANSIT,False
CONT_004,2026-09-10 17:42:13.206420,Avocado,11.1,92.5,0.08,NORMAL,2026-09-10,17,42,5.0,13.0,85.0,95.0,0.0,0.0,0.0,0.0,0.0,0.0,Low,False,False,False,0.1001123333333333,0.0100112333333333,0.0,0.0,0.0,0.0,0.1,Low,False,180,0.45,18000,8.1,0.18,NORMAL_TRANSIT,False
CONT_004,2026-09-10 17:42:19.213160,Avocado,-0.66,65.26,0.43,ANOMALY,2026-09-10,17,42,5.0,13.0,85.0,95.0,5.66,19.74,1.0,0.987,0.575,88.92,Critical,True,True,True,0.10014875,0.010014875,0.8892,1.0,0.987,0.575,80.67,Critical,True,180,0.45,18000,6534.27,145.21,URGENT_REROUTE,True
CONT_004,2026-09-10 17:42:25.222085,Banana,7.55,100.0,0.49,ANOMALY,2026-09-10,17,42,13.0,14.0,85.0,95.0,5.45,5.0,1.0,0.25,0.7249999999999999,66.88,High,True,True,True,0.0674937166666666,0.0067493716666666,0.6688,1.0,0.25,0.7249999999999999,61.16,High,True,70,0.35,7000,1498.42,42.81,PRIORITIZE_DELIVERY,False
CONT_004,2026-09-10 17:42:29.271708,Mango,11.19,88.66,0.15,NORMAL,2026-09-10,17,42,10.0,13.0,85.0,90.0,0.0,0.0,0.0,0.0,0.0,0.0,Low,False,False,False,4.088333333333333e-05,4.088333333333333e-06,0.0,0.0,0.0,0.0,0.0,Low,False,140,0.4,14000,0.0,0.0,NORMAL_TRANSIT,False
CONT_004,2026-09-10 17:42:29.274161,Tomato,10.87,86.0,0.07,NORMAL,2026-09-10,17,42,10.0,12.0,85.0,95.0,0.0,0.0,0.0,0.0,0.0,0.0,Low,False,False,False,0.1002044166666666,0.0100204416666666,0.0,0.0,0.0,0.0,0.1,Low,False,60,0.3,6000,1.8,0.06,NORMAL_TRANSIT,False
CONT_004,2026-09-10 17:42:35.286426,Avocado,8.7,94.6,0.1,NORMAL,2026-09-10,17,42,5.0,13.0,85.0,95.0,0.0,0.0,0.0,0.0,0.0,0.0,Low,False,False,False,0.03332735,0.003332735,0.0,0.0,0.0,0.0,0.03,Low,False,180,0.45,18000,2.43,0.05,NORMAL_TRANSIT,False
CONT_004,2026-09-10 17:42:37.286067,Tomato,10.69,85.95,0.15,NORMAL,2026-09-10,17,42,10.0,12.0,85.0,95.0,0.0,0.0,0.0,0.0,0.0,0.0,Low,False,False,False,0.2005067999999999,0.0200506799999999,0.0,0.0,0.0,0.0,0.2,Low,False,60,0.3,6000,3.6,0.12,NORMAL_TRANSIT,False
CONT_004,2026-09-10 17:42:49.316475,Mango,11.82,89.9,0.11,NORMAL,2026-09-10,17,42,10.0,13.0,85.0,90.0,0.0,0.0,0.0,0.0,0.0,0.0,Low,False,False,False,0.0333822666666666,0.0033382266666666,0.0,0.0,0.0,0.0,0.03,Low,False,140,0.4,14000,1.68,0.04,NORMAL_TRANSIT,False
CONT_004,2026-09-10 17:42:51.319411,Avocado,2.77,100.0,0.27,WARNING,2026-09-10,17,42,5.0,13.0,85.0,95.0,2.23,5.0,0.446,0.25,0.175,30.97,Medium,True,True,False,0.1101234833333333,0.0110123483333333,0.3097,0.446,0.25,0.175,28.47,Medium,False,180,0.45,18000,2306.07,51.25,NORMAL_TRANSIT,False
CONT_004,2026-09-10 17:42:57.926820,Banana,13.05,93.48,0.09,NORMAL,2026-09-10,17,42,13.0,14.0,85.0,95.0,0.0,0.0,0.0,0.0,0.0,0.0,Low,False,False,False,0.03340335,0.003340335,0.0,0.0,0.0,0.0,0.03,Low,False,70,0.35,7000,0.74,0.02,NORMAL_TRANSIT,False
CONT_004,2026-09-10 17:42:59.931021,Avocado,8.72,92.97,0.15,NORMAL,2026-09-10,17,42,5.0,13.0,85.0,95.0,0.0,0.0,0.0,0.0,0.0,0.0,Low,False,False,False,0.0334394833333333,0.0033439483333333,0.0,0.0,0.0,0.0,0.03,Low,False,180,0.45,18000,2.43,0.05,NORMAL_TRANSIT,False
CONT_004,2026-09-10 17:43:01.937390,Banana,13.6,93.39,0.05,NORMAL,2026-09-10,17,43,13.0,14.0,85.0,95.0,0.0,0.0,0.0,0.0,0.0,0.0,Low,False,False,False,0.0336071666666666,0.0033607166666666,0.0,0.0,0.0,0.0,0.03,Low,False,70,0.35,7000,0.74,0.02,NORMAL_TRANSIT,False
CONT_004,2026-09-10 17:43:03.953820,Banana,13.47,86.59,0.11,NORMAL,2026-09-10,17,43,13.0,14.0,85.0,95.0,0.0,0.0,0.0,0.0,0.0,0.0,Low,False,False,False,0.0670195166666666,0.0067019516666666,0.0,0.0,0.0,0.0,0.07,Low,False,70,0.35,7000,1.72,0.05,NORMAL_TRANSIT,False
CONT_004,2026-09-10 17:43:07.974991,Banana,10.51,100.0,0.33,WARNING,2026-09-10,17,43,13.0,14.0,85.0,95.0,2.49,5.0,0.498,0.25,0.325,36.8,Medium,True,True,False,0.06651205,0.006651205,0.368,0.498,0.25,0.325,33.59,Medium,False,70,0.35,7000,822.96,23.51,NORMAL_TRANSIT,False
CONT_004,2026-09-10 17:43:11.965714,Banana,13.36,93.73,0.09,NORMAL,2026-09-10,17,43,13.0,14.0,85.0,95.0,0.0,0.0,0.0,0.0,0.0,0.0,Low,False,False,False,0.0333919833333333,0.0033391983333333,0.0,0.0,0.0,0.0,0.03,Low,False,70,0.35,7000,0.74,0.02,NORMAL_TRANSIT,False
CONT_004,2026-09-10 17:43:13.969233,Mango,12.86,88.39,0.16,NORMAL,2026-09-10,17,43,10.0,13.0,85.0,90.0,0.0,0.0,0.0,0.0,0.0,0.0,Low,False,False,False,0.0688781333333333,0.0068878133333333,0.0,0.0,0.0,0.0,0.07,Low,False,140,0.4,14000,3.92,0.1,NORMAL_TRANSIT,False
CONT_004,2026-09-10 17:43:18.101921,Banana,10.44,64.39,0.23,WARNING,2026-09-10,17,43,13.0,14.0,85.0,95.0,2.56,20.61,0.512,1.0,0.075,57.36,Medium,True,True,False,0.07289625,0.007289625,0.5736,0.512,1.0,0.075,51.87,Medium,False,70,0.35,7000,1270.81,36.31,MONITOR_CLOSELY,False
CONT_004,2026-09-10 17:43:22.475696,Mango,12.9,85.6,0.15,NORMAL,2026-09-10,17,43,10.0,13.0,85.0,90.0,0.0,0.0,0.0,0.0,0.0,0.0,Low,False,False,False,0.1747103666666666,0.0174710366666666,0.0,0.0,0.0,0.0,0.17,Low,False,140,0.4,14000,9.52,0.24,NORMAL_TRANSIT,False
CONT_004,2026-09-10 17:43:32.958318,Mango,16.18,63.47,0.42,ANOMALY,2026-09-10,17,43,10.0,13.0,85.0,90.0,3.18,21.53,0.636,1.0,0.5499999999999999,74.19,High,True,True,True,0.0673995999999999,0.0067399599999999,0.7419,0.636,1.0,0.5499999999999999,66.67,High,True,140,0.4,14000,3733.52,93.34,PRIORITIZE_DELIVERY,True
CONT_004,2026-09-10 17:43:37.002294,Banana,8.06,100.0,0.36,ANOMALY,2026-09-10,17,43,13.0,14.0,85.0,95.0,4.94,5.0,0.988,0.25,0.3999999999999999,58.27,Medium,True,True,True,0.0053412333333333,0.0005341233333333,0.5827,0.988,0.25,0.3999999999999999,53.74,Medium,False,70,0.35,7000,1316.63,37.62,MONITOR_CLOSELY,False
CONT_004,2026-09-10 17:43:37.322768,Tomato,10.31,86.27,0.08,NORMAL,2026-09-10,17,43,10.0,12.0,85.0,95.0,0.0,0.0,0.0,0.0,0.0,0.0,Low,False,False,False,0.0615437333333333,0.0061543733333333,0.0,0.0,0.0,0.0,0.06,Low,False,60,0.3,6000,1.08,0.04,NORMAL_TRANSIT,False
CONT_004,2026-09-10 17:43:41.015392,Banana,13.79,89.34,0.19,NORMAL,2026-09-10,17,43,13.0,14.0,85.0,95.0,0.0,0.0,0.0,0.0,0.0,0.0,Low,False,False,False,0.03865045,0.003865045,0.0,0.0,0.0,0.0,0.04,Low,False,70,0.35,7000,0.98,0.03,NORMAL_TRANSIT,False
CONT_004,2026-09-10 17:43:43.334419,Mango,11.54,85.16,0.18,NORMAL,2026-09-10,17,43,10.0,13.0,85.0,90.0,0.0,0.0,0.0,0.0,0.0,0.0,Low,False,False,False,0.0333949166666666,0.0033394916666666,0.0,0.0,0.0,0.0,0.03,Low,False,140,0.4,14000,1.68,0.04,NORMAL_TRANSIT,False
CONT_004,2026-09-10 17:43:45.338114,Tomato,13.97,100.0,0.27,WARNING,2026-09-10,17,43,10.0,12.0,85.0,95.0,1.97,5.0,0.394,0.25,0.175,28.88,Medium,True,True,False,0.06685425,0.006685425,0.2888,0.394,0.25,0.175,26.44,Medium,False,60,0.3,6000,475.92,15.86,NORMAL_TRANSIT,False
CONT_004,2026-09-10 17:43:49.349369,Banana,16.93,100.0,0.32,WARNING,2026-09-10,17,43,13.0,14.0,85.0,95.0,2.93,5.0,0.5860000000000001,0.25,0.3,39.69,Medium,True,True,False,0.0333826333333333,0.0033382633333333,0.3969,0.5860000000000001,0.25,0.3,36.36,Medium,False,70,0.35,7000,890.82,25.45,NORMAL_TRANSIT,False
CONT_004,2026-09-10 17:43:51.352327,Banana,15.89,100.0,0.26,WARNING,2026-09-10,17,43,13.0,14.0,85.0,95.0,1.89,5.0,0.378,0.25,0.15,27.62,Medium,True,True,False,0.1008539333333333,0.0100853933333333,0.2762,0.378,0.25,0.15,25.34,Medium,False,70,0.35,7000,620.83,17.74,NORMAL_TRANSIT,False
CONT_004,2026-09-10 17:43:57.403563,Banana,13.31,94.14,0.11,NORMAL,2026-09-10,17,43,13.0,14.0,85.0,95.0,0.0,0.0,0.0,0.0,0.0,0.0,Low,False,False,False,0.1294458,0.01294458,0.0,0.0,0.0,0.0,0.13,Low,False,70,0.35,7000,3.18,0.09,NORMAL_TRANSIT,False
CONT_004,2026-09-10 17:44:05.170311,Tomato,11.27,89.05,0.12,NORMAL,2026-09-10,17,44,10.0,12.0,85.0,95.0,0.0,0.0,0.0,0.0,0.0,0.0,Low,False,False,False,0.1004890833333333,0.0100489083333333,0.0,0.0,0.0,0.0,0.1,Low,False,60,0.3,6000,1.8,0.06,NORMAL_TRANSIT,False
CONT_004,2026-09-10 17:44:11.199656,Tomato,11.1,86.98,0.09,NORMAL,2026-09-10,17,44,10.0,12.0,85.0,95.0,0.0,0.0,0.0,0.0,0.0,0.0,Low,False,False,False,0.0051448166666666,0.0005144816666666,0.0,0.0,0.0,0.0,0.01,Low,False,60,0.3,6000,0.18,0.01,NORMAL_TRANSIT,False
CONT_004,2026-09-10 17:44:11.508345,Banana,13.99,85.0,0.17,NORMAL,2026-09-10,17,44,13.0,14.0,85.0,95.0,0.0,0.0,0.0,0.0,0.0,0.0,Low,False,False,False,0.0282413166666666,0.0028241316666666,0.0,0.0,0.0,0.0,0.03,Low,False,70,0.35,7000,0.74,0.02,NORMAL_TRANSIT,False
CONT_004,2026-09-10 17:44:13.202824,Banana,13.62,85.21,0.16,NORMAL,2026-09-10,17,44,13.0,14.0,85.0,95.0,0.0,0.0,0.0,0.0,0.0,0.0,Low,False,False,False,0.0333769333333333,0.0033376933333333,0.0,0.0,0.0,0.0,0.03,Low,False,70,0.35,7000,0.74,0.02,NORMAL_TRANSIT,False
CONT_004,2026-09-10 17:44:15.205440,Mango,11.61,88.12,0.09,NORMAL,2026-09-10,17,44,10.0,13.0,85.0,90.0,0.0,0.0,0.0,0.0,0.0,0.0,Low,False,False,False,0.03345035,0.0033450349999999,0.0,0.0,0.0,0.0,0.03,Low,False,140,0.4,14000,1.68,0.04,NORMAL_TRANSIT,False
CONT_004,2026-09-10 17:44:17.212461,Mango,11.16,87.89,0.12,NORMAL,2026-09-10,17,44,10.0,13.0,85.0,90.0,0.0,0.0,0.0,0.0,0.0,0.0,Low,False,False,False,0.0333864333333333,0.0033386433333333,0.0,0.0,0.0,0.0,0.03,Low,False,140,0.4,14000,1.68,0.04,NORMAL_TRANSIT,False
CONT_004,2026-09-10 17:44:19.215647,Tomato,11.28,90.73,0.11,NORMAL,2026-09-10,17,44,10.0,12.0,85.0,95.0,0.0,0.0,0.0,0.0,0.0,0.0,Low,False,False,False,0.1356476666666666,0.0135647666666666,0.0,0.0,0.0,0.0,0.14,Low,False,60,0.3,6000,2.52,0.08,NORMAL_TRANSIT,False
CONT_004,2026-09-10 17:44:27.354507,Avocado,11.24,87.75,0.1,NORMAL,2026-09-10,17,44,5.0,13.0,85.0,95.0,0.0,0.0,0.0,0.0,0.0,0.0,Low,False,False,False,0.0032024,0.00032024,0.0,0.0,0.0,0.0,0.0,Low,False,180,0.45,18000,0.0,0.0,NORMAL_TRANSIT,False
CONT_004,2026-09-10 17:44:27.546651,Avocado,2.6,100.0,0.32,WARNING,2026-09-10,17,44,5.0,13.0,85.0,95.0,2.4,5.0,0.48,0.25,0.3,35.45,Medium,True,True,False,0.03019025,0.003019025,0.3545,0.48,0.25,0.3,32.33,Medium,False,180,0.45,18000,2618.73,58.19,NORMAL_TRANSIT,False
CONT_004,2026-09-10 17:44:29.358066,Mango,12.31,88.64,0.15,NORMAL,2026-09-10,17,44,10.0,13.0,85.0,90.0,0.0,0.0,0.0,0.0,0.0,0.0,Low,False,False,False,0.1033218666666666,0.0103321866666666,0.0,0.0,0.0,0.0,0.1,Low,False,140,0.4,14000,5.6,0.14,NORMAL_TRANSIT,False
CONT_004,2026-09-10 17:44:35.557378,Banana,13.22,86.05,0.12,NORMAL,2026-09-10,17,44,13.0,14.0,85.0,95.0,0.0,0.0,0.0,0.0,0.0,0.0,Low,False,False,False,0.1979002333333333,0.0197900233333333,0.0,0.0,0.0,0.0,0.2,Low,False,70,0.35,7000,4.9,0.14,NORMAL_TRANSIT,False
CONT_004,2026-09-10 17:44:47.431392,Avocado,19.79,100.0,0.47,ANOMALY,2026-09-10,17,44,5.0,13.0,85.0,95.0,6.79,5.0,1.0,0.25,0.6749999999999998,65.62,High,True,True,True,0.0369653333333333,0.0036965333333333,0.6562,1.0,0.25,0.6749999999999998,60.07,High,True,180,0.45,18000,4865.67,108.13,PRIORITIZE_DELIVERY,True
CONT_004,2026-09-10 17:44:49.649312,Banana,13.27,87.4,0.11,NORMAL,2026-09-10,17,44,13.0,14.0,85.0,95.0,0.0,0.0,0.0,0.0,0.0,0.0,Low,False,False,False,0.1336490666666666,0.0133649066666666,0.0,0.0,0.0,0.0,0.13,Low,False,70,0.35,7000,3.18,0.09,NORMAL_TRANSIT,False
CONT_004,2026-09-10 17:44:57.668256,Banana,13.38,94.94,0.09,NORMAL,2026-09-10,17,44,13.0,14.0,85.0,95.0,0.0,0.0,0.0,0.0,0.0,0.0,Low,False,False,False,0.0964928499999999,0.0096492849999999,0.0,0.0,0.0,0.0,0.1,Low,False,70,0.35,7000,2.45,0.07,NORMAL_TRANSIT,False
CONT_004,2026-09-10 17:45:03.457827,Avocado,9.94,88.01,0.19,NORMAL,2026-09-10,17,45,5.0,13.0,85.0,95.0,0.0,0.0,0.0,0.0,0.0,0.0,Low,False,False,False,0.1018765,0.01018765,0.0,0.0,0.0,0.0,0.1,Low,False,180,0.45,18000,8.1,0.18,NORMAL_TRANSIT,False
CONT_004,2026-09-10 17:45:09.570417,Mango,12.95,88.12,0.16,NORMAL,2026-09-10,17,45,10.0,13.0,85.0,90.0,0.0,0.0,0.0,0.0,0.0,0.0,Low,False,False,False,0.0354525999999999,0.0035452599999999,0.0,0.0,0.0,0.0,0.04,Low,False,140,0.4,14000,2.24,0.06,NORMAL_TRANSIT,False
CONT_004,2026-09-10 17:45:11.697573,Mango,17.24,68.99,0.42,ANOMALY,2026-09-10,17,45,10.0,13.0,85.0,90.0,4.24,16.01,0.8480000000000001,0.8005000000000001,0.5499999999999999,75.69,High,True,True,True,1.1608288,0.11608288,0.7569,0.8480000000000001,0.8005000000000001,0.5499999999999999,69.69,High,True,140,0.4,14000,3902.64,97.57,PRIORITIZE_DELIVERY,True
CONT_004,2026-09-10 17:46:21.347301,Avocado,8.02,87.39,0.19,NORMAL,2026-09-10,17,46,5.0,13.0,85.0,95.0,0.0,0.0,0.0,0.0,0.0,0.0,Low,False,False,False,0.0333980833333333,0.0033398083333333,0.0,0.0,0.0,0.0,0.03,Low,False,180,0.45,18000,2.43,0.05,NORMAL_TRANSIT,False
CONT_004,2026-09-10 17:46:23.351186,Mango,16.72,63.57,0.51,ANOMALY,2026-09-10,17,46,10.0,13.0,85.0,90.0,3.72,21.43,0.744,1.0,0.7749999999999999,84.14,Critical,True,True,True,0.0343944,0.00343944,0.8414,0.744,1.0,0.7749999999999999,75.53,High,True,140,0.4,14000,4229.68,105.74,PRIORITIZE_DELIVERY,True
CONT_004,2026-09-10 17:46:25.414850,Avocado,6.32,91.84,0.09,NORMAL,2026-09-10,17,46,5.0,13.0,85.0,95.0,0.0,0.0,0.0,0.0,0.0,0.0,Low,False,False,False,0.0362451333333333,0.0036245133333333,0.0,0.0,0.0,0.0,0.04,Low,False,180,0.45,18000,3.24,0.07,NORMAL_TRANSIT,False
CONT_004,2026-09-10 17:46:27.589558,Avocado,-1.66,70.03,0.53,ANOMALY,2026-09-10,17,46,5.0,13.0,85.0,95.0,6.66,14.97,1.0,0.7485,0.825,86.82,Critical,True,True,True,0.1360542,0.0136054199999999,0.8682,1.0,0.7485,0.825,78.68,High,True,180,0.45,18000,6373.08,141.62,PRIORITIZE_DELIVERY,True
CONT_004,2026-09-10 17:46:35.752810,Mango,12.87,85.72,0.11,NORMAL,2026-09-10,17,46,10.0,13.0,85.0,90.0,0.0,0.0,0.0,0.0,0.0,0.0,Low,False,False,False,0.1002014,0.01002014,0.0,0.0,0.0,0.0,0.1,Low,False,140,0.4,14000,5.6,0.14,NORMAL_TRANSIT,False
CONT_004,2026-09-10 17:46:41.764894,Avocado,15.54,73.41,0.25,WARNING,2026-09-10,17,46,5.0,13.0,85.0,95.0,2.54,11.59,0.508,0.5795,0.1249999999999999,43.73,Medium,True,True,False,0.1333954999999999,0.0133395499999999,0.4372999999999999,0.508,0.5795,0.1249999999999999,39.91,Medium,False,180,0.45,18000,3232.71,71.84,NORMAL_TRANSIT,False
CONT_004,2026-09-10 17:46:49.768624,Mango,17.74,100.0,0.35,ANOMALY,2026-09-10,17,46,10.0,13.0,85.0,90.0,4.74,10.0,0.948,0.5,0.3749999999999999,64.8,High,True,True,False,0.0668197666666666,0.0066819766666666,0.648,0.948,0.5,0.3749999999999999,59.44,Medium,False,140,0.4,14000,3328.64,83.22,MONITOR_CLOSELY,False
CONT_004,2026-09-10 17:46:53.777810,Avocado,9.1,86.47,0.12,NORMAL,2026-09-10,17,46,5.0,13.0,85.0,95.0,0.0,0.0,0.0,0.0,0.0,0.0,Low,False,False,False,0.1373628833333333,0.0137362883333333,0.0,0.0,0.0,0.0,0.14,Low,False,180,0.45,18000,11.34,0.25,NORMAL_TRANSIT,False
CONT_004,2026-09-10 17:47:02.019583,Avocado,18.26,60.25,0.56,ANOMALY,2026-09-10,17,47,5.0,13.0,85.0,95.0,5.26,24.75,1.0,1.0,0.9,97.5,Critical,True,True,True,0.2356102,0.02356102,0.975,1.0,1.0,0.9,88.11,Critical,True,180,0.45,18000,7136.91,158.6,URGENT_REROUTE,True
CONT_004,2026-09-10 17:47:16.156195,Mango,11.29,89.26,0.08,NORMAL,2026-09-10,17,47,10.0,13.0,85.0,90.0,0.0,0.0,0.0,0.0,0.0,0.0,Low,False,False,False,0.3339228833333333,0.0333922883333333,0.0,0.0,0.0,0.0,0.33,Low,False,140,0.4,14000,18.48,0.46,NORMAL_TRANSIT,False
CONT_004,2026-09-10 17:47:36.191568,Tomato,11.42,86.83,0.13,NORMAL,2026-09-10,17,47,10.0,12.0,85.0,95.0,0.0,0.0,0.0,0.0,0.0,0.0,Low,False,False,False,0.10014875,0.010014875,0.0,0.0,0.0,0.0,0.1,Low,False,60,0.3,6000,1.8,0.06,NORMAL_TRANSIT,False
CONT_004,2026-09-10 17:47:42.200493,Tomato,11.21,88.63,0.09,NORMAL,2026-09-10,17,47,10.0,12.0,85.0,95.0,0.0,0.0,0.0,0.0,0.0,0.0,Low,False,False,False,0.24038985,0.024038985,0.0,0.0,0.0,0.0,0.24,Low,False,60,0.3,6000,4.32,0.14,NORMAL_TRANSIT,False
CONT_004,2026-09-10 17:47:56.623884,Tomato,11.54,92.35,0.05,NORMAL,2026-09-10,17,47,10.0,12.0,85.0,95.0,0.0,0.0,0.0,0.0,0.0,0.0,Low,False,False,False,0.1468460333333333,0.0146846033333333,0.0,0.0,0.0,0.0,0.15,Low,False,60,0.3,6000,2.7,0.09,NORMAL_TRANSIT,False
CONT_004,2026-09-10 17:48:05.434646,Banana,16.45,100.0,0.32,WARNING,2026-09-10,17,48,13.0,14.0,85.0,95.0,2.45,5.0,0.49,0.25,0.3,35.85,Medium,True,True,False,0.2363615666666666,0.0236361566666666,0.3585,0.49,0.25,0.3,32.92,Medium,False,70,0.35,7000,806.54,23.04,NORMAL_TRANSIT,False
CONT_004,2026-09-10 17:48:19.616340,Mango,12.66,86.14,0.18,NORMAL,2026-09-10,17,48,10.0,13.0,85.0,90.0,0.0,0.0,0.0,0.0,0.0,0.0,Low,False,False,False,0.1735959166666666,0.0173595916666666,0.0,0.0,0.0,0.0,0.17,Low,False,140,0.4,14000,9.52,0.24,NORMAL_TRANSIT,False
CONT_004,2026-09-10 17:48:30.032095,Avocado,7.62,87.95,0.13,NORMAL,2026-09-10,17,48,5.0,13.0,85.0,95.0,0.0,0.0,0.0,0.0,0.0,0.0,Low,False,False,False,0.0380625166666666,0.0038062516666666,0.0,0.0,0.0,0.0,0.04,Low,False,180,0.45,18000,3.24,0.07,NORMAL_TRANSIT,False
CONT_004,2026-09-10 17:48:32.315846,Mango,11.31,87.04,0.08,NORMAL,2026-09-10,17,48,10.0,13.0,85.0,90.0,0.0,0.0,0.0,0.0,0.0,0.0,Low,False,False,False,0.0668558666666666,0.0066855866666666,0.0,0.0,0.0,0.0,0.07,Low,False,140,0.4,14000,3.92,0.1,NORMAL_TRANSIT,False
CONT_004,2026-09-10 17:48:36.327198,Tomato,13.51,65.39,0.2,WARNING,2026-09-10,17,48,10.0,12.0,85.0,95.0,1.51,19.61,0.302,0.9805,0.0,46.4,Medium,True,True,False,0.0333746166666666,0.0033374616666666,0.4639999999999999,0.302,0.9805,0.0,41.66,Medium,False,60,0.3,6000,749.88,25.0,MONITOR_CLOSELY,False
CONT_004,2026-09-10 17:48:38.329675,Banana,13.77,92.03,0.09,NORMAL,2026-09-10,17,48,13.0,14.0,85.0,95.0,0.0,0.0,0.0,0.0,0.0,0.0,Low,False,False,False,0.1431394666666666,0.0143139466666666,0.0,0.0,0.0,0.0,0.14,Low,False,70,0.35,7000,3.43,0.1,NORMAL_TRANSIT,False
CONT_004,2026-09-10 17:48:46.918043,Tomato,10.04,93.3,0.06,NORMAL,2026-09-10,17,48,10.0,12.0,85.0,95.0,0.0,0.0,0.0,0.0,0.0,0.0,Low,False,False,False,0.3006478833333333,0.0300647883333333,0.0,0.0,0.0,0.0,0.3,Low,False,60,0.3,6000,5.4,0.18,NORMAL_TRANSIT,False
CONT_004,2026-09-10 17:49:04.956916,Avocado,12.21,90.53,0.16,NORMAL,2026-09-10,17,49,5.0,13.0,85.0,95.0,0.0,0.0,0.0,0.0,0.0,0.0,Low,False,False,False,0.0348424333333333,0.0034842433333333,0.0,0.0,0.0,0.0,0.03,Low,False,180,0.45,18000,2.43,0.05,NORMAL_TRANSIT,False
CONT_004,2026-09-10 17:49:07.047462,Tomato,10.86,92.51,0.1,NORMAL,2026-09-10,17,49,10.0,12.0,85.0,95.0,0.0,0.0,0.0,0.0,0.0,0.0,Low,False,False,False,0.3762596666666666,0.0376259666666666,0.0,0.0,0.0,0.0,0.38,Low,False,60,0.3,6000,6.84,0.23,NORMAL_TRANSIT,False
CONT_004,2026-09-10 17:49:29.623042,Tomato,7.87,74.69,0.21,WARNING,2026-09-10,17,49,10.0,12.0,85.0,95.0,2.13,10.31,0.426,0.5155000000000001,0.0249999999999999,35.71,Medium,True,True,False,0.03340025,0.003340025,0.3571,0.426,0.5155000000000001,0.0249999999999999,32.61,Medium,False,60,0.3,6000,586.98,19.57,NORMAL_TRANSIT,False
CONT_004,2026-09-10 17:49:31.627057,Banana,13.86,92.92,0.11,NORMAL,2026-09-10,17,49,13.0,14.0,85.0,95.0,0.0,0.0,0.0,0.0,0.0,0.0,Low,False,False,False,0.1438607666666666,0.0143860766666666,0.0,0.0,0.0,0.0,0.14,Low,False,70,0.35,7000,3.43,0.1,NORMAL_TRANSIT,False
CONT_004,2026-09-10 17:49:40.258703,Tomato,11.64,89.44,0.07,NORMAL,2026-09-10,17,49,10.0,12.0,85.0,95.0,0.0,0.0,0.0,0.0,0.0,0.0,Low,False,False,False,0.2003341333333333,0.0200334133333333,0.0,0.0,0.0,0.0,0.2,Low,False,60,0.3,6000,3.6,0.12,NORMAL_TRANSIT,False
CONT_004,2026-09-10 17:49:52.278751,Mango,12.87,87.12,0.1,NORMAL,2026-09-10,17,49,10.0,13.0,85.0,90.0,0.0,0.0,0.0,0.0,0.0,0.0,Low,False,False,False,0.1669371333333333,0.0166937133333333,0.0,0.0,0.0,0.0,0.17,Low,False,140,0.4,14000,9.52,0.24,NORMAL_TRANSIT,False
CONT_004,2026-09-10 17:50:02.294979,Avocado,11.97,87.34,0.09,NORMAL,2026-09-10,17,50,5.0,13.0,85.0,95.0,0.0,0.0,0.0,0.0,0.0,0.0,Low,False,False,False,0.36811455,0.036811455,0.0,0.0,0.0,0.0,0.37,Low,False,180,0.45,18000,29.97,0.67,NORMAL_TRANSIT,False
CONT_004,2026-09-10 17:50:24.381852,Tomato,8.95,62.83,0.34,WARNING,2026-09-10,17,50,10.0,12.0,85.0,95.0,1.05,22.17,0.21,1.0,0.35,52.15,Medium,True,True,False,0.0675043,0.00675043,0.5215,0.21,1.0,0.35,46.24,Medium,False,60,0.3,6000,832.32,27.74,MONITOR_CLOSELY,False
CONT_004,2026-09-10 17:50:28.432110,Tomato,11.64,88.62,0.09,NORMAL,2026-09-10,17,50,10.0,12.0,85.0,95.0,0.0,0.0,0.0,0.0,0.0,0.0,Low,False,False,False,0.1674222333333333,0.0167422233333333,0.0,0.0,0.0,0.0,0.17,Low,False,60,0.3,6000,3.06,0.1,NORMAL_TRANSIT,False
CONT_004,2026-09-10 17:50:38.477444,Banana,13.72,93.1,0.1,NORMAL,2026-09-10,17,50,13.0,14.0,85.0,95.0,0.0,0.0,0.0,0.0,0.0,0.0,Low,False,False,False,0.3382161166666667,0.0338216116666666,0.0,0.0,0.0,0.0,0.34,Low,False,70,0.35,7000,8.33,0.24,NORMAL_TRANSIT,False
CONT_004,2026-09-10 17:50:58.770411,Avocado,7.99,94.98,0.07,NORMAL,2026-09-10,17,50,5.0,13.0,85.0,95.0,0.0,0.0,0.0,0.0,0.0,0.0,Low,False,False,False,2.0,0.2,0.0,0.0,0.0,0.0,2.0,Low,False,180,0.45,18000,162.0,3.6,NORMAL_TRANSIT,False
CONT_005,2026-09-10 17:39:36.870612,Tomato,10.18,91.05,0.15,NORMAL,2026-09-10,17,39,10.0,12.0,85.0,95.0,0.0,0.0,0.0,0.0,0.0,0.0,Low,False,False,False,0.0336596666666666,0.0033659666666666,0.0,0.0,0.0,0.0,0.03,Low,False,60,0.3,6000,0.54,0.02,NORMAL_TRANSIT,False
CONT_005,2026-09-10 17:39:38.890192,Avocado,6.54,85.3,0.17,NORMAL,2026-09-10,17,39,5.0,13.0,85.0,95.0,0.0,0.0,0.0,0.0,0.0,0.0,Low,False,False,False,0.0334872,0.00334872,0.0,0.0,0.0,0.0,0.03,Low,False,180,0.45,18000,2.43,0.05,NORMAL_TRANSIT,False
CONT_005,2026-09-10 17:39:40.899424,Tomato,14.06,100.0,0.33,WARNING,2026-09-10,17,39,10.0,12.0,85.0,95.0,2.06,5.0,0.412,0.25,0.325,33.36,Medium,True,True,False,0.1668999333333333,0.0166899933333333,0.3336,0.412,0.25,0.325,30.42,Medium,False,60,0.3,6000,547.56,18.25,NORMAL_TRANSIT,False
CONT_005,2026-09-10 17:39:50.913420,Avocado,5.74,85.64,0.16,NORMAL,2026-09-10,17,39,5.0,13.0,85.0,95.0,0.0,0.0,0.0,0.0,0.0,0.0,Low,False,False,False,0.0990798166666666,0.0099079816666666,0.0,0.0,0.0,0.0,0.1,Low,False,180,0.45,18000,8.1,0.18,NORMAL_TRANSIT,False
CONT_005,2026-09-10 17:39:56.858209,Avocado,9.91,93.24,0.08,NORMAL,2026-09-10,17,39,5.0,13.0,85.0,95.0,0.0,0.0,0.0,0.0,0.0,0.0,Low,False,False,False,0.0736784166666666,0.0073678416666666,0.0,0.0,0.0,0.0,0.07,Low,False,180,0.45,18000,5.67,0.13,NORMAL_TRANSIT,False
CONT_005,2026-09-10 17:40:01.278914,Avocado,12.88,87.29,0.12,NORMAL,2026-09-10,17,40,5.0,13.0,85.0,95.0,0.0,0.0,0.0,0.0,0.0,0.0,Low,False,False,False,0.19744305,0.019744305,0.0,0.0,0.0,0.0,0.2,Low,False,180,0.45,18000,16.2,0.36,NORMAL_TRANSIT,False
CONT_005,2026-09-10 17:40:13.125497,Banana,15.15,62.33,0.3,WARNING,2026-09-10,17,40,13.0,14.0,85.0,95.0,1.15,22.67,0.2299999999999999,1.0,0.2499999999999999,50.45,Medium,True,True,False,0.0334939166666666,0.0033493916666666,0.5045000000000001,0.2299999999999999,1.0,0.2499999999999999,44.84,Medium,False,70,0.35,7000,1098.58,31.39,MONITOR_CLOSELY,False
CONT_005,2026-09-10 17:40:15.135132,Mango,10.52,85.05,0.15,NORMAL,2026-09-10,17,40,10.0,13.0,85.0,90.0,0.0,0.0,0.0,0.0,0.0,0.0,Low,False,False,False,0.0708097999999999,0.0070809799999999,0.0,0.0,0.0,0.0,0.07,Low,False,140,0.4,14000,3.92,0.1,NORMAL_TRANSIT,False
CONT_005,2026-09-10 17:40:19.383720,Tomato,16.07,65.47,0.39,ANOMALY,2026-09-10,17,40,10.0,12.0,85.0,95.0,4.07,19.53,0.8140000000000001,0.9765,0.475,78.61,High,True,True,True,0.03338085,0.003338085,0.7861,0.8140000000000001,0.9765,0.475,71.09,High,True,60,0.3,6000,1279.62,42.65,PRIORITIZE_DELIVERY,False
CONT_005,2026-09-10 17:40:21.386571,Tomato,10.01,93.17,0.07,NORMAL,2026-09-10,17,40,10.0,12.0,85.0,95.0,0.0,0.0,0.0,0.0,0.0,0.0,Low,False,False,False,0.0667638666666666,0.0066763866666666,0.0,0.0,0.0,0.0,0.07,Low,False,60,0.3,6000,1.26,0.04,NORMAL_TRANSIT,False
CONT_005,2026-09-10 17:40:25.392403,Banana,13.01,90.54,0.07,NORMAL,2026-09-10,17,40,13.0,14.0,85.0,95.0,0.0,0.0,0.0,0.0,0.0,0.0,Low,False,False,False,0.1666699999999999,0.0166669999999999,0.0,0.0,0.0,0.0,0.17,Low,False,70,0.35,7000,4.16,0.12,NORMAL_TRANSIT,False
CONT_005,2026-09-10 17:40:35.392603,Banana,13.38,90.41,0.1,NORMAL,2026-09-10,17,40,13.0,14.0,85.0,95.0,0.0,0.0,0.0,0.0,0.0,0.0,Low,False,False,False,0.0769740666666666,0.0076974066666666,0.0,0.0,0.0,0.0,0.08,Low,False,70,0.35,7000,1.96,0.06,NORMAL_TRANSIT,False
CONT_005,2026-09-10 17:40:40.011047,Avocado,5.76,91.84,0.1,NORMAL,2026-09-10,17,40,5.0,13.0,85.0,95.0,0.0,0.0,0.0,0.0,0.0,0.0,Low,False,False,False,0.0648783833333333,0.0064878383333333,0.0,0.0,0.0,0.0,0.06,Low,False,180,0.45,18000,4.86,0.11,NORMAL_TRANSIT,False
CONT_005,2026-09-10 17:40:43.903750,Banana,15.67,100.0,0.2,WARNING,2026-09-10,17,40,13.0,14.0,85.0,95.0,1.67,5.0,0.3339999999999999,0.25,0.0,22.11,Low,True,True,False,0.14124155,0.014124155,0.2211,0.3339999999999999,0.25,0.0,20.52,Low,False,70,0.35,7000,502.74,14.36,NORMAL_TRANSIT,False
CONT_005,2026-09-10 17:40:52.378243,Avocado,2.48,100.0,0.2,WARNING,2026-09-10,17,40,5.0,13.0,85.0,95.0,2.52,5.0,0.504,0.25,0.0,28.91,Medium,True,True,False,0.00067225,6.7225e-05,0.2891,0.504,0.25,0.0,26.84,Medium,False,180,0.45,18000,2174.04,48.31,NORMAL_TRANSIT,False
CONT_005,2026-09-10 17:40:52.418578,Tomato,10.35,90.86,0.17,NORMAL,2026-09-10,17,40,10.0,12.0,85.0,95.0,0.0,0.0,0.0,0.0,0.0,0.0,Low,False,False,False,0.0328174166666666,0.0032817416666666,0.0,0.0,0.0,0.0,0.03,Low,False,60,0.3,6000,0.54,0.02,NORMAL_TRANSIT,False
CONT_005,2026-09-10 17:40:54.387623,Banana,13.39,86.64,0.08,NORMAL,2026-09-10,17,40,13.0,14.0,85.0,95.0,0.0,0.0,0.0,0.0,0.0,0.0,Low,False,False,False,0.1319014833333333,0.0131901483333333,0.0,0.0,0.0,0.0,0.13,Low,False,70,0.35,7000,3.18,0.09,NORMAL_TRANSIT,False
CONT_005,2026-09-10 17:41:02.301712,Tomato,11.7,92.15,0.12,NORMAL,2026-09-10,17,41,10.0,12.0,85.0,95.0,0.0,0.0,0.0,0.0,0.0,0.0,Low,False,False,False,0.0334765833333333,0.0033476583333333,0.0,0.0,0.0,0.0,0.03,Low,False,60,0.3,6000,0.54,0.02,NORMAL_TRANSIT,False
CONT_005,2026-09-10 17:41:04.310307,Banana,13.77,93.71,0.07,NORMAL,2026-09-10,17,41,13.0,14.0,85.0,95.0,0.0,0.0,0.0,0.0,0.0,0.0,Low,False,False,False,0.1345527833333333,0.0134552783333333,0.0,0.0,0.0,0.0,0.13,Low,False,70,0.35,7000,3.18,0.09,NORMAL_TRANSIT,False
CONT_005,2026-09-10 17:41:12.383474,Tomato,11.94,94.97,0.06,NORMAL,2026-09-10,17,41,10.0,12.0,85.0,95.0,0.0,0.0,0.0,0.0,0.0,0.0,Low,False,False,False,0.1350013666666666,0.0135001366666666,0.0,0.0,0.0,0.0,0.14,Low,False,60,0.3,6000,2.52,0.08,NORMAL_TRANSIT,False
CONT_005,2026-09-10 17:41:20.483556,Mango,12.39,88.56,0.16,NORMAL,2026-09-10,17,41,10.0,13.0,85.0,90.0,0.0,0.0,0.0,0.0,0.0,0.0,Low,False,False,False,0.1024122333333333,0.0102412233333333,0.0,0.0,0.0,0.0,0.1,Low,False,140,0.4,14000,5.6,0.14,NORMAL_TRANSIT,False
CONT_005,2026-09-10 17:41:26.628290,Mango,10.38,89.19,0.15,NORMAL,2026-09-10,17,41,10.0,13.0,85.0,90.0,0.0,0.0,0.0,0.0,0.0,0.0,Low,False,False,False,0.1670939166666666,0.0167093916666666,0.0,0.0,0.0,0.0,0.17,Low,False,140,0.4,14000,9.52,0.24,NORMAL_TRANSIT,False
CONT_005,2026-09-10 17:41:36.653925,Mango,5.2,68.88,0.55,ANOMALY,2026-09-10,17,41,10.0,13.0,85.0,90.0,4.8,16.12,0.96,0.806,0.875,88.48,Critical,True,True,True,0.2388053666666666,0.0238805366666666,0.8848,0.96,0.806,0.875,80.09,Critical,True,140,0.4,14000,4485.04,112.13,URGENT_REROUTE,True
CONT_005,2026-09-10 17:41:50.982247,Mango,12.72,88.74,0.13,NORMAL,2026-09-10,17,41,10.0,13.0,85.0,90.0,0.0,0.0,0.0,0.0,0.0,0.0,Low,False,False,False,0.1349976666666666,0.0134997666666666,0.0,0.0,0.0,0.0,0.13,Low,False,140,0.4,14000,7.28,0.18,NORMAL_TRANSIT,False
CONT_005,2026-09-10 17:41:59.082107,Tomato,11.05,90.36,0.1,NORMAL,2026-09-10,17,41,10.0,12.0,85.0,95.0,0.0,0.0,0.0,0.0,0.0,0.0,Low,False,False,False,0.0334010166666666,0.0033401016666666,0.0,0.0,0.0,0.0,0.03,Low,False,60,0.3,6000,0.54,0.02,NORMAL_TRANSIT,False
CONT_005,2026-09-10 17:42:01.086168,Mango,12.05,85.71,0.06,NORMAL,2026-09-10,17,42,10.0,13.0,85.0,90.0,0.0,0.0,0.0,0.0,0.0,0.0,Low,False,False,False,0.0342791833333333,0.0034279183333333,0.0,0.0,0.0,0.0,0.03,Low,False,140,0.4,14000,1.68,0.04,NORMAL_TRANSIT,False
CONT_005,2026-09-10 17:42:03.142919,Avocado,6.92,87.94,0.15,NORMAL,2026-09-10,17,42,5.0,13.0,85.0,95.0,0.0,0.0,0.0,0.0,0.0,0.0,Low,False,False,False,0.0674716333333333,0.0067471633333333,0.0,0.0,0.0,0.0,0.07,Low,False,180,0.45,18000,5.67,0.13,NORMAL_TRANSIT,False
CONT_005,2026-09-10 17:42:07.191217,Banana,13.36,86.24,0.05,NORMAL,2026-09-10,17,42,13.0,14.0,85.0,95.0,0.0,0.0,0.0,0.0,0.0,0.0,Low,False,False,False,0.00012555,1.2555e-05,0.0,0.0,0.0,0.0,0.0,Low,False,70,0.35,7000,0.0,0.0,NORMAL_TRANSIT,False
CONT_005,2026-09-10 17:42:07.198750,Avocado,2.04,100.0,0.26,WARNING,2026-09-10,17,42,5.0,13.0,85.0,95.0,2.96,5.0,0.592,0.25,0.15,36.18,Medium,True,True,False,0.13344595,0.013344595,0.3618,0.592,0.25,0.15,33.5,Medium,False,180,0.45,18000,2713.5,60.3,NORMAL_TRANSIT,False
CONT_005,2026-09-10 17:42:15.205507,Tomato,11.46,93.98,0.07,NORMAL,2026-09-10,17,42,10.0,12.0,85.0,95.0,0.0,0.0,0.0,0.0,0.0,0.0,Low,False,False,False,0.0336064833333333,0.0033606483333333,0.0,0.0,0.0,0.0,0.03,Low,False,60,0.3,6000,0.54,0.02,NORMAL_TRANSIT,False
CONT_005,2026-09-10 17:42:17.221896,Tomato,11.95,92.78,0.08,NORMAL,2026-09-10,17,42,10.0,12.0,85.0,95.0,0.0,0.0,0.0,0.0,0.0,0.0,Low,False,False,False,0.2676579166666666,0.0267657916666666,0.0,0.0,0.0,0.0,0.27,Low,False,60,0.3,6000,4.86,0.16,NORMAL_TRANSIT,False
CONT_005,2026-09-10 17:42:33.281371,Avocado,18.85,100.0,0.41,ANOMALY,2026-09-10,17,42,5.0,13.0,85.0,95.0,5.85,5.0,1.0,0.25,0.5249999999999999,61.88,High,True,True,True,0.0667936166666666,0.0066793616666666,0.6188,1.0,0.25,0.5249999999999999,56.91,Medium,False,180,0.45,18000,4609.71,102.44,MONITOR_CLOSELY,False
CONT_005,2026-09-10 17:42:37.288988,Banana,13.24,90.8,0.14,NORMAL,2026-09-10,17,42,13.0,14.0,85.0,95.0,0.0,0.0,0.0,0.0,0.0,0.0,Low,False,False,False,0.0333771166666666,0.0033377116666666,0.0,0.0,0.0,0.0,0.03,Low,False,70,0.35,7000,0.74,0.02,NORMAL_TRANSIT,False
CONT_005,2026-09-10 17:42:39.291615,Mango,11.45,86.55,0.13,NORMAL,2026-09-10,17,42,10.0,13.0,85.0,90.0,0.0,0.0,0.0,0.0,0.0,0.0,Low,False,False,False,0.0334801833333333,0.0033480183333333,0.0,0.0,0.0,0.0,0.03,Low,False,140,0.4,14000,1.68,0.04,NORMAL_TRANSIT,False
CONT_005,2026-09-10 17:42:41.300426,Avocado,14.15,70.05,0.3,WARNING,2026-09-10,17,42,5.0,13.0,85.0,95.0,1.15,14.95,0.2299999999999999,0.7474999999999999,0.2499999999999999,41.61,Medium,True,True,False,0.1001602166666666,0.0100160216666666,0.4160999999999999,0.2299999999999999,0.7474999999999999,0.2499999999999999,37.14,Medium,False,180,0.45,18000,3008.34,66.85,NORMAL_TRANSIT,False
CONT_005,2026-09-10 17:42:47.310039,Mango,11.53,86.88,0.14,NORMAL,2026-09-10,17,42,10.0,13.0,85.0,90.0,0.0,0.0,0.0,0.0,0.0,0.0,Low,False,False,False,0.1002200833333333,0.0100220083333333,0.0,0.0,0.0,0.0,0.1,Low,False,140,0.4,14000,5.6,0.14,NORMAL_TRANSIT,False
CONT_005,2026-09-10 17:42:53.323244,Mango,14.71,63.47,0.29,WARNING,2026-09-10,17,42,10.0,13.0,85.0,90.0,1.71,21.53,0.3419999999999999,1.0,0.2249999999999999,54.31,Medium,True,True,False,2.7166666666666668e-06,2.716666666666667e-07,0.5431,0.3419999999999999,1.0,0.2249999999999999,48.53,Medium,False,140,0.4,14000,2717.68,67.94,MONITOR_CLOSELY,False
CONT_005,2026-09-10 17:42:53.323407,Tomato,14.07,69.56,0.27,WARNING,2026-09-10,17,42,10.0,12.0,85.0,95.0,2.07,15.44,0.414,0.772,0.175,47.96,Medium,True,True,False,0.1101573833333333,0.0110157383333333,0.4796,0.414,0.772,0.175,43.3,Medium,False,60,0.3,6000,779.4,25.98,MONITOR_CLOSELY,False
CONT_005,2026-09-10 17:42:59.932850,Tomato,11.79,85.66,0.15,NORMAL,2026-09-10,17,42,10.0,12.0,85.0,95.0,0.0,0.0,0.0,0.0,0.0,0.0,Low,False,False,False,0.1671048666666666,0.0167104866666666,0.0,0.0,0.0,0.0,0.17,Low,False,60,0.3,6000,3.06,0.1,NORMAL_TRANSIT,False
CONT_005,2026-09-10 17:43:09.959142,Mango,12.32,85.91,0.09,NORMAL,2026-09-10,17,43,10.0,13.0,85.0,90.0,0.0,0.0,0.0,0.0,0.0,0.0,Low,False,False,False,0.0337492499999999,0.0033749249999999,0.0,0.0,0.0,0.0,0.03,Low,False,140,0.4,14000,1.68,0.04,NORMAL_TRANSIT,False
CONT_005,2026-09-10 17:43:11.984097,Tomato,11.38,90.51,0.2,NORMAL,2026-09-10,17,43,10.0,12.0,85.0,95.0,0.0,0.0,0.0,0.0,0.0,0.0,Low,False,False,False,0.0664702666666666,0.0066470266666666,0.0,0.0,0.0,0.0,0.07,Low,False,60,0.3,6000,1.26,0.04,NORMAL_TRANSIT,False
CONT_005,2026-09-10 17:43:15.972313,Tomato,11.14,89.23,0.09,NORMAL,2026-09-10,17,43,10.0,12.0,85.0,95.0,0.0,0.0,0.0,0.0,0.0,0.0,Low,False,False,False,0.0354896166666666,0.0035489616666666,0.0,0.0,0.0,0.0,0.04,Low,False,60,0.3,6000,0.72,0.02,NORMAL_TRANSIT,False
CONT_005,2026-09-10 17:43:18.101690,Banana,16.45,61.86,0.34,WARNING,2026-09-10,17,43,13.0,14.0,85.0,95.0,2.45,23.14,0.49,1.0,0.35,63.35,High,True,True,False,0.0728978166666666,0.0072897816666666,0.6335000000000001,0.49,1.0,0.35,56.88,Medium,False,70,0.35,7000,1393.56,39.82,MONITOR_CLOSELY,False
CONT_005,2026-09-10 17:43:22.475559,Tomato,11.54,88.39,0.12,NORMAL,2026-09-10,17,43,10.0,12.0,85.0,95.0,0.0,0.0,0.0,0.0,0.0,0.0,Low,False,False,False,0.0745482833333333,0.0074548283333333,0.0,0.0,0.0,0.0,0.07,Low,False,60,0.3,6000,1.26,0.04,NORMAL_TRANSIT,False
CONT_005,2026-09-10 17:43:26.948456,Tomato,4.05,100.0,0.36,ANOMALY,2026-09-10,17,43,10.0,12.0,85.0,95.0,5.95,5.0,1.0,0.25,0.3999999999999999,58.75,Medium,True,True,True,0.1339980333333333,0.0133998033333333,0.5875,1.0,0.25,0.3999999999999999,54.32,Medium,False,60,0.3,6000,977.76,32.59,MONITOR_CLOSELY,False
CONT_005,2026-09-10 17:43:34.988338,Tomato,7.76,100.0,0.26,WARNING,2026-09-10,17,43,10.0,12.0,85.0,95.0,2.24,5.0,0.448,0.25,0.15,30.42,Medium,True,True,False,0.0032951666666666,0.0003295166666666,0.3042,0.448,0.25,0.15,27.9,Medium,False,60,0.3,6000,502.2,16.74,NORMAL_TRANSIT,False
CONT_005,2026-09-10 17:43:35.186048,Mango,10.52,88.92,0.07,NORMAL,2026-09-10,17,43,10.0,13.0,85.0,90.0,0.0,0.0,0.0,0.0,0.0,0.0,Low,False,False,False,0.0637452166666666,0.0063745216666666,0.0,0.0,0.0,0.0,0.06,Low,False,140,0.4,14000,3.36,0.08,NORMAL_TRANSIT,False
CONT_005,2026-09-10 17:43:39.010761,Avocado,10.69,85.99,0.05,NORMAL,2026-09-10,17,43,5.0,13.0,85.0,95.0,0.0,0.0,0.0,0.0,0.0,0.0,Low,False,False,False,0.1001814166666666,0.0100181416666666,0.0,0.0,0.0,0.0,0.1,Low,False,180,0.45,18000,8.1,0.18,NORMAL_TRANSIT,False
CONT_005,2026-09-10 17:43:45.021646,Banana,13.63,88.18,0.16,NORMAL,2026-09-10,17,43,13.0,14.0,85.0,95.0,0.0,0.0,0.0,0.0,0.0,0.0,Low,False,False,False,0.1002710333333333,0.0100271033333333,0.0,0.0,0.0,0.0,0.1,Low,False,70,0.35,7000,2.45,0.07,NORMAL_TRANSIT,False
CONT_005,2026-09-10 17:43:51.037908,Mango,17.14,67.35,0.55,ANOMALY,2026-09-10,17,43,10.0,13.0,85.0,90.0,4.14,17.65,0.828,0.8825,0.875,85.88,Critical,True,True,True,0.1397546166666666,0.0139754616666666,0.8588,0.828,0.8825,0.875,77.33,High,True,140,0.4,14000,4330.48,108.26,PRIORITIZE_DELIVERY,True
CONT_005,2026-09-10 17:43:59.423185,Avocado,9.95,86.54,0.15,NORMAL,2026-09-10,17,43,5.0,13.0,85.0,95.0,0.0,0.0,0.0,0.0,0.0,0.0,Low,False,False,False,0.0272152666666666,0.0027215266666666,0.0,0.0,0.0,0.0,0.03,Low,False,180,0.45,18000,2.43,0.05,NORMAL_TRANSIT,False
CONT_005,2026-09-10 17:44:01.056101,Avocado,7.97,90.41,0.15,NORMAL,2026-09-10,17,44,5.0,13.0,85.0,95.0,0.0,0.0,0.0,0.0,0.0,0.0,Low,False,False,False,0.0334406499999999,0.0033440649999999,0.0,0.0,0.0,0.0,0.03,Low,False,180,0.45,18000,2.43,0.05,NORMAL_TRANSIT,False
CONT_005,2026-09-10 17:44:03.062540,Mango,10.74,87.04,0.17,NORMAL,2026-09-10,17,44,10.0,13.0,85.0,90.0,0.0,0.0,0.0,0.0,0.0,0.0,Low,False,False,False,0.0739743833333333,0.0073974383333333,0.0,0.0,0.0,0.0,0.07,Low,False,140,0.4,14000,3.92,0.1,NORMAL_TRANSIT,False
CONT_005,2026-09-10 17:44:07.501003,Banana,13.18,90.17,0.1,NORMAL,2026-09-10,17,44,13.0,14.0,85.0,95.0,0.0,0.0,0.0,0.0,0.0,0.0,Low,False,False,False,0.0282486666666666,0.0028248666666666,0.0,0.0,0.0,0.0,0.03,Low,False,70,0.35,7000,0.74,0.02,NORMAL_TRANSIT,False
CONT_005,2026-09-10 17:44:09.195923,Banana,13.14,91.75,0.15,NORMAL,2026-09-10,17,44,13.0,14.0,85.0,95.0,0.0,0.0,0.0,0.0,0.0,0.0,Low,False,False,False,0.0051281166666666,0.0005128116666666,0.0,0.0,0.0,0.0,0.01,Low,False,70,0.35,7000,0.25,0.01,NORMAL_TRANSIT,False
CONT_005,2026-09-10 17:44:09.503610,Avocado,3.26,68.96,0.22,WARNING,2026-09-10,17,44,5.0,13.0,85.0,95.0,1.74,16.04,0.348,0.8019999999999999,0.0499999999999999,43.24,Medium,True,True,False,0.20051675,0.0200516749999999,0.4324,0.348,0.8019999999999999,0.0499999999999999,39.15,Medium,False,180,0.45,18000,3171.15,70.47,NORMAL_TRANSIT,False
CONT_005,2026-09-10 17:44:21.534615,Banana,13.88,94.05,0.11,NORMAL,2026-09-10,17,44,13.0,14.0,85.0,95.0,0.0,0.0,0.0,0.0,0.0,0.0,Low,False,False,False,0.02981945,0.002981945,0.0,0.0,0.0,0.0,0.03,Low,False,70,0.35,7000,0.74,0.02,NORMAL_TRANSIT,False
CONT_005,2026-09-10 17:44:23.323782,Banana,13.0,94.95,0.16,NORMAL,2026-09-10,17,44,13.0,14.0,85.0,95.0,0.0,0.0,0.0,0.0,0.0,0.0,Low,False,False,False,0.0337958333333333,0.0033795833333333,0.0,0.0,0.0,0.0,0.03,Low,False,70,0.35,7000,0.74,0.02,NORMAL_TRANSIT,False
CONT_005,2026-09-10 17:44:25.351532,Banana,13.94,92.19,0.14,NORMAL,2026-09-10,17,44,13.0,14.0,85.0,95.0,0.0,0.0,0.0,0.0,0.0,0.0,Low,False,False,False,0.1033376833333333,0.0103337683333333,0.0,0.0,0.0,0.0,0.1,Low,False,70,0.35,7000,2.45,0.07,NORMAL_TRANSIT,False
CONT_005,2026-09-10 17:44:31.551793,Mango,10.88,85.45,0.12,NORMAL,2026-09-10,17,44,10.0,13.0,85.0,90.0,0.0,0.0,0.0,0.0,0.0,0.0,Low,False,False,False,0.16425555,0.016425555,0.0,0.0,0.0,0.0,0.16,Low,False,140,0.4,14000,8.96,0.22,NORMAL_TRANSIT,False
CONT_005,2026-09-10 17:44:41.407126,Banana,10.49,67.26,0.29,WARNING,2026-09-10,17,44,13.0,14.0,85.0,95.0,2.51,17.74,0.502,0.8869999999999999,0.2249999999999999,56.75,Medium,True,True,False,0.0034589833333333,0.0003458983333333,0.5675,0.502,0.8869999999999999,0.2249999999999999,51.14,Medium,False,70,0.35,7000,1252.93,35.8,MONITOR_CLOSELY,False
CONT_005,2026-09-10 17:44:41.614665,Mango,8.99,69.01,0.34,WARNING,2026-09-10,17,44,10.0,13.0,85.0,90.0,1.01,15.99,0.202,0.7995,0.35,44.81,Medium,True,True,False,0.2638674333333333,0.0263867433333333,0.4481,0.202,0.7995,0.35,39.96,Medium,False,140,0.4,14000,2237.76,55.94,NORMAL_TRANSIT,False
CONT_005,2026-09-10 17:44:57.446711,Tomato,7.02,100.0,0.25,WARNING,2026-09-10,17,44,10.0,12.0,85.0,95.0,2.98,5.0,0.596,0.25,0.1249999999999999,35.71,Medium,True,True,False,0.0370652,0.00370652,0.3571,0.596,0.25,0.1249999999999999,33.03,Medium,False,60,0.3,6000,594.54,19.82,NORMAL_TRANSIT,False
CONT_005,2026-09-10 17:44:59.670623,Tomato,10.22,87.38,0.2,NORMAL,2026-09-10,17,44,10.0,12.0,85.0,95.0,0.0,0.0,0.0,0.0,0.0,0.0,Low,False,False,False,1.1923301666666668,0.1192330166666666,0.0,0.0,0.0,0.0,1.19,Low,False,60,0.3,6000,21.42,0.71,NORMAL_TRANSIT,False
CONT_005,2026-09-10 17:46:11.210433,Banana,13.58,88.61,0.05,NORMAL,2026-09-10,17,46,13.0,14.0,85.0,95.0,0.0,0.0,0.0,0.0,0.0,0.0,Low,False,False,False,0.1007379166666666,0.0100737916666666,0.0,0.0,0.0,0.0,0.1,Low,False,70,0.35,7000,2.45,0.07,NORMAL_TRANSIT,False
CONT_005,2026-09-10 17:46:17.254708,Banana,13.59,93.79,0.14,NORMAL,2026-09-10,17,46,13.0,14.0,85.0,95.0,0.0,0.0,0.0,0.0,0.0,0.0,Low,False,False,False,0.0347815833333333,0.0034781583333333,0.0,0.0,0.0,0.0,0.03,Low,False,70,0.35,7000,0.74,0.02,NORMAL_TRANSIT,False
CONT_005,2026-09-10 17:46:19.341603,Mango,19.93,63.17,0.35,ANOMALY,2026-09-10,17,46,10.0,13.0,85.0,90.0,6.93,21.83,1.0,1.0,0.3749999999999999,84.38,Critical,True,True,False,0.1012188833333333,0.0101218883333333,0.8438,1.0,1.0,0.3749999999999999,76.82,High,True,140,0.4,14000,4301.92,107.55,PRIORITIZE_DELIVERY,True
CONT_005,2026-09-10 17:46:25.414736,Tomato,11.37,89.53,0.12,NORMAL,2026-09-10,17,46,10.0,12.0,85.0,95.0,0.0,0.0,0.0,0.0,0.0,0.0,Low,False,False,False,0.1053562666666666,0.0105356266666666,0.0,0.0,0.0,0.0,0.11,Low,False,60,0.3,6000,1.98,0.07,NORMAL_TRANSIT,False
CONT_005,2026-09-10 17:46:31.736112,Mango,12.68,86.78,0.13,NORMAL,2026-09-10,17,46,10.0,13.0,85.0,90.0,0.0,0.0,0.0,0.0,0.0,0.0,Low,False,False,False,0.13357045,0.013357045,0.0,0.0,0.0,0.0,0.13,Low,False,140,0.4,14000,7.28,0.18,NORMAL_TRANSIT,False
CONT_005,2026-09-10 17:46:39.750339,Tomato,11.9,89.96,0.07,NORMAL,2026-09-10,17,46,10.0,12.0,85.0,95.0,0.0,0.0,0.0,0.0,0.0,0.0,Low,False,False,False,0.0333971333333333,0.0033397133333333,0.0,0.0,0.0,0.0,0.03,Low,False,60,0.3,6000,0.54,0.02,NORMAL_TRANSIT,False
CONT_005,2026-09-10 17:46:41.754167,Tomato,6.45,100.0,0.59,ANOMALY,2026-09-10,17,46,10.0,12.0,85.0,95.0,3.55,5.0,0.71,0.25,0.975,61.52,High,True,True,True,0.0334085333333333,0.0033408533333333,0.6152000000000001,0.71,0.25,0.975,55.42,Medium,False,60,0.3,6000,997.56,33.25,MONITOR_CLOSELY,False
CONT_005,2026-09-10 17:46:43.758679,Avocado,6.9,85.95,0.19,NORMAL,2026-09-10,17,46,5.0,13.0,85.0,95.0,0.0,0.0,0.0,0.0,0.0,0.0,Low,False,False,False,0.0333994833333333,0.0033399483333333,0.0,0.0,0.0,0.0,0.03,Low,False,180,0.45,18000,2.43,0.05,NORMAL_TRANSIT,False
CONT_005,2026-09-10 17:46:45.762648,Mango,10.75,86.4,0.2,NORMAL,2026-09-10,17,46,10.0,13.0,85.0,90.0,0.0,0.0,0.0,0.0,0.0,0.0,Low,False,False,False,0.0333853166666666,0.0033385316666666,0.0,0.0,0.0,0.0,0.03,Low,False,140,0.4,14000,1.68,0.04,NORMAL_TRANSIT,False
CONT_005,2026-09-10 17:46:47.765767,Banana,13.72,94.02,0.19,NORMAL,2026-09-10,17,46,13.0,14.0,85.0,95.0,0.0,0.0,0.0,0.0,0.0,0.0,Low,False,False,False,0.2711687166666667,0.0271168716666666,0.0,0.0,0.0,0.0,0.27,Low,False,70,0.35,7000,6.62,0.19,NORMAL_TRANSIT,False
CONT_005,2026-09-10 17:47:04.035890,Tomato,8.23,100.0,0.24,WARNING,2026-09-10,17,47,10.0,12.0,85.0,95.0,1.77,5.0,0.354,0.25,0.0999999999999999,25.41,Medium,True,True,False,0.06687185,0.006687185,0.2541,0.354,0.25,0.0999999999999999,23.33,Low,False,60,0.3,6000,419.94,14.0,NORMAL_TRANSIT,False
CONT_005,2026-09-10 17:47:08.048201,Avocado,9.86,87.02,0.19,NORMAL,2026-09-10,17,47,5.0,13.0,85.0,95.0,0.0,0.0,0.0,0.0,0.0,0.0,Low,False,False,False,0.2686652333333333,0.0268665233333333,0.0,0.0,0.0,0.0,0.27,Low,False,180,0.45,18000,21.87,0.49,NORMAL_TRANSIT,False
CONT_005,2026-09-10 17:47:24.168115,Mango,4.8,73.66,0.47,ANOMALY,2026-09-10,17,47,10.0,13.0,85.0,90.0,5.2,11.34,1.0,0.567,0.6749999999999998,76.72,High,True,True,True,0.1335757333333333,0.0133575733333333,0.7672,1.0,0.567,0.6749999999999998,69.91,High,True,140,0.4,14000,3914.96,97.87,PRIORITIZE_DELIVERY,True
CONT_005,2026-09-10 17:47:32.182659,Banana,20.93,68.24,0.41,ANOMALY,2026-09-10,17,47,13.0,14.0,85.0,95.0,6.93,16.76,1.0,0.8380000000000001,0.5249999999999999,82.46,Critical,True,True,True,0.0333854333333333,0.0033385433333333,0.8245999999999999,1.0,0.8380000000000001,0.5249999999999999,74.96,High,True,70,0.35,7000,1836.52,52.47,PRIORITIZE_DELIVERY,False
CONT_005,2026-09-10 17:47:34.185785,Mango,11.98,85.9,0.07,NORMAL,2026-09-10,17,47,10.0,13.0,85.0,90.0,0.0,0.0,0.0,0.0,0.0,0.0,Low,False,False,False,0.1001991833333333,0.0100199183333333,0.0,0.0,0.0,0.0,0.1,Low,False,140,0.4,14000,5.6,0.14,NORMAL_TRANSIT,False
CONT_005,2026-09-10 17:47:40.197736,Mango,12.06,86.01,0.2,NORMAL,2026-09-10,17,47,10.0,13.0,85.0,90.0,0.0,0.0,0.0,0.0,0.0,0.0,Low,False,False,False,0.13362645,0.013362645,0.0,0.0,0.0,0.0,0.13,Low,False,140,0.4,14000,7.28,0.18,NORMAL_TRANSIT,False
CONT_005,2026-09-10 17:47:48.215323,Tomato,13.73,67.28,0.22,WARNING,2026-09-10,17,47,10.0,12.0,85.0,95.0,1.73,17.72,0.346,0.8859999999999999,0.0499999999999999,46.1,Medium,True,True,False,0.4205320833333333,0.0420532083333333,0.461,0.346,0.8859999999999999,0.0499999999999999,41.88,Medium,False,60,0.3,6000,753.84,25.13,MONITOR_CLOSELY,False
CONT_005,2026-09-10 17:48:13.447248,Banana,13.21,86.42,0.13,NORMAL,2026-09-10,17,48,13.0,14.0,85.0,95.0,0.0,0.0,0.0,0.0,0.0,0.0,Low,False,False,False,0.06934825,0.006934825,0.0,0.0,0.0,0.0,0.07,Low,False,70,0.35,7000,1.72,0.05,NORMAL_TRANSIT,False
CONT_005,2026-09-10 17:48:17.608143,Tomato,10.93,94.8,0.14,NORMAL,2026-09-10,17,48,10.0,12.0,85.0,95.0,0.0,0.0,0.0,0.0,0.0,0.0,Low,False,False,False,0.1008163166666666,0.0100816316666666,0.0,0.0,0.0,0.0,0.1,Low,False,60,0.3,6000,1.8,0.06,NORMAL_TRANSIT,False
CONT_005,2026-09-10 17:48:23.657122,Banana,17.73,69.82,0.42,ANOMALY,2026-09-10,17,48,13.0,14.0,85.0,95.0,3.73,15.18,0.746,0.759,0.5499999999999999,70.15,High,True,True,True,0.1777608666666666,0.0177760866666666,0.7015,0.746,0.759,0.5499999999999999,63.55,High,True,70,0.35,7000,1556.98,44.48,PRIORITIZE_DELIVERY,False
CONT_005,2026-09-10 17:48:34.322774,Mango,12.7,86.06,0.18,NORMAL,2026-09-10,17,48,10.0,13.0,85.0,90.0,0.0,0.0,0.0,0.0,0.0,0.0,Low,False,False,False,0.1431467333333333,0.0143146733333333,0.0,0.0,0.0,0.0,0.14,Low,False,140,0.4,14000,7.84,0.2,NORMAL_TRANSIT,False
CONT_005,2026-09-10 17:48:42.911578,Banana,13.1,94.93,0.11,NORMAL,2026-09-10,17,48,13.0,14.0,85.0,95.0,0.0,0.0,0.0,0.0,0.0,0.0,Low,False,False,False,0.0333791166666666,0.0033379116666666,0.0,0.0,0.0,0.0,0.03,Low,False,70,0.35,7000,0.74,0.02,NORMAL_TRANSIT,False
CONT_005,2026-09-10 17:48:44.914325,Mango,12.75,86.9,0.06,NORMAL,2026-09-10,17,48,10.0,13.0,85.0,90.0,0.0,0.0,0.0,0.0,0.0,0.0,Low,False,False,False,0.3005996833333333,0.0300599683333333,0.0,0.0,0.0,0.0,0.3,Low,False,140,0.4,14000,16.8,0.42,NORMAL_TRANSIT,False
CONT_005,2026-09-10 17:49:02.950306,Mango,8.48,100.0,0.21,WARNING,2026-09-10,17,49,10.0,13.0,85.0,90.0,1.52,10.0,0.304,0.5,0.0249999999999999,30.28,Medium,True,True,False,0.1080392333333333,0.0108039233333333,0.3028,0.304,0.5,0.0249999999999999,27.56,Medium,False,140,0.4,14000,1543.36,38.58,NORMAL_TRANSIT,False
CONT_005,2026-09-10 17:49:09.432660,Tomato,10.71,88.02,0.09,NORMAL,2026-09-10,17,49,10.0,12.0,85.0,95.0,0.0,0.0,0.0,0.0,0.0,0.0,Low,False,False,False,0.03429835,0.003429835,0.0,0.0,0.0,0.0,0.03,Low,False,60,0.3,6000,0.54,0.02,NORMAL_TRANSIT,False
CONT_005,2026-09-10 17:49:11.490561,Tomato,10.69,90.53,0.15,NORMAL,2026-09-10,17,49,10.0,12.0,85.0,95.0,0.0,0.0,0.0,0.0,0.0,0.0,Low,False,False,False,0.1372798333333333,0.0137279833333333,0.0,0.0,0.0,0.0,0.14,Low,False,60,0.3,6000,2.52,0.08,NORMAL_TRANSIT,False
CONT_005,2026-09-10 17:49:19.727351,Tomato,8.65,74.85,0.3,WARNING,2026-09-10,17,49,10.0,12.0,85.0,95.0,1.35,10.15,0.27,0.5075000000000001,0.2499999999999999,34.81,Medium,True,True,False,0.0334089,0.00334089,0.3481,0.27,0.5075000000000001,0.2499999999999999,31.21,Medium,False,60,0.3,6000,561.78,18.73,NORMAL_TRANSIT,False
CONT_005,2026-09-10 17:49:21.731885,Mango,12.28,89.22,0.15,NORMAL,2026-09-10,17,49,10.0,13.0,85.0,90.0,0.0,0.0,0.0,0.0,0.0,0.0,Low,False,False,False,0.2414655833333333,0.0241465583333333,0.0,0.0,0.0,0.0,0.24,Low,False,140,0.4,14000,13.44,0.34,NORMAL_TRANSIT,False
CONT_005,2026-09-10 17:49:36.219820,Banana,13.86,93.41,0.18,NORMAL,2026-09-10,17,49,13.0,14.0,85.0,95.0,0.0,0.0,0.0,0.0,0.0,0.0,Low,False,False,False,0.20084215,0.020084215,0.0,0.0,0.0,0.0,0.2,Low,False,70,0.35,7000,4.9,0.14,NORMAL_TRANSIT,False
CONT_005,2026-09-10 17:49:48.270349,Mango,10.11,85.82,0.13,NORMAL,2026-09-10,17,49,10.0,13.0,85.0,90.0,0.0,0.0,0.0,0.0,0.0,0.0,Low,False,False,False,0.2003538166666666,0.0200353816666666,0.0,0.0,0.0,0.0,0.2,Low,False,140,0.4,14000,11.2,0.28,NORMAL_TRANSIT,False
CONT_005,2026-09-10 17:50:00.291578,Tomato,10.42,94.19,0.15,NORMAL,2026-09-10,17,50,10.0,12.0,85.0,95.0,0.0,0.0,0.0,0.0,0.0,0.0,Low,False,False,False,0.0667811666666666,0.0066781166666666,0.0,0.0,0.0,0.0,0.07,Low,False,60,0.3,6000,1.26,0.04,NORMAL_TRANSIT,False
CONT_005,2026-09-10 17:50:04.298448,Banana,13.97,92.12,0.19,NORMAL,2026-09-10,17,50,13.0,14.0,85.0,95.0,0.0,0.0,0.0,0.0,0.0,0.0,Low,False,False,False,0.0334393333333333,0.0033439333333333,0.0,0.0,0.0,0.0,0.03,Low,False,70,0.35,7000,0.74,0.02,NORMAL_TRANSIT,False
CONT_005,2026-09-10 17:50:06.304808,Avocado,6.74,93.43,0.17,NORMAL,2026-09-10,17,50,5.0,13.0,85.0,95.0,0.0,0.0,0.0,0.0,0.0,0.0,Low,False,False,False,0.2004296833333333,0.0200429683333333,0.0,0.0,0.0,0.0,0.2,Low,False,180,0.45,18000,16.2,0.36,NORMAL_TRANSIT,False
CONT_005,2026-09-10 17:50:18.330589,Tomato,10.35,86.37,0.07,NORMAL,2026-09-10,17,50,10.0,12.0,85.0,95.0,0.0,0.0,0.0,0.0,0.0,0.0,Low,False,False,False,0.4026099666666666,0.0402609966666666,0.0,0.0,0.0,0.0,0.4,Low,False,60,0.3,6000,7.2,0.24,NORMAL_TRANSIT,False
CONT_005,2026-09-10 17:50:42.487187,Banana,13.7,93.98,0.13,NORMAL,2026-09-10,17,50,13.0,14.0,85.0,95.0,0.0,0.0,0.0,0.0,0.0,0.0,Low,False,False,False,0.10371475,0.010371475,0.0,0.0,0.0,0.0,0.1,Low,False,70,0.35,7000,2.45,0.07,NORMAL_TRANSIT,False
CONT_005,2026-09-10 17:50:48.710072,Banana,11.8,66.2,0.32,WARNING,2026-09-10,17,50,13.0,14.0,85.0,95.0,1.2,18.8,0.24,0.94,0.3,50.0,Medium,True,True,False,0.2344449,0.02344449,0.5,0.24,0.94,0.3,44.63,Medium,False,70,0.35,7000,1093.44,31.24,MONITOR_CLOSELY,False
CONT_005,2026-09-10 17:51:02.776766,Mango,11.59,87.8,0.12,NORMAL,2026-09-10,17,51,10.0,13.0,85.0,90.0,0.0,0.0,0.0,0.0,0.0,0.0,Low,False,False,False,0.0334456166666666,0.0033445616666666,0.0,0.0,0.0,0.0,0.03,Low,False,140,0.4,14000,1.68,0.04,NORMAL_TRANSIT,False
CONT_005,2026-09-10 17:51:04.783503,Mango,18.68,60.16,0.47,ANOMALY,2026-09-10,17,51,10.0,13.0,85.0,90.0,5.68,24.84,1.0,1.0,0.6749999999999998,91.88,Critical,True,True,True,0.1335958,0.01335958,0.9188,1.0,1.0,0.6749999999999998,83.23,Critical,True,140,0.4,14000,4660.88,116.52,URGENT_REROUTE,True
CONT_005,2026-09-10 17:51:12.799251,Banana,13.65,89.29,0.19,NORMAL,2026-09-10,17,51,13.0,14.0,85.0,95.0,0.0,0.0,0.0,0.0,0.0,0.0,Low,False,False,False,0.03337455,0.003337455,0.0,0.0,0.0,0.0,0.03,Low,False,70,0.35,7000,0.74,0.02,NORMAL_TRANSIT,False
CONT_005,2026-09-10 17:51:14.801724,Banana,13.15,88.75,0.07,NORMAL,2026-09-10,17,51,13.0,14.0,85.0,95.0,0.0,0.0,0.0,0.0,0.0,0.0,Low,False,False,False,2.0,0.2,0.0,0.0,0.0,0.0,2.0,Low,False,70,0.35,7000,49.0,1.4,NORMAL_TRANSIT,False
