container_id,timestamp,commodity,temperature,humidity,vibration,condition,date,hour,day_of_week,day_name,temperature_deviation,temperature_risk,humidity_risk,vibration_risk,environmental_risk_score,environmental_risk,spoilage_risk,avg_temperature,max_temperature,min_temperature,avg_humidity,max_humidity,min_humidity,avg_vibration,max_vibration,warning_count,anomaly_count,avg_environmental_risk,commodity_avg_temperature,commodity_avg_humidity,commodity_avg_vibration,commodity_warning_count,commodity_anomaly_count,commodity_avg_risk
CONT_001,2026-09-10 17:39:32.831215,Avocado,3.94,71.79,0.29,WARNING,2026-09-10,17,3,Thursday,6.0600000000000005,LOW,NORMAL,MEDIUM,2,LOW,LOW,11.294,20.58,-1.98,87.60111764705883,100.0,60.11,0.19226470588235295,0.59,62,36,2.8941176470588235,9.129162895927601,88.95671945701358,0.19472850678733034,71,53,2.9524886877828056
CONT_004,2026-09-10 17:39:34.852445,Mango,11.72,88.98,0.12,NORMAL,2026-09-10,17,3,Thursday,1.7200000000000006,NORMAL,NORMAL,LOW,2,LOW,LOW,11.374931129476584,20.55,-1.66,87.65203856749311,100.0,60.25,0.19079889807162537,0.59,81,36,2.9421487603305785,11.575468085106383,86.43734042553191,0.19323404255319152,97,51,2.6893617021276595
CONT_005,2026-09-10 17:39:36.870612,Tomato,10.18,91.05,0.15,NORMAL,2026-09-10,17,3,Thursday,0.17999999999999972,NORMAL,WARNING,LOW,3,MEDIUM,MEDIUM,11.204625668449196,20.93,-1.87,87.44355614973261,100.0,60.03,0.18794117647058825,0.59,62,40,2.8181818181818183,10.869106753812636,87.4238779956427,0.1841830065359477,88,39,2.821350762527233
CONT_005,2026-09-10 17:39:38.890192,Avocado,6.54,85.3,0.17,NORMAL,2026-09-10,17,3,Thursday,3.46,NORMAL,NORMAL,LOW,2,LOW,LOW,11.204625668449196,20.93,-1.87,87.44355614973261,100.0,60.03,0.18794117647058825,0.59,62,40,2.8181818181818183,9.129162895927601,88.95671945701358,0.19472850678733034,71,53,2.9524886877828056
CONT_005,2026-09-10 17:39:40.899424,Tomato,14.06,100.0,0.33,WARNING,2026-09-10,17,3,Thursday,4.0600000000000005,NORMAL,CRITICAL,MEDIUM,5,HIGH,HIGH,11.204625668449196,20.93,-1.87,87.44355614973261,100.0,60.03,0.18794117647058825,0.59,62,40,2.8181818181818183,10.869106753812636,87.4238779956427,0.1841830065359477,88,39,2.821350762527233
CONT_003,2026-09-10 17:39:42.903120,Mango,11.11,85.66,0.15,NORMAL,2026-09-10,17,3,Thursday,1.1099999999999994,NORMAL,NORMAL,LOW,2,LOW,LOW,11.193441734417345,19.75,-0.44,87.76967479674796,100.0,60.02,0.19691056910569105,0.59,82,37,2.934959349593496,11.575468085106383,86.43734042553191,0.19323404255319152,97,51,2.6893617021276595
CONT_001,2026-09-10 17:39:44.905786,Mango,11.44,86.78,0.15,NORMAL,2026-09-10,17,3,Thursday,1.4399999999999995,NORMAL,NORMAL,LOW,2,LOW,LOW,11.294,20.58,-1.98,87.60111764705883,100.0,60.11,0.19226470588235295,0.59,62,36,2.8941176470588235,11.575468085106383,86.43734042553191,0.19323404255319152,97,51,2.6893617021276595
CONT_002,2026-09-10 17:39:46.908373,Banana,13.46,91.67,0.09,NORMAL,2026-09-10,17,3,Thursday,3.460000000000001,NORMAL,WARNING,LOW,3,MEDIUM,MEDIUM,11.068997050147493,20.03,-1.92,88.139203539823,100.0,61.48,0.18805309734513273,0.6,65,35,2.8997050147492627,13.473140096618359,88.16468599033817,0.1929951690821256,96,41,3.1594202898550723
CONT_004,2026-09-10 17:39:48.843009,Banana,13.26,87.92,0.18,NORMAL,2026-09-10,17,3,Thursday,3.26,NORMAL,NORMAL,LOW,2,LOW,LOW,11.374931129476584,20.55,-1.66,87.65203856749311,100.0,60.25,0.19079889807162537,0.59,81,36,2.9421487603305785,13.473140096618359,88.16468599033817,0.1929951690821256,96,41,3.1594202898550723
CONT_004,2026-09-10 17:39:48.911052,Tomato,10.43,93.04,0.19,NORMAL,2026-09-10,17,3,Thursday,0.4299999999999997,NORMAL,WARNING,LOW,3,MEDIUM,MEDIUM,11.374931129476584,20.55,-1.66,87.65203856749311,100.0,60.25,0.19079889807162537,0.59,81,36,2.9421487603305785,10.869106753812636,87.4238779956427,0.1841830065359477,88,39,2.821350762527233
CONT_001,2026-09-10 17:39:50.845319,Avocado,11.47,87.74,0.08,NORMAL,2026-09-10,17,3,Thursday,1.4700000000000006,NORMAL,NORMAL,LOW,2,LOW,LOW,11.294,20.58,-1.98,87.60111764705883,100.0,60.11,0.19226470588235295,0.59,62,36,2.8941176470588235,9.129162895927601,88.95671945701358,0.19472850678733034,71,53,2.9524886877828056
CONT_005,2026-09-10 17:39:50.913420,Avocado,5.74,85.64,0.16,NORMAL,2026-09-10,17,3,Thursday,4.26,NORMAL,NORMAL,LOW,2,LOW,LOW,11.204625668449196,20.93,-1.87,87.44355614973261,100.0,60.03,0.18794117647058825,0.59,62,40,2.8181818181818183,9.129162895927601,88.95671945701358,0.19472850678733034,71,53,2.9524886877828056
CONT_002,2026-09-10 17:39:52.847854,Banana,8.84,72.7,0.44,ANOMALY,2026-09-10,17,3,Thursday,1.1600000000000001,NORMAL,NORMAL,HIGH,4,MEDIUM,MEDIUM,11.068997050147493,20.03,-1.92,88.139203539823,100.0,61.48,0.18805309734513273,0.6,65,35,2.8997050147492627,13.473140096618359,88.16468599033817,0.1929951690821256,96,41,3.1594202898550723
CONT_002,2026-09-10 17:39:52.916815,Banana,16.13,100.0,0.21,WARNING,2026-09-10,17,3,Thursday,6.129999999999999,WARNING,CRITICAL,MEDIUM,6,HIGH,HIGH,11.068997050147493,20.03,-1.92,88.139203539823,100.0,61.48,0.18805309734513273,0.6,65,35,2.8997050147492627,13.473140096618359,88.16468599033817,0.1929951690821256,96,41,3.1594202898550723
CONT_001,2026-09-10 17:39:54.851400,Banana,13.88,93.39,0.12,NORMAL,2026-09-10,17,3,Thursday,3.880000000000001,NORMAL,WARNING,LOW,3,MEDIUM,MEDIUM,11.294,20.58,-1.98,87.60111764705883,100.0,60.11,0.19226470588235295,0.59,62,36,2.8941176470588235,13.473140096618359,88.16468599033817,0.1929951690821256,96,41,3.1594202898550723
CONT_004,2026-09-10 17:39:54.922909,Avocado,10.49,91.72,0.07,NORMAL,2026-09-10,17,3,Thursday,0.4900000000000002,NORMAL,WARNING,LOW,3,MEDIUM,MEDIUM,11.374931129476584,20.55,-1.66,87.65203856749311,100.0,60.25,0.19079889807162537,0.59,81,36,2.9421487603305785,9.129162895927601,88.95671945701358,0.19472850678733034,71,53,2.9524886877828056
CONT_005,2026-09-10 17:39:56.858209,Avocado,9.91,93.24,0.08,NORMAL,2026-09-10,17,3,Thursday,0.08999999999999986,NORMAL,WARNING,LOW,3,MEDIUM,MEDIUM,11.204625668449196,20.93,-1.87,87.44355614973261,100.0,60.03,0.18794117647058825,0.59,62,40,2.8181818181818183,9.129162895927601,88.95671945701358,0.19472850678733034,71,53,2.9524886877828056
CONT_001,2026-09-10 17:39:56.925637,Tomato,11.81,86.83,0.08,NORMAL,2026-09-10,17,3,Thursday,1.8100000000000005,NORMAL,NORMAL,LOW,2,LOW,LOW,11.294,20.58,-1.98,87.60111764705883,100.0,60.11,0.19226470588235295,0.59,62,36,2.8941176470588235,10.869106753812636,87.4238779956427,0.1841830065359477,88,39,2.821350762527233
CONT_004,2026-09-10 17:39:58.959971,Avocado,10.9,88.7,0.12,NORMAL,2026-09-10,17,3,Thursday,0.9000000000000004,NORMAL,NORMAL,LOW,2,LOW,LOW,11.374931129476584,20.55,-1.66,87.65203856749311,100.0,60.25,0.19079889807162537,0.59,81,36,2.9421487603305785,9.129162895927601,88.95671945701358,0.19472850678733034,71,53,2.9524886877828056
CONT_004,2026-09-10 17:39:58.957750,Avocado,3.01,100.0,0.32,WARNING,2026-09-10,17,3,Thursday,6.99,LOW,CRITICAL,MEDIUM,4,MEDIUM,MEDIUM,11.374931129476584,20.55,-1.66,87.65203856749311,100.0,60.25,0.19079889807162537,0.59,81,36,2.9421487603305785,9.129162895927601,88.95671945701358,0.19472850678733034,71,53,2.9524886877828056
CONT_004,2026-09-10 17:40:00.968884,Avocado,12.57,91.16,0.19,NORMAL,2026-09-10,17,3,Thursday,2.5700000000000003,NORMAL,WARNING,LOW,3,MEDIUM,MEDIUM,11.374931129476584,20.55,-1.66,87.65203856749311,100.0,60.25,0.19079889807162537,0.59,81,36,2.9421487603305785,9.129162895927601,88.95671945701358,0.19472850678733034,71,53,2.9524886877828056
CONT_005,2026-09-10 17:40:01.278914,Avocado,12.88,87.29,0.12,NORMAL,2026-09-10,17,3,Thursday,2.880000000000001,NORMAL,NORMAL,LOW,2,LOW,LOW,11.204625668449196,20.93,-1.87,87.44355614973261,100.0,60.03,0.18794117647058825,0.59,62,40,2.8181818181818183,9.129162895927601,88.95671945701358,0.19472850678733034,71,53,2.9524886877828056
CONT_003,2026-09-10 17:40:02.971462,Mango,10.02,88.32,0.17,NORMAL,2026-09-10,17,3,Thursday,0.019999999999999574,NORMAL,NORMAL,LOW,2,LOW,LOW,11.193441734417345,19.75,-0.44,87.76967479674796,100.0,60.02,0.19691056910569105,0.59,82,37,2.934959349593496,11.575468085106383,86.43734042553191,0.19323404255319152,97,51,2.6893617021276595
CONT_003,2026-09-10 17:40:03.294240,Avocado,6.88,86.68,0.14,NORMAL,2026-09-10,17,3,Thursday,3.12,NORMAL,NORMAL,LOW,2,LOW,LOW,11.193441734417345,19.75,-0.44,87.76967479674796,100.0,60.02,0.19691056910569105,0.59,82,37,2.934959349593496,9.129162895927601,88.95671945701358,0.19472850678733034,71,53,2.9524886877828056
CONT_001,2026-09-10 17:40:04.987786,Tomato,11.79,94.41,0.17,NORMAL,2026-09-10,17,3,Thursday,1.7899999999999991,NORMAL,WARNING,LOW,3,MEDIUM,MEDIUM,11.294,20.58,-1.98,87.60111764705883,100.0,60.11,0.19226470588235295,0.59,62,36,2.8941176470588235,10.869106753812636,87.4238779956427,0.1841830065359477,88,39,2.821350762527233
CONT_004,2026-09-10 17:40:05.299652,Mango,12.14,87.16,0.17,NORMAL,2026-09-10,17,3,Thursday,2.1400000000000006,NORMAL,NORMAL,LOW,2,LOW,LOW,11.374931129476584,20.55,-1.66,87.65203856749311,100.0,60.25,0.19079889807162537,0.59,81,36,2.9421487603305785,11.575468085106383,86.43734042553191,0.19323404255319152,97,51,2.6893617021276595
CONT_003,2026-09-10 17:40:07.003027,Avocado,7.24,94.16,0.14,NORMAL,2026-09-10,17,3,Thursday,2.76,NORMAL,WARNING,LOW,3,MEDIUM,MEDIUM,11.193441734417345,19.75,-0.44,87.76967479674796,100.0,60.02,0.19691056910569105,0.59,82,37,2.934959349593496,9.129162895927601,88.95671945701358,0.19472850678733034,71,53,2.9524886877828056
CONT_004,2026-09-10 17:40:07.305376,Avocado,5.23,85.34,0.12,NORMAL,2026-09-10,17,3,Thursday,4.77,NORMAL,NORMAL,LOW,2,LOW,LOW,11.374931129476584,20.55,-1.66,87.65203856749311,100.0,60.25,0.19079889807162537,0.59,81,36,2.9421487603305785,9.129162895927601,88.95671945701358,0.19472850678733034,71,53,2.9524886877828056
CONT_003,2026-09-10 17:40:09.010869,Avocado,10.34,88.73,0.14,NORMAL,2026-09-10,17,3,Thursday,0.33999999999999986,NORMAL,NORMAL,LOW,2,LOW,LOW,11.193441734417345,19.75,-0.44,87.76967479674796,100.0,60.02,0.19691056910569105,0.59,82,37,2.934959349593496,9.129162895927601,88.95671945701358,0.19472850678733034,71,53,2.9524886877828056
CONT_001,2026-09-10 17:40:09.358781,Tomato,11.85,85.11,0.1,NORMAL,2026-09-10,17,3,Thursday,1.8499999999999996,NORMAL,NORMAL,LOW,2,LOW,LOW,11.294,20.58,-1.98,87.60111764705883,100.0,60.11,0.19226470588235295,0.59,62,36,2.8941176470588235,10.869106753812636,87.4238779956427,0.1841830065359477,88,39,2.821350762527233
CONT_002,2026-09-10 17:40:11.119646,Avocado,5.1,89.93,0.08,NORMAL,2026-09-10,17,3,Thursday,4.9,NORMAL,NORMAL,LOW,2,LOW,LOW,11.068997050147493,20.03,-1.92,88.139203539823,100.0,61.48,0.18805309734513273,0.6,65,35,2.8997050147492627,9.129162895927601,88.95671945701358,0.19472850678733034,71,53,2.9524886877828056
CONT_001,2026-09-10 17:40:11.369546,Avocado,11.91,91.22,0.16,NORMAL,2026-09-10,17,3,Thursday,1.9100000000000001,NORMAL,WARNING,LOW,3,MEDIUM,MEDIUM,11.294,20.58,-1.98,87.60111764705883,100.0,60.11,0.19226470588235295,0.59,62,36,2.8941176470588235,9.129162895927601,88.95671945701358,0.19472850678733034,71,53,2.9524886877828056
CONT_005,2026-09-10 17:40:13.125497,Banana,15.15,62.33,0.3,WARNING,2026-09-10,17,3,Thursday,5.15,WARNING,LOW,MEDIUM,3,MEDIUM,MEDIUM,11.204625668449196,20.93,-1.87,87.44355614973261,100.0,60.03,0.18794117647058825,0.59,62,40,2.8181818181818183,13.473140096618359,88.16468599033817,0.1929951690821256,96,41,3.1594202898550723
CONT_001,2026-09-10 17:40:13.372836,Tomato,10.04,89.86,0.08,NORMAL,2026-09-10,17,3,Thursday,0.03999999999999915,NORMAL,NORMAL,LOW,2,LOW,LOW,11.294,20.58,-1.98,87.60111764705883,100.0,60.11,0.19226470588235295,0.59,62,36,2.8941176470588235,10.869106753812636,87.4238779956427,0.1841830065359477,88,39,2.821350762527233
CONT_005,2026-09-10 17:40:15.135132,Mango,10.52,85.05,0.15,NORMAL,2026-09-10,17,3,Thursday,0.5199999999999996,NORMAL,NORMAL,LOW,2,LOW,LOW,11.204625668449196,20.93,-1.87,87.44355614973261,100.0,60.03,0.18794117647058825,0.59,62,40,2.8181818181818183,11.575468085106383,86.43734042553191,0.19323404255319152,97,51,2.6893617021276595
CONT_003,2026-09-10 17:40:15.375357,Banana,13.02,87.48,0.19,NORMAL,2026-09-10,17,3,Thursday,3.0199999999999996,NORMAL,NORMAL,LOW,2,LOW,LOW,11.193441734417345,19.75,-0.44,87.76967479674796,100.0,60.02,0.19691056910569105,0.59,82,37,2.934959349593496,13.473140096618359,88.16468599033817,0.1929951690821256,96,41,3.1594202898550723
CONT_004,2026-09-10 17:40:17.141659,Tomato,10.82,85.26,0.06,NORMAL,2026-09-10,17,3,Thursday,0.8200000000000003,NORMAL,NORMAL,LOW,2,LOW,LOW,11.374931129476584,20.55,-1.66,87.65203856749311,100.0,60.25,0.19079889807162537,0.59,81,36,2.9421487603305785,10.869106753812636,87.4238779956427,0.1841830065359477,88,39,2.821350762527233
CONT_001,2026-09-10 17:40:17.379922,Tomato,10.26,92.72,0.06,NORMAL,2026-09-10,17,3,Thursday,0.2599999999999998,NORMAL,WARNING,LOW,3,MEDIUM,MEDIUM,11.294,20.58,-1.98,87.60111764705883,100.0,60.11,0.19226470588235295,0.59,62,36,2.8941176470588235,10.869106753812636,87.4238779956427,0.1841830065359477,88,39,2.821350762527233
CONT_002,2026-09-10 17:40:19.144232,Tomato,10.27,92.48,0.1,NORMAL,2026-09-10,17,3,Thursday,0.2699999999999996,NORMAL,WARNING,LOW,3,MEDIUM,MEDIUM,11.068997050147493,20.03,-1.92,88.139203539823,100.0,61.48,0.18805309734513273,0.6,65,35,2.8997050147492627,10.869106753812636,87.4238779956427,0.1841830065359477,88,39,2.821350762527233
CONT_005,2026-09-10 17:40:19.383720,Tomato,16.07,65.47,0.39,ANOMALY,2026-09-10,17,3,Thursday,6.07,WARNING,LOW,MEDIUM,3,MEDIUM,MEDIUM,11.204625668449196,20.93,-1.87,87.44355614973261,100.0,60.03,0.18794117647058825,0.59,62,40,2.8181818181818183,10.869106753812636,87.4238779956427,0.1841830065359477,88,39,2.821350762527233
CONT_003,2026-09-10 17:40:21.147474,Tomato,10.4,85.93,0.13,NORMAL,2026-09-10,17,3,Thursday,0.40000000000000036,NORMAL,NORMAL,LOW,2,LOW,LOW,11.193441734417345,19.75,-0.44,87.76967479674796,100.0,60.02,0.19691056910569105,0.59,82,37,2.934959349593496,10.869106753812636,87.4238779956427,0.1841830065359477,88,39,2.821350762527233
CONT_005,2026-09-10 17:40:21.386571,Tomato,10.01,93.17,0.07,NORMAL,2026-09-10,17,3,Thursday,0.009999999999999787,NORMAL,WARNING,LOW,3,MEDIUM,MEDIUM,11.204625668449196,20.93,-1.87,87.44355614973261,100.0,60.03,0.18794117647058825,0.59,62,40,2.8181818181818183,10.869106753812636,87.4238779956427,0.1841830065359477,88,39,2.821350762527233
CONT_003,2026-09-10 17:40:23.150652,Avocado,11.91,87.51,0.11,NORMAL,2026-09-10,17,3,Thursday,1.9100000000000001,NORMAL,NORMAL,LOW,2,LOW,LOW,11.193441734417345,19.75,-0.44,87.76967479674796,100.0,60.02,0.19691056910569105,0.59,82,37,2.934959349593496,9.129162895927601,88.95671945701358,0.19472850678733034,71,53,2.9524886877828056
CONT_002,2026-09-10 17:40:23.389076,Tomato,10.32,89.71,0.06,NORMAL,2026-09-10,17,3,Thursday,0.3200000000000003,NORMAL,NORMAL,LOW,2,LOW,LOW,11.068997050147493,20.03,-1.92,88.139203539823,100.0,61.48,0.18805309734513273,0.6,65,35,2.8997050147492627,10.869106753812636,87.4238779956427,0.1841830065359477,88,39,2.821350762527233
CONT_004,2026-09-10 17:40:25.153796,Banana,13.95,86.61,0.14,NORMAL,2026-09-10,17,3,Thursday,3.9499999999999993,NORMAL,NORMAL,LOW,2,LOW,LOW,11.374931129476584,20.55,-1.66,87.65203856749311,100.0,60.25,0.19079889807162537,0.59,81,36,2.9421487603305785,13.473140096618359,88.16468599033817,0.1929951690821256,96,41,3.1594202898550723
CONT_005,2026-09-10 17:40:25.392403,Banana,13.01,90.54,0.07,NORMAL,2026-09-10,17,3,Thursday,3.01,NORMAL,WARNING,LOW,3,MEDIUM,MEDIUM,11.204625668449196,20.93,-1.87,87.44355614973261,100.0,60.03,0.18794117647058825,0.59,62,40,2.8181818181818183,13.473140096618359,88.16468599033817,0.1929951690821256,96,41,3.1594202898550723
CONT_002,2026-09-10 17:40:27.156948,Avocado,7.72,91.17,0.2,NORMAL,2026-09-10,17,3,Thursday,2.2800000000000002,NORMAL,WARNING,LOW,3,MEDIUM,MEDIUM,11.068997050147493,20.03,-1.92,88.139203539823,100.0,61.48,0.18805309734513273,0.6,65,35,2.8997050147492627,9.129162895927601,88.95671945701358,0.19472850678733034,71,53,2.9524886877828056
CONT_004,2026-09-10 17:40:27.395287,Banana,16.64,72.43,0.29,WARNING,2026-09-10,17,3,Thursday,6.640000000000001,WARNING,NORMAL,MEDIUM,4,MEDIUM,MEDIUM,11.374931129476584,20.55,-1.66,87.65203856749311,100.0,60.25,0.19079889807162537,0.59,81,36,2.9421487603305785,13.473140096618359,88.16468599033817,0.1929951690821256,96,41,3.1594202898550723
CONT_002,2026-09-10 17:40:29.162115,Mango,10.55,86.9,0.06,NORMAL,2026-09-10,17,3,Thursday,0.5500000000000007,NORMAL,NORMAL,LOW,2,LOW,LOW,11.068997050147493,20.03,-1.92,88.139203539823,100.0,61.48,0.18805309734513273,0.6,65,35,2.8997050147492627,11.575468085106383,86.43734042553191,0.19323404255319152,97,51,2.6893617021276595
CONT_002,2026-09-10 17:40:29.402365,Avocado,8.1,87.14,0.1,NORMAL,2026-09-10,17,3,Thursday,1.9000000000000004,NORMAL,NORMAL,LOW,2,LOW,LOW,11.068997050147493,20.03,-1.92,88.139203539823,100.0,61.48,0.18805309734513273,0.6,65,35,2.8997050147492627,9.129162895927601,88.95671945701358,0.19472850678733034,71,53,2.9524886877828056
CONT_002,2026-09-10 17:40:31.353149,Avocado,-1.92,63.09,0.48,ANOMALY,2026-09-10,17,3,Thursday,11.92,LOW,LOW,HIGH,2,LOW,LOW,11.068997050147493,20.03,-1.92,88.139203539823,100.0,61.48,0.18805309734513273,0.6,65,35,2.8997050147492627,9.129162895927601,88.95671945701358,0.19472850678733034,71,53,2.9524886877828056
CONT_003,2026-09-10 17:40:31.409843,Mango,11.73,85.02,0.14,NORMAL,2026-09-10,17,3,Thursday,1.7300000000000004,NORMAL,NORMAL,LOW,2,LOW,LOW,11.193441734417345,19.75,-0.44,87.76967479674796,100.0,60.02,0.19691056910569105,0.59,82,37,2.934959349593496,11.575468085106383,86.43734042553191,0.19323404255319152,97,51,2.6893617021276595
CONT_002,2026-09-10 17:40:33.354975,Avocado,10.9,89.17,0.06,NORMAL,2026-09-10,17,3,Thursday,0.9000000000000004,NORMAL,NORMAL,LOW,2,LOW,LOW,11.068997050147493,20.03,-1.92,88.139203539823,100.0,61.48,0.18805309734513273,0.6,65,35,2.8997050147492627,9.129162895927601,88.95671945701358,0.19472850678733034,71,53,2.9524886877828056
CONT_004,2026-09-10 17:40:33.428772,Tomato,11.78,87.05,0.07,NORMAL,2026-09-10,17,3,Thursday,1.7799999999999994,NORMAL,NORMAL,LOW,2,LOW,LOW,11.374931129476584,20.55,-1.66,87.65203856749311,100.0,60.25,0.19079889807162537,0.59,81,36,2.9421487603305785,10.869106753812636,87.4238779956427,0.1841830065359477,88,39,2.821350762527233
CONT_005,2026-09-10 17:40:35.392603,Banana,13.38,90.41,0.1,NORMAL,2026-09-10,17,3,Thursday,3.380000000000001,NORMAL,WARNING,LOW,3,MEDIUM,MEDIUM,11.204625668449196,20.93,-1.87,87.44355614973261,100.0,60.03,0.18794117647058825,0.59,62,40,2.8181818181818183,13.473140096618359,88.16468599033817,0.1929951690821256,96,41,3.1594202898550723
CONT_004,2026-09-10 17:40:35.623750,Banana,13.77,85.84,0.14,NORMAL,2026-09-10,17,3,Thursday,3.7699999999999996,NORMAL,NORMAL,LOW,2,LOW,LOW,11.374931129476584,20.55,-1.66,87.65203856749311,100.0,60.25,0.19079889807162537,0.59,81,36,2.9421487603305785,13.473140096618359,88.16468599033817,0.1929951690821256,96,41,3.1594202898550723
CONT_003,2026-09-10 17:40:37.528779,Mango,10.18,86.75,0.17,NORMAL,2026-09-10,17,3,Thursday,0.17999999999999972,NORMAL,NORMAL,LOW,2,LOW,LOW,11.193441734417345,19.75,-0.44,87.76967479674796,100.0,60.02,0.19691056910569105,0.59,82,37,2.934959349593496,11.575468085106383,86.43734042553191,0.19323404255319152,97,51,2.6893617021276595
CONT_002,2026-09-10 17:40:37.985506,Avocado,10.67,85.9,0.19,NORMAL,2026-09-10,17,3,Thursday,0.6699999999999999,NORMAL,NORMAL,LOW,2,LOW,LOW,11.068997050147493,20.03,-1.92,88.139203539823,100.0,61.48,0.18805309734513273,0.6,65,35,2.8997050147492627,9.129162895927601,88.95671945701358,0.19472850678733034,71,53,2.9524886877828056
CONT_001,2026-09-10 17:40:39.775992,Mango,11.08,86.35,0.11,NORMAL,2026-09-10,17,3,Thursday,1.08,NORMAL,NORMAL,LOW,2,LOW,LOW,11.294,20.58,-1.98,87.60111764705883,100.0,60.11,0.19226470588235295,0.59,62,36,2.8941176470588235,11.575468085106383,86.43734042553191,0.19323404255319152,97,51,2.6893617021276595
CONT_005,2026-09-10 17:40:40.011047,Avocado,5.76,91.84,0.1,NORMAL,2026-09-10,17,3,Thursday,4.24,NORMAL,WARNING,LOW,3,MEDIUM,MEDIUM,11.204625668449196,20.93,-1.87,87.44355614973261,100.0,60.03,0.18794117647058825,0.59,62,40,2.8181818181818183,9.129162895927601,88.95671945701358,0.19472850678733034,71,53,2.9524886877828056
CONT_001,2026-09-10 17:40:41.900585,Mango,4.03,72.37,0.54,ANOMALY,2026-09-10,17,3,Thursday,5.97,LOW,NORMAL,HIGH,3,MEDIUM,MEDIUM,11.294,20.58,-1.98,87.60111764705883,100.0,60.11,0.19226470588235295,0.59,62,36,2.8941176470588235,11.575468085106383,86.43734042553191,0.19323404255319152,97,51,2.6893617021276595
CONT_001,2026-09-10 17:40:42.061046,Tomato,11.63,85.72,0.08,NORMAL,2026-09-10,17,3,Thursday,1.6300000000000008,NORMAL,NORMAL,LOW,2,LOW,LOW,11.294,20.58,-1.98,87.60111764705883,100.0,60.11,0.19226470588235295,0.59,62,36,2.8941176470588235,10.869106753812636,87.4238779956427,0.1841830065359477,88,39,2.821350762527233
CONT_005,2026-09-10 17:40:43.903750,Banana,15.67,100.0,0.2,WARNING,2026-09-10,17,3,Thursday,5.67,WARNING,CRITICAL,LOW,5,HIGH,HIGH,11.204625668449196,20.93,-1.87,87.44355614973261,100.0,60.03,0.18794117647058825,0.59,62,40,2.8181818181818183,13.473140096618359,88.16468599033817,0.1929951690821256,96,41,3.1594202898550723
CONT_001,2026-09-10 17:40:44.195004,Avocado,8.73,87.53,0.19,NORMAL,2026-09-10,17,3,Thursday,1.2699999999999996,NORMAL,NORMAL,LOW,2,LOW,LOW,11.294,20.58,-1.98,87.60111764705883,100.0,60.11,0.19226470588235295,0.59,62,36,2.8941176470588235,9.129162895927601,88.95671945701358,0.19472850678733034,71,53,2.9524886877828056
CONT_001,2026-09-10 17:40:45.908386,Mango,11.48,85.05,0.19,NORMAL,2026-09-10,17,3,Thursday,1.4800000000000004,NORMAL,NORMAL,LOW,2,LOW,LOW,11.294,20.58,-1.98,87.60111764705883,100.0,60.11,0.19226470588235295,0.59,62,36,2.8941176470588235,11.575468085106383,86.43734042553191,0.19323404255319152,97,51,2.6893617021276595
CONT_003,2026-09-10 17:40:46.375099,Mango,18.33,100.0,0.35,ANOMALY,2026-09-10,17,3,Thursday,8.329999999999998,WARNING,CRITICAL,MEDIUM,6,HIGH,HIGH,11.193441734417345,19.75,-0.44,87.76967479674796,100.0,60.02,0.19691056910569105,0.59,82,37,2.934959349593496,11.575468085106383,86.43734042553191,0.19323404255319152,97,51,2.6893617021276595
CONT_002,2026-09-10 17:40:48.354105,Banana,18.68,100.0,0.37,ANOMALY,2026-09-10,17,3,Thursday,8.68,WARNING,CRITICAL,MEDIUM,6,HIGH,HIGH,11.068997050147493,20.03,-1.92,88.139203539823,100.0,61.48,0.18805309734513273,0.6,65,35,2.8997050147492627,13.473140096618359,88.16468599033817,0.1929951690821256,96,41,3.1594202898550723
CONT_002,2026-09-10 17:40:48.387849,Avocado,3.58,63.99,0.21,WARNING,2026-09-10,17,3,Thursday,6.42,LOW,LOW,MEDIUM,1,LOW,LOW,11.068997050147493,20.03,-1.92,88.139203539823,100.0,61.48,0.18805309734513273,0.6,65,35,2.8997050147492627,9.129162895927601,88.95671945701358,0.19472850678733034,71,53,2.9524886877828056
CONT_004,2026-09-10 17:40:50.372744,Mango,11.29,87.71,0.07,NORMAL,2026-09-10,17,3,Thursday,1.2899999999999991,NORMAL,NORMAL,LOW,2,LOW,LOW,11.374931129476584,20.55,-1.66,87.65203856749311,100.0,60.25,0.19079889807162537,0.59,81,36,2.9421487603305785,11.575468085106383,86.43734042553191,0.19323404255319152,97,51,2.6893617021276595
CONT_002,2026-09-10 17:40:50.414253,Avocado,5.15,85.07,0.05,NORMAL,2026-09-10,17,3,Thursday,4.85,NORMAL,NORMAL,LOW,2,LOW,LOW,11.068997050147493,20.03,-1.92,88.139203539823,100.0,61.48,0.18805309734513273,0.6,65,35,2.8997050147492627,9.129162895927601,88.95671945701358,0.19472850678733034,71,53,2.9524886877828056
CONT_005,2026-09-10 17:40:52.378243,Avocado,2.48,100.0,0.2,WARNING,2026-09-10,17,3,Thursday,7.52,LOW,CRITICAL,LOW,3,MEDIUM,MEDIUM,11.204625668449196,20.93,-1.87,87.44355614973261,100.0,60.03,0.18794117647058825,0.59,62,40,2.8181818181818183,9.129162895927601,88.95671945701358,0.19472850678733034,71,53,2.9524886877828056
CONT_005,2026-09-10 17:40:52.418578,Tomato,10.35,90.86,0.17,NORMAL,2026-09-10,17,3,Thursday,0.34999999999999964,NORMAL,WARNING,LOW,3,MEDIUM,MEDIUM,11.204625668449196,20.93,-1.87,87.44355614973261,100.0,60.03,0.18794117647058825,0.59,62,40,2.8181818181818183,10.869106753812636,87.4238779956427,0.1841830065359477,88,39,2.821350762527233
CONT_005,2026-09-10 17:40:54.387623,Banana,13.39,86.64,0.08,NORMAL,2026-09-10,17,3,Thursday,3.3900000000000006,NORMAL,NORMAL,LOW,2,LOW,LOW,11.204625668449196,20.93,-1.87,87.44355614973261,100.0,60.03,0.18794117647058825,0.59,62,40,2.8181818181818183,13.473140096618359,88.16468599033817,0.1929951690821256,96,41,3.1594202898550723
CONT_002,2026-09-10 17:40:54.421271,Avocado,17.81,62.32,0.38,ANOMALY,2026-09-10,17,3,Thursday,7.809999999999999,WARNING,LOW,MEDIUM,3,MEDIUM,MEDIUM,11.068997050147493,20.03,-1.92,88.139203539823,100.0,61.48,0.18805309734513273,0.6,65,35,2.8997050147492627,9.129162895927601,88.95671945701358,0.19472850678733034,71,53,2.9524886877828056
CONT_004,2026-09-10 17:40:56.746954,Banana,10.83,100.0,0.3,WARNING,2026-09-10,17,3,Thursday,0.8300000000000001,NORMAL,CRITICAL,MEDIUM,5,HIGH,HIGH,11.374931129476584,20.55,-1.66,87.65203856749311,100.0,60.25,0.19079889807162537,0.59,81,36,2.9421487603305785,13.473140096618359,88.16468599033817,0.1929951690821256,96,41,3.1594202898550723
CONT_002,2026-09-10 17:40:56.746527,Tomato,10.04,90.16,0.07,NORMAL,2026-09-10,17,3,Thursday,0.03999999999999915,NORMAL,WARNING,LOW,3,MEDIUM,MEDIUM,11.068997050147493,20.03,-1.92,88.139203539823,100.0,61.48,0.18805309734513273,0.6,65,35,2.8997050147492627,10.869106753812636,87.4238779956427,0.1841830065359477,88,39,2.821350762527233
CONT_002,2026-09-10 17:41:00.094592,Avocado,12.33,86.89,0.18,NORMAL,2026-09-10,17,3,Thursday,2.33,NORMAL,NORMAL,LOW,2,LOW,LOW,11.068997050147493,20.03,-1.92,88.139203539823,100.0,61.48,0.18805309734513273,0.6,65,35,2.8997050147492627,9.129162895927601,88.95671945701358,0.19472850678733034,71,53,2.9524886877828056
CONT_002,2026-09-10 17:41:00.188032,Mango,5.33,61.89,0.58,ANOMALY,2026-09-10,17,3,Thursday,4.67,NORMAL,LOW,HIGH,3,MEDIUM,MEDIUM,11.068997050147493,20.03,-1.92,88.139203539823,100.0,61.48,0.18805309734513273,0.6,65,35,2.8997050147492627,11.575468085106383,86.43734042553191,0.19323404255319152,97,51,2.6893617021276595
CONT_001,2026-09-10 17:41:02.288346,Mango,10.02,85.21,0.09,NORMAL,2026-09-10,17,3,Thursday,0.019999999999999574,NORMAL,NORMAL,LOW,2,LOW,LOW,11.294,20.58,-1.98,87.60111764705883,100.0,60.11,0.19226470588235295,0.59,62,36,2.8941176470588235,11.575468085106383,86.43734042553191,0.19323404255319152,97,51,2.6893617021276595
CONT_005,2026-09-10 17:41:02.301712,Tomato,11.7,92.15,0.12,NORMAL,2026-09-10,17,3,Thursday,1.6999999999999993,NORMAL,WARNING,LOW,3,MEDIUM,MEDIUM,11.204625668449196,20.93,-1.87,87.44355614973261,100.0,60.03,0.18794117647058825,0.59,62,40,2.8181818181818183,10.869106753812636,87.4238779956427,0.1841830065359477,88,39,2.821350762527233
CONT_004,2026-09-10 17:41:04.307125,Avocado,16.14,100.0,0.45,ANOMALY,2026-09-10,17,3,Thursday,6.140000000000001,WARNING,CRITICAL,HIGH,7,CRITICAL,CRITICAL,11.374931129476584,20.55,-1.66,87.65203856749311,100.0,60.25,0.19079889807162537,0.59,81,36,2.9421487603305785,9.129162895927601,88.95671945701358,0.19472850678733034,71,53,2.9524886877828056
CONT_005,2026-09-10 17:41:04.310307,Banana,13.77,93.71,0.07,NORMAL,2026-09-10,17,3,Thursday,3.7699999999999996,NORMAL,WARNING,LOW,3,MEDIUM,MEDIUM,11.204625668449196,20.93,-1.87,87.44355614973261,100.0,60.03,0.18794117647058825,0.59,62,40,2.8181818181818183,13.473140096618359,88.16468599033817,0.1929951690821256,96,41,3.1594202898550723
CONT_004,2026-09-10 17:41:06.313710,Tomato,10.41,85.73,0.18,NORMAL,2026-09-10,17,3,Thursday,0.41000000000000014,NORMAL,NORMAL,LOW,2,LOW,LOW,11.374931129476584,20.55,-1.66,87.65203856749311,100.0,60.25,0.19079889807162537,0.59,81,36,2.9421487603305785,10.869106753812636,87.4238779956427,0.1841830065359477,88,39,2.821350762527233
CONT_002,2026-09-10 17:41:06.318414,Banana,13.45,92.89,0.06,NORMAL,2026-09-10,17,3,Thursday,3.4499999999999993,NORMAL,WARNING,LOW,3,MEDIUM,MEDIUM,11.068997050147493,20.03,-1.92,88.139203539823,100.0,61.48,0.18805309734513273,0.6,65,35,2.8997050147492627,13.473140096618359,88.16468599033817,0.1929951690821256,96,41,3.1594202898550723
CONT_004,2026-09-10 17:41:08.319931,Mango,10.24,89.35,0.13,NORMAL,2026-09-10,17,3,Thursday,0.2400000000000002,NORMAL,NORMAL,LOW,2,LOW,LOW,11.374931129476584,20.55,-1.66,87.65203856749311,100.0,60.25,0.19079889807162537,0.59,81,36,2.9421487603305785,11.575468085106383,86.43734042553191,0.19323404255319152,97,51,2.6893617021276595
CONT_004,2026-09-10 17:41:08.321458,Mango,11.0,88.5,0.17,NORMAL,2026-09-10,17,3,Thursday,1.0,NORMAL,NORMAL,LOW,2,LOW,LOW,11.374931129476584,20.55,-1.66,87.65203856749311,100.0,60.25,0.19079889807162537,0.59,81,36,2.9421487603305785,11.575468085106383,86.43734042553191,0.19323404255319152,97,51,2.6893617021276595
CONT_004,2026-09-10 17:41:10.323341,Tomato,3.06,63.43,0.45,ANOMALY,2026-09-10,17,3,Thursday,6.9399999999999995,LOW,LOW,HIGH,2,LOW,LOW,11.374931129476584,20.55,-1.66,87.65203856749311,100.0,60.25,0.19079889807162537,0.59,81,36,2.9421487603305785,10.869106753812636,87.4238779956427,0.1841830065359477,88,39,2.821350762527233
CONT_003,2026-09-10 17:41:10.327108,Mango,11.42,88.6,0.17,NORMAL,2026-09-10,17,3,Thursday,1.42,NORMAL,NORMAL,LOW,2,LOW,LOW,11.193441734417345,19.75,-0.44,87.76967479674796,100.0,60.02,0.19691056910569105,0.59,82,37,2.934959349593496,11.575468085106383,86.43734042553191,0.19323404255319152,97,51,2.6893617021276595
CONT_005,2026-09-10 17:41:12.383474,Tomato,11.94,94.97,0.06,NORMAL,2026-09-10,17,3,Thursday,1.9399999999999995,NORMAL,WARNING,LOW,3,MEDIUM,MEDIUM,11.204625668449196,20.93,-1.87,87.44355614973261,100.0,60.03,0.18794117647058825,0.59,62,40,2.8181818181818183,10.869106753812636,87.4238779956427,0.1841830065359477,88,39,2.821350762527233
CONT_003,2026-09-10 17:41:12.385159,Tomato,11.87,91.26,0.12,NORMAL,2026-09-10,17,3,Thursday,1.8699999999999992,NORMAL,WARNING,LOW,3,MEDIUM,MEDIUM,11.193441734417345,19.75,-0.44,87.76967479674796,100.0,60.02,0.19691056910569105,0.59,82,37,2.934959349593496,10.869106753812636,87.4238779956427,0.1841830065359477,88,39,2.821350762527233
CONT_004,2026-09-10 17:41:14.392325,Banana,10.09,100.0,0.34,WARNING,2026-09-10,17,3,Thursday,0.08999999999999986,NORMAL,CRITICAL,MEDIUM,5,HIGH,HIGH,11.374931129476584,20.55,-1.66,87.65203856749311,100.0,60.25,0.19079889807162537,0.59,81,36,2.9421487603305785,13.473140096618359,88.16468599033817,0.1929951690821256,96,41,3.1594202898550723
CONT_004,2026-09-10 17:41:14.502802,Avocado,17.23,63.93,0.59,ANOMALY,2026-09-10,17,3,Thursday,7.23,WARNING,LOW,HIGH,4,MEDIUM,MEDIUM,11.374931129476584,20.55,-1.66,87.65203856749311,100.0,60.25,0.19079889807162537,0.59,81,36,2.9421487603305785,9.129162895927601,88.95671945701358,0.19472850678733034,71,53,2.9524886877828056
CONT_003,2026-09-10 17:41:16.395039,Banana,9.45,69.03,0.39,ANOMALY,2026-09-10,17,3,Thursday,0.5500000000000007,NORMAL,LOW,MEDIUM,2,LOW,LOW,11.193441734417345,19.75,-0.44,87.76967479674796,100.0,60.02,0.19691056910569105,0.59,82,37,2.934959349593496,13.473140096618359,88.16468599033817,0.1929951690821256,96,41,3.1594202898550723
CONT_004,2026-09-10 17:41:16.506757,Avocado,12.96,94.18,0.16,NORMAL,2026-09-10,17,3,Thursday,2.960000000000001,NORMAL,WARNING,LOW,3,MEDIUM,MEDIUM,11.374931129476584,20.55,-1.66,87.65203856749311,100.0,60.25,0.19079889807162537,0.59,81,36,2.9421487603305785,9.129162895927601,88.95671945701358,0.19472850678733034,71,53,2.9524886877828056
CONT_003,2026-09-10 17:41:18.399561,Avocado,2.7,100.0,0.26,WARNING,2026-09-10,17,3,Thursday,7.3,LOW,CRITICAL,MEDIUM,4,MEDIUM,MEDIUM,11.193441734417345,19.75,-0.44,87.76967479674796,100.0,60.02,0.19691056910569105,0.59,82,37,2.934959349593496,9.129162895927601,88.95671945701358,0.19472850678733034,71,53,2.9524886877828056
CONT_002,2026-09-10 17:41:18.509680,Mango,7.9,65.63,0.33,WARNING,2026-09-10,17,3,Thursday,2.0999999999999996,NORMAL,LOW,MEDIUM,2,LOW,LOW,11.068997050147493,20.03,-1.92,88.139203539823,100.0,61.48,0.18805309734513273,0.6,65,35,2.8997050147492627,11.575468085106383,86.43734042553191,0.19323404255319152,97,51,2.6893617021276595
CONT_005,2026-09-10 17:41:20.483556,Mango,12.39,88.56,0.16,NORMAL,2026-09-10,17,3,Thursday,2.3900000000000006,NORMAL,NORMAL,LOW,2,LOW,LOW,11.204625668449196,20.93,-1.87,87.44355614973261,100.0,60.03,0.18794117647058825,0.59,62,40,2.8181818181818183,11.575468085106383,86.43734042553191,0.19323404255319152,97,51,2.6893617021276595
CONT_003,2026-09-10 17:41:20.602789,Tomato,11.4,86.65,0.09,NORMAL,2026-09-10,17,3,Thursday,1.4000000000000004,NORMAL,NORMAL,LOW,2,LOW,LOW,11.193441734417345,19.75,-0.44,87.76967479674796,100.0,60.02,0.19691056910569105,0.59,82,37,2.934959349593496,10.869106753812636,87.4238779956427,0.1841830065359477,88,39,2.821350762527233
CONT_004,2026-09-10 17:41:22.619088,Tomato,11.36,91.37,0.15,NORMAL,2026-09-10,17,3,Thursday,1.3599999999999994,NORMAL,WARNING,LOW,3,MEDIUM,MEDIUM,11.374931129476584,20.55,-1.66,87.65203856749311,100.0,60.25,0.19079889807162537,0.59,81,36,2.9421487603305785,10.869106753812636,87.4238779956427,0.1841830065359477,88,39,2.821350762527233
CONT_003,2026-09-10 17:41:22.622558,Mango,12.6,89.98,0.12,NORMAL,2026-09-10,17,3,Thursday,2.5999999999999996,NORMAL,NORMAL,LOW,2,LOW,LOW,11.193441734417345,19.75,-0.44,87.76967479674796,100.0,60.02,0.19691056910569105,0.59,82,37,2.934959349593496,11.575468085106383,86.43734042553191,0.19323404255319152,97,51,2.6893617021276595
CONT_003,2026-09-10 17:41:24.621712,Mango,12.12,88.04,0.17,NORMAL,2026-09-10,17,3,Thursday,2.119999999999999,NORMAL,NORMAL,LOW,2,LOW,LOW,11.193441734417345,19.75,-0.44,87.76967479674796,100.0,60.02,0.19691056910569105,0.59,82,37,2.934959349593496,11.575468085106383,86.43734042553191,0.19323404255319152,97,51,2.6893617021276595
CONT_004,2026-09-10 17:41:24.626030,Mango,10.96,88.11,0.15,NORMAL,2026-09-10,17,3,Thursday,0.9600000000000009,NORMAL,NORMAL,LOW,2,LOW,LOW,11.374931129476584,20.55,-1.66,87.65203856749311,100.0,60.25,0.19079889807162537,0.59,81,36,2.9421487603305785,11.575468085106383,86.43734042553191,0.19323404255319152,97,51,2.6893617021276595
CONT_002,2026-09-10 17:41:26.624334,Avocado,9.8,91.1,0.06,NORMAL,2026-09-10,17,3,Thursday,0.1999999999999993,NORMAL,WARNING,LOW,3,MEDIUM,MEDIUM,11.068997050147493,20.03,-1.92,88.139203539823,100.0,61.48,0.18805309734513273,0.6,65,35,2.8997050147492627,9.129162895927601,88.95671945701358,0.19472850678733034,71,53,2.9524886877828056
CONT_005,2026-09-10 17:41:26.628290,Mango,10.38,89.19,0.15,NORMAL,2026-09-10,17,3,Thursday,0.3800000000000008,NORMAL,NORMAL,LOW,2,LOW,LOW,11.204625668449196,20.93,-1.87,87.44355614973261,100.0,60.03,0.18794117647058825,0.59,62,40,2.8181818181818183,11.575468085106383,86.43734042553191,0.19323404255319152,97,51,2.6893617021276595
CONT_001,2026-09-10 17:41:28.626624,Avocado,5.25,92.05,0.2,NORMAL,2026-09-10,17,3,Thursday,4.75,NORMAL,WARNING,LOW,3,MEDIUM,MEDIUM,11.294,20.58,-1.98,87.60111764705883,100.0,60.11,0.19226470588235295,0.59,62,36,2.8941176470588235,9.129162895927601,88.95671945701358,0.19472850678733034,71,53,2.9524886877828056
CONT_003,2026-09-10 17:41:28.631942,Avocado,12.55,94.59,0.12,NORMAL,2026-09-10,17,3,Thursday,2.5500000000000007,NORMAL,WARNING,LOW,3,MEDIUM,MEDIUM,11.193441734417345,19.75,-0.44,87.76967479674796,100.0,60.02,0.19691056910569105,0.59,82,37,2.934959349593496,9.129162895927601,88.95671945701358,0.19472850678733034,71,53,2.9524886877828056
CONT_003,2026-09-10 17:41:30.634146,Tomato,11.44,87.1,0.05,NORMAL,2026-09-10,17,3,Thursday,1.4399999999999995,NORMAL,NORMAL,LOW,2,LOW,LOW,11.193441734417345,19.75,-0.44,87.76967479674796,100.0,60.02,0.19691056910569105,0.59,82,37,2.934959349593496,10.869106753812636,87.4238779956427,0.1841830065359477,88,39,2.821350762527233
CONT_002,2026-09-10 17:41:30.630207,Tomato,11.3,87.35,0.09,NORMAL,2026-09-10,17,3,Thursday,1.3000000000000007,NORMAL,NORMAL,LOW,2,LOW,LOW,11.068997050147493,20.03,-1.92,88.139203539823,100.0,61.48,0.18805309734513273,0.6,65,35,2.8997050147492627,10.869106753812636,87.4238779956427,0.1841830065359477,88,39,2.821350762527233
CONT_001,2026-09-10 17:41:32.639913,Avocado,8.11,90.35,0.19,NORMAL,2026-09-10,17,3,Thursday,1.8900000000000006,NORMAL,WARNING,LOW,3,MEDIUM,MEDIUM,11.294,20.58,-1.98,87.60111764705883,100.0,60.11,0.19226470588235295,0.59,62,36,2.8941176470588235,9.129162895927601,88.95671945701358,0.19472850678733034,71,53,2.9524886877828056
CONT_003,2026-09-10 17:41:32.639913,Avocado,9.89,85.1,0.17,NORMAL,2026-09-10,17,3,Thursday,0.10999999999999943,NORMAL,NORMAL,LOW,2,LOW,LOW,11.193441734417345,19.75,-0.44,87.76967479674796,100.0,60.02,0.19691056910569105,0.59,82,37,2.934959349593496,9.129162895927601,88.95671945701358,0.19472850678733034,71,53,2.9524886877828056
CONT_004,2026-09-10 17:41:34.644323,Banana,13.54,88.84,0.11,NORMAL,2026-09-10,17,3,Thursday,3.539999999999999,NORMAL,NORMAL,LOW,2,LOW,LOW,11.374931129476584,20.55,-1.66,87.65203856749311,100.0,60.25,0.19079889807162537,0.59,81,36,2.9421487603305785,13.473140096618359,88.16468599033817,0.1929951690821256,96,41,3.1594202898550723
CONT_002,2026-09-10 17:41:34.647312,Tomato,7.92,68.52,0.29,WARNING,2026-09-10,17,3,Thursday,2.08,NORMAL,LOW,MEDIUM,2,LOW,LOW,11.068997050147493,20.03,-1.92,88.139203539823,100.0,61.48,0.18805309734513273,0.6,65,35,2.8997050147492627,10.869106753812636,87.4238779956427,0.1841830065359477,88,39,2.821350762527233
CONT_005,2026-09-10 17:41:36.653925,Mango,5.2,68.88,0.55,ANOMALY,2026-09-10,17,3,Thursday,4.8,NORMAL,LOW,HIGH,3,MEDIUM,MEDIUM,11.204625668449196,20.93,-1.87,87.44355614973261,100.0,60.03,0.18794117647058825,0.59,62,40,2.8181818181818183,11.575468085106383,86.43734042553191,0.19323404255319152,97,51,2.6893617021276595
CONT_004,2026-09-10 17:41:36.656423,Banana,7.41,73.75,0.4,ANOMALY,2026-09-10,17,3,Thursday,2.59,NORMAL,NORMAL,MEDIUM,3,MEDIUM,MEDIUM,11.374931129476584,20.55,-1.66,87.65203856749311,100.0,60.25,0.19079889807162537,0.59,81,36,2.9421487603305785,13.473140096618359,88.16468599033817,0.1929951690821256,96,41,3.1594202898550723
CONT_003,2026-09-10 17:41:38.661305,Banana,9.68,100.0,0.46,ANOMALY,2026-09-10,17,3,Thursday,0.3200000000000003,NORMAL,CRITICAL,HIGH,6,HIGH,HIGH,11.193441734417345,19.75,-0.44,87.76967479674796,100.0,60.02,0.19691056910569105,0.59,82,37,2.934959349593496,13.473140096618359,88.16468599033817,0.1929951690821256,96,41,3.1594202898550723
CONT_003,2026-09-10 17:41:38.666770,Avocado,17.56,67.05,0.47,ANOMALY,2026-09-10,17,3,Thursday,7.559999999999999,WARNING,LOW,HIGH,4,MEDIUM,MEDIUM,11.193441734417345,19.75,-0.44,87.76967479674796,100.0,60.02,0.19691056910569105,0.59,82,37,2.934959349593496,9.129162895927601,88.95671945701358,0.19472850678733034,71,53,2.9524886877828056
CONT_001,2026-09-10 17:41:40.668528,Mango,11.47,89.87,0.17,NORMAL,2026-09-10,17,3,Thursday,1.4700000000000006,NORMAL,NORMAL,LOW,2,LOW,LOW,11.294,20.58,-1.98,87.60111764705883,100.0,60.11,0.19226470588235295,0.59,62,36,2.8941176470588235,11.575468085106383,86.43734042553191,0.19323404255319152,97,51,2.6893617021276595
CONT_002,2026-09-10 17:41:40.673081,Mango,10.86,87.8,0.15,NORMAL,2026-09-10,17,3,Thursday,0.8599999999999994,NORMAL,NORMAL,LOW,2,LOW,LOW,11.068997050147493,20.03,-1.92,88.139203539823,100.0,61.48,0.18805309734513273,0.6,65,35,2.8997050147492627,11.575468085106383,86.43734042553191,0.19323404255319152,97,51,2.6893617021276595
CONT_001,2026-09-10 17:41:42.672806,Tomato,10.67,93.77,0.11,NORMAL,2026-09-10,17,3,Thursday,0.6699999999999999,NORMAL,WARNING,LOW,3,MEDIUM,MEDIUM,11.294,20.58,-1.98,87.60111764705883,100.0,60.11,0.19226470588235295,0.59,62,36,2.8941176470588235,10.869106753812636,87.4238779956427,0.1841830065359477,88,39,2.821350762527233
CONT_004,2026-09-10 17:41:42.677904,Tomato,6.7,100.0,0.46,ANOMALY,2026-09-10,17,3,Thursday,3.3,NORMAL,CRITICAL,HIGH,6,HIGH,HIGH,11.374931129476584,20.55,-1.66,87.65203856749311,100.0,60.25,0.19079889807162537,0.59,81,36,2.9421487603305785,10.869106753812636,87.4238779956427,0.1841830065359477,88,39,2.821350762527233
CONT_003,2026-09-10 17:41:44.677012,Tomato,3.89,100.0,0.56,ANOMALY,2026-09-10,17,3,Thursday,6.109999999999999,LOW,CRITICAL,HIGH,5,HIGH,HIGH,11.193441734417345,19.75,-0.44,87.76967479674796,100.0,60.02,0.19691056910569105,0.59,82,37,2.934959349593496,10.869106753812636,87.4238779956427,0.1841830065359477,88,39,2.821350762527233
CONT_004,2026-09-10 17:41:44.685915,Mango,11.71,88.08,0.17,NORMAL,2026-09-10,17,3,Thursday,1.7100000000000009,NORMAL,NORMAL,LOW,2,LOW,LOW,11.374931129476584,20.55,-1.66,87.65203856749311,100.0,60.25,0.19079889807162537,0.59,81,36,2.9421487603305785,11.575468085106383,86.43734042553191,0.19323404255319152,97,51,2.6893617021276595
CONT_003,2026-09-10 17:41:46.683242,Avocado,16.12,100.0,0.46,ANOMALY,2026-09-10,17,3,Thursday,6.120000000000001,WARNING,CRITICAL,HIGH,7,CRITICAL,CRITICAL,11.193441734417345,19.75,-0.44,87.76967479674796,100.0,60.02,0.19691056910569105,0.59,82,37,2.934959349593496,9.129162895927601,88.95671945701358,0.19472850678733034,71,53,2.9524886877828056
CONT_002,2026-09-10 17:41:46.689492,Mango,12.0,88.09,0.06,NORMAL,2026-09-10,17,3,Thursday,2.0,NORMAL,NORMAL,LOW,2,LOW,LOW,11.068997050147493,20.03,-1.92,88.139203539823,100.0,61.48,0.18805309734513273,0.6,65,35,2.8997050147492627,11.575468085106383,86.43734042553191,0.19323404255319152,97,51,2.6893617021276595
CONT_001,2026-09-10 17:41:48.687258,Mango,12.41,89.67,0.18,NORMAL,2026-09-10,17,3,Thursday,2.41,NORMAL,NORMAL,LOW,2,LOW,LOW,11.294,20.58,-1.98,87.60111764705883,100.0,60.11,0.19226470588235295,0.59,62,36,2.8941176470588235,11.575468085106383,86.43734042553191,0.19323404255319152,97,51,2.6893617021276595
CONT_004,2026-09-10 17:41:48.697329,Tomato,10.63,92.62,0.15,NORMAL,2026-09-10,17,3,Thursday,0.6300000000000008,NORMAL,WARNING,LOW,3,MEDIUM,MEDIUM,11.374931129476584,20.55,-1.66,87.65203856749311,100.0,60.25,0.19079889807162537,0.59,81,36,2.9421487603305785,10.869106753812636,87.4238779956427,0.1841830065359477,88,39,2.821350762527233
CONT_005,2026-09-10 17:41:50.982247,Mango,12.72,88.74,0.13,NORMAL,2026-09-10,17,3,Thursday,2.7200000000000006,NORMAL,NORMAL,LOW,2,LOW,LOW,11.204625668449196,20.93,-1.87,87.44355614973261,100.0,60.03,0.18794117647058825,0.59,62,40,2.8181818181818183,11.575468085106383,86.43734042553191,0.19323404255319152,97,51,2.6893617021276595
CONT_003,2026-09-10 17:41:50.694212,Banana,13.15,88.95,0.17,NORMAL,2026-09-10,17,3,Thursday,3.1500000000000004,NORMAL,NORMAL,LOW,2,LOW,LOW,11.193441734417345,19.75,-0.44,87.76967479674796,100.0,60.02,0.19691056910569105,0.59,82,37,2.934959349593496,13.473140096618359,88.16468599033817,0.1929951690821256,96,41,3.1594202898550723
CONT_001,2026-09-10 17:41:53.001525,Tomato,14.4,67.92,0.25,WARNING,2026-09-10,17,3,Thursday,4.4,NORMAL,LOW,MEDIUM,2,LOW,LOW,11.294,20.58,-1.98,87.60111764705883,100.0,60.11,0.19226470588235295,0.59,62,36,2.8941176470588235,10.869106753812636,87.4238779956427,0.1841830065359477,88,39,2.821350762527233
CONT_004,2026-09-10 17:41:53.002725,Mango,12.42,88.86,0.13,NORMAL,2026-09-10,17,3,Thursday,2.42,NORMAL,NORMAL,LOW,2,LOW,LOW,11.374931129476584,20.55,-1.66,87.65203856749311,100.0,60.25,0.19079889807162537,0.59,81,36,2.9421487603305785,11.575468085106383,86.43734042553191,0.19323404255319152,97,51,2.6893617021276595
CONT_004,2026-09-10 17:41:55.005250,Avocado,6.83,89.07,0.11,NORMAL,2026-09-10,17,3,Thursday,3.17,NORMAL,NORMAL,LOW,2,LOW,LOW,11.374931129476584,20.55,-1.66,87.65203856749311,100.0,60.25,0.19079889807162537,0.59,81,36,2.9421487603305785,9.129162895927601,88.95671945701358,0.19472850678733034,71,53,2.9524886877828056
CONT_003,2026-09-10 17:41:55.006652,Banana,13.03,88.93,0.12,NORMAL,2026-09-10,17,3,Thursday,3.0299999999999994,NORMAL,NORMAL,LOW,2,LOW,LOW,11.193441734417345,19.75,-0.44,87.76967479674796,100.0,60.02,0.19691056910569105,0.59,82,37,2.934959349593496,13.473140096618359,88.16468599033817,0.1929951690821256,96,41,3.1594202898550723
CONT_002,2026-09-10 17:41:57.021243,Mango,12.8,85.78,0.05,NORMAL,2026-09-10,17,3,Thursday,2.8000000000000007,NORMAL,NORMAL,LOW,2,LOW,LOW,11.068997050147493,20.03,-1.92,88.139203539823,100.0,61.48,0.18805309734513273,0.6,65,35,2.8997050147492627,11.575468085106383,86.43734042553191,0.19323404255319152,97,51,2.6893617021276595
CONT_002,2026-09-10 17:41:57.034931,Mango,15.13,100.0,0.28,WARNING,2026-09-10,17,3,Thursday,5.130000000000001,WARNING,CRITICAL,MEDIUM,6,HIGH,HIGH,11.068997050147493,20.03,-1.92,88.139203539823,100.0,61.48,0.18805309734513273,0.6,65,35,2.8997050147492627,11.575468085106383,86.43734042553191,0.19323404255319152,97,51,2.6893617021276595
CONT_005,2026-09-10 17:41:59.082107,Tomato,11.05,90.36,0.1,NORMAL,2026-09-10,17,3,Thursday,1.0500000000000007,NORMAL,WARNING,LOW,3,MEDIUM,MEDIUM,11.204625668449196,20.93,-1.87,87.44355614973261,100.0,60.03,0.18794117647058825,0.59,62,40,2.8181818181818183,10.869106753812636,87.4238779956427,0.1841830065359477,88,39,2.821350762527233
CONT_003,2026-09-10 17:41:59.080902,Avocado,5.79,89.41,0.13,NORMAL,2026-09-10,17,3,Thursday,4.21,NORMAL,NORMAL,LOW,2,LOW,LOW,11.193441734417345,19.75,-0.44,87.76967479674796,100.0,60.02,0.19691056910569105,0.59,82,37,2.934959349593496,9.129162895927601,88.95671945701358,0.19472850678733034,71,53,2.9524886877828056
CONT_003,2026-09-10 17:42:01.086699,Avocado,6.61,88.62,0.07,NORMAL,2026-09-10,17,3,Thursday,3.3899999999999997,NORMAL,NORMAL,LOW,2,LOW,LOW,11.193441734417345,19.75,-0.44,87.76967479674796,100.0,60.02,0.19691056910569105,0.59,82,37,2.934959349593496,9.129162895927601,88.95671945701358,0.19472850678733034,71,53,2.9524886877828056
CONT_005,2026-09-10 17:42:01.086168,Mango,12.05,85.71,0.06,NORMAL,2026-09-10,17,3,Thursday,2.0500000000000007,NORMAL,NORMAL,LOW,2,LOW,LOW,11.204625668449196,20.93,-1.87,87.44355614973261,100.0,60.03,0.18794117647058825,0.59,62,40,2.8181818181818183,11.575468085106383,86.43734042553191,0.19323404255319152,97,51,2.6893617021276595
CONT_003,2026-09-10 17:42:03.109912,Banana,10.3,100.0,0.22,WARNING,2026-09-10,17,3,Thursday,0.3000000000000007,NORMAL,CRITICAL,MEDIUM,5,HIGH,HIGH,11.193441734417345,19.75,-0.44,87.76967479674796,100.0,60.02,0.19691056910569105,0.59,82,37,2.934959349593496,13.473140096618359,88.16468599033817,0.1929951690821256,96,41,3.1594202898550723
CONT_005,2026-09-10 17:42:03.142919,Avocado,6.92,87.94,0.15,NORMAL,2026-09-10,17,3,Thursday,3.08,NORMAL,NORMAL,LOW,2,LOW,LOW,11.204625668449196,20.93,-1.87,87.44355614973261,100.0,60.03,0.18794117647058825,0.59,62,40,2.8181818181818183,9.129162895927601,88.95671945701358,0.19472850678733034,71,53,2.9524886877828056
CONT_001,2026-09-10 17:42:05.180666,Avocado,11.71,89.09,0.18,NORMAL,2026-09-10,17,3,Thursday,1.7100000000000009,NORMAL,NORMAL,LOW,2,LOW,LOW,11.294,20.58,-1.98,87.60111764705883,100.0,60.11,0.19226470588235295,0.59,62,36,2.8941176470588235,9.129162895927601,88.95671945701358,0.19472850678733034,71,53,2.9524886877828056
CONT_004,2026-09-10 17:42:05.171187,Mango,8.39,100.0,0.23,WARNING,2026-09-10,17,3,Thursday,1.6099999999999994,NORMAL,CRITICAL,MEDIUM,5,HIGH,HIGH,11.374931129476584,20.55,-1.66,87.65203856749311,100.0,60.25,0.19079889807162537,0.59,81,36,2.9421487603305785,11.575468085106383,86.43734042553191,0.19323404255319152,97,51,2.6893617021276595
CONT_005,2026-09-10 17:42:07.191217,Banana,13.36,86.24,0.05,NORMAL,2026-09-10,17,3,Thursday,3.3599999999999994,NORMAL,NORMAL,LOW,2,LOW,LOW,11.204625668449196,20.93,-1.87,87.44355614973261,100.0,60.03,0.18794117647058825,0.59,62,40,2.8181818181818183,13.473140096618359,88.16468599033817,0.1929951690821256,96,41,3.1594202898550723
CONT_005,2026-09-10 17:42:07.198750,Avocado,2.04,100.0,0.26,WARNING,2026-09-10,17,3,Thursday,7.96,LOW,CRITICAL,MEDIUM,4,MEDIUM,MEDIUM,11.204625668449196,20.93,-1.87,87.44355614973261,100.0,60.03,0.18794117647058825,0.59,62,40,2.8181818181818183,9.129162895927601,88.95671945701358,0.19472850678733034,71,53,2.9524886877828056
CONT_002,2026-09-10 17:42:09.193367,Banana,13.73,90.28,0.08,NORMAL,2026-09-10,17,3,Thursday,3.7300000000000004,NORMAL,WARNING,LOW,3,MEDIUM,MEDIUM,11.068997050147493,20.03,-1.92,88.139203539823,100.0,61.48,0.18805309734513273,0.6,65,35,2.8997050147492627,13.473140096618359,88.16468599033817,0.1929951690821256,96,41,3.1594202898550723
CONT_004,2026-09-10 17:42:09.201369,Mango,11.93,89.45,0.1,NORMAL,2026-09-10,17,3,Thursday,1.9299999999999997,NORMAL,NORMAL,LOW,2,LOW,LOW,11.374931129476584,20.55,-1.66,87.65203856749311,100.0,60.25,0.19079889807162537,0.59,81,36,2.9421487603305785,11.575468085106383,86.43734042553191,0.19323404255319152,97,51,2.6893617021276595
CONT_002,2026-09-10 17:42:11.196790,Mango,15.71,100.0,0.29,WARNING,2026-09-10,17,3,Thursday,5.710000000000001,WARNING,CRITICAL,MEDIUM,6,HIGH,HIGH,11.068997050147493,20.03,-1.92,88.139203539823,100.0,61.48,0.18805309734513273,0.6,65,35,2.8997050147492627,11.575468085106383,86.43734042553191,0.19323404255319152,97,51,2.6893617021276595
CONT_003,2026-09-10 17:42:11.203887,Banana,13.53,92.08,0.08,NORMAL,2026-09-10,17,3,Thursday,3.5299999999999994,NORMAL,WARNING,LOW,3,MEDIUM,MEDIUM,11.193441734417345,19.75,-0.44,87.76967479674796,100.0,60.02,0.19691056910569105,0.59,82,37,2.934959349593496,13.473140096618359,88.16468599033817,0.1929951690821256,96,41,3.1594202898550723
CONT_002,2026-09-10 17:42:13.199695,Mango,8.92,100.0,0.23,WARNING,2026-09-10,17,3,Thursday,1.08,NORMAL,CRITICAL,MEDIUM,5,HIGH,HIGH,11.068997050147493,20.03,-1.92,88.139203539823,100.0,61.48,0.18805309734513273,0.6,65,35,2.8997050147492627,11.575468085106383,86.43734042553191,0.19323404255319152,97,51,2.6893617021276595
CONT_004,2026-09-10 17:42:13.206420,Avocado,11.1,92.5,0.08,NORMAL,2026-09-10,17,3,Thursday,1.0999999999999996,NORMAL,WARNING,LOW,3,MEDIUM,MEDIUM,11.374931129476584,20.55,-1.66,87.65203856749311,100.0,60.25,0.19079889807162537,0.59,81,36,2.9421487603305785,9.129162895927601,88.95671945701358,0.19472850678733034,71,53,2.9524886877828056
CONT_005,2026-09-10 17:42:15.205507,Tomato,11.46,93.98,0.07,NORMAL,2026-09-10,17,3,Thursday,1.4600000000000009,NORMAL,WARNING,LOW,3,MEDIUM,MEDIUM,11.204625668449196,20.93,-1.87,87.44355614973261,100.0,60.03,0.18794117647058825,0.59,62,40,2.8181818181818183,10.869106753812636,87.4238779956427,0.1841830065359477,88,39,2.821350762527233
CONT_002,2026-09-10 17:42:15.209884,Banana,13.29,89.67,0.16,NORMAL,2026-09-10,17,3,Thursday,3.289999999999999,NORMAL,NORMAL,LOW,2,LOW,LOW,11.068997050147493,20.03,-1.92,88.139203539823,100.0,61.48,0.18805309734513273,0.6,65,35,2.8997050147492627,13.473140096618359,88.16468599033817,0.1929951690821256,96,41,3.1594202898550723
CONT_001,2026-09-10 17:42:17.209558,Tomato,10.64,86.5,0.2,NORMAL,2026-09-10,17,3,Thursday,0.6400000000000006,NORMAL,NORMAL,LOW,2,LOW,LOW,11.294,20.58,-1.98,87.60111764705883,100.0,60.11,0.19226470588235295,0.59,62,36,2.8941176470588235,10.869106753812636,87.4238779956427,0.1841830065359477,88,39,2.821350762527233
CONT_005,2026-09-10 17:42:17.221896,Tomato,11.95,92.78,0.08,NORMAL,2026-09-10,17,3,Thursday,1.9499999999999993,NORMAL,WARNING,LOW,3,MEDIUM,MEDIUM,11.204625668449196,20.93,-1.87,87.44355614973261,100.0,60.03,0.18794117647058825,0.59,62,40,2.8181818181818183,10.869106753812636,87.4238779956427,0.1841830065359477,88,39,2.821350762527233
CONT_004,2026-09-10 17:42:19.213160,Avocado,-0.66,65.26,0.43,ANOMALY,2026-09-10,17,3,Thursday,10.66,LOW,LOW,HIGH,2,LOW,LOW,11.374931129476584,20.55,-1.66,87.65203856749311,100.0,60.25,0.19079889807162537,0.59,81,36,2.9421487603305785,9.129162895927601,88.95671945701358,0.19472850678733034,71,53,2.9524886877828056
CONT_001,2026-09-10 17:42:19.224478,Mango,12.6,87.92,0.11,NORMAL,2026-09-10,17,3,Thursday,2.5999999999999996,NORMAL,NORMAL,LOW,2,LOW,LOW,11.294,20.58,-1.98,87.60111764705883,100.0,60.11,0.19226470588235295,0.59,62,36,2.8941176470588235,11.575468085106383,86.43734042553191,0.19323404255319152,97,51,2.6893617021276595
CONT_002,2026-09-10 17:42:21.216082,Mango,11.56,85.56,0.1,NORMAL,2026-09-10,17,3,Thursday,1.5600000000000005,NORMAL,NORMAL,LOW,2,LOW,LOW,11.068997050147493,20.03,-1.92,88.139203539823,100.0,61.48,0.18805309734513273,0.6,65,35,2.8997050147492627,11.575468085106383,86.43734042553191,0.19323404255319152,97,51,2.6893617021276595
CONT_001,2026-09-10 17:42:21.228463,Tomato,11.92,85.43,0.15,NORMAL,2026-09-10,17,3,Thursday,1.92,NORMAL,NORMAL,LOW,2,LOW,LOW,11.294,20.58,-1.98,87.60111764705883,100.0,60.11,0.19226470588235295,0.59,62,36,2.8941176470588235,10.869106753812636,87.4238779956427,0.1841830065359477,88,39,2.821350762527233
CONT_002,2026-09-10 17:42:23.218277,Avocado,15.61,100.0,0.22,WARNING,2026-09-10,17,3,Thursday,5.609999999999999,WARNING,CRITICAL,MEDIUM,6,HIGH,HIGH,11.068997050147493,20.03,-1.92,88.139203539823,100.0,61.48,0.18805309734513273,0.6,65,35,2.8997050147492627,9.129162895927601,88.95671945701358,0.19472850678733034,71,53,2.9524886877828056
CONT_003,2026-09-10 17:42:23.233105,Tomato,11.39,92.64,0.19,NORMAL,2026-09-10,17,3,Thursday,1.3900000000000006,NORMAL,WARNING,LOW,3,MEDIUM,MEDIUM,11.193441734417345,19.75,-0.44,87.76967479674796,100.0,60.02,0.19691056910569105,0.59,82,37,2.934959349593496,10.869106753812636,87.4238779956427,0.1841830065359477,88,39,2.821350762527233
CONT_004,2026-09-10 17:42:25.222085,Banana,7.55,100.0,0.49,ANOMALY,2026-09-10,17,3,Thursday,2.45,NORMAL,CRITICAL,HIGH,6,HIGH,HIGH,11.374931129476584,20.55,-1.66,87.65203856749311,100.0,60.25,0.19079889807162537,0.59,81,36,2.9421487603305785,13.473140096618359,88.16468599033817,0.1929951690821256,96,41,3.1594202898550723
CONT_002,2026-09-10 17:42:25.237299,Mango,6.48,100.0,0.58,ANOMALY,2026-09-10,17,3,Thursday,3.5199999999999996,NORMAL,CRITICAL,HIGH,6,HIGH,HIGH,11.068997050147493,20.03,-1.92,88.139203539823,100.0,61.48,0.18805309734513273,0.6,65,35,2.8997050147492627,11.575468085106383,86.43734042553191,0.19323404255319152,97,51,2.6893617021276595
CONT_002,2026-09-10 17:42:27.267642,Mango,11.78,85.09,0.15,NORMAL,2026-09-10,17,3,Thursday,1.7799999999999994,NORMAL,NORMAL,LOW,2,LOW,LOW,11.068997050147493,20.03,-1.92,88.139203539823,100.0,61.48,0.18805309734513273,0.6,65,35,2.8997050147492627,11.575468085106383,86.43734042553191,0.19323404255319152,97,51,2.6893617021276595
CONT_001,2026-09-10 17:42:27.266045,Avocado,10.27,85.47,0.13,NORMAL,2026-09-10,17,3,Thursday,0.2699999999999996,NORMAL,NORMAL,LOW,2,LOW,LOW,11.294,20.58,-1.98,87.60111764705883,100.0,60.11,0.19226470588235295,0.59,62,36,2.8941176470588235,9.129162895927601,88.95671945701358,0.19472850678733034,71,53,2.9524886877828056
CONT_004,2026-09-10 17:42:29.271708,Mango,11.19,88.66,0.15,NORMAL,2026-09-10,17,3,Thursday,1.1899999999999995,NORMAL,NORMAL,LOW,2,LOW,LOW,11.374931129476584,20.55,-1.66,87.65203856749311,100.0,60.25,0.19079889807162537,0.59,81,36,2.9421487603305785,11.575468085106383,86.43734042553191,0.19323404255319152,97,51,2.6893617021276595
CONT_004,2026-09-10 17:42:29.274161,Tomato,10.87,86.0,0.07,NORMAL,2026-09-10,17,3,Thursday,0.8699999999999992,NORMAL,NORMAL,LOW,2,LOW,LOW,11.374931129476584,20.55,-1.66,87.65203856749311,100.0,60.25,0.19079889807162537,0.59,81,36,2.9421487603305785,10.869106753812636,87.4238779956427,0.1841830065359477,88,39,2.821350762527233
CONT_001,2026-09-10 17:42:31.275270,Avocado,10.58,91.09,0.11,NORMAL,2026-09-10,17,3,Thursday,0.5800000000000001,NORMAL,WARNING,LOW,3,MEDIUM,MEDIUM,11.294,20.58,-1.98,87.60111764705883,100.0,60.11,0.19226470588235295,0.59,62,36,2.8941176470588235,9.129162895927601,88.95671945701358,0.19472850678733034,71,53,2.9524886877828056
CONT_001,2026-09-10 17:42:31.276598,Banana,18.97,100.0,0.45,ANOMALY,2026-09-10,17,3,Thursday,8.969999999999999,WARNING,CRITICAL,HIGH,7,CRITICAL,CRITICAL,11.294,20.58,-1.98,87.60111764705883,100.0,60.11,0.19226470588235295,0.59,62,36,2.8941176470588235,13.473140096618359,88.16468599033817,0.1929951690821256,96,41,3.1594202898550723
CONT_005,2026-09-10 17:42:33.281371,Avocado,18.85,100.0,0.41,ANOMALY,2026-09-10,17,3,Thursday,8.850000000000001,WARNING,CRITICAL,HIGH,7,CRITICAL,CRITICAL,11.204625668449196,20.93,-1.87,87.44355614973261,100.0,60.03,0.18794117647058825,0.59,62,40,2.8181818181818183,9.129162895927601,88.95671945701358,0.19472850678733034,71,53,2.9524886877828056
CONT_001,2026-09-10 17:42:33.282970,Tomato,11.18,93.24,0.16,NORMAL,2026-09-10,17,3,Thursday,1.1799999999999997,NORMAL,WARNING,LOW,3,MEDIUM,MEDIUM,11.294,20.58,-1.98,87.60111764705883,100.0,60.11,0.19226470588235295,0.59,62,36,2.8941176470588235,10.869106753812636,87.4238779956427,0.1841830065359477,88,39,2.821350762527233
CONT_003,2026-09-10 17:42:35.283871,Banana,13.99,87.94,0.16,NORMAL,2026-09-10,17,3,Thursday,3.99,NORMAL,NORMAL,LOW,2,LOW,LOW,11.193441734417345,19.75,-0.44,87.76967479674796,100.0,60.02,0.19691056910569105,0.59,82,37,2.934959349593496,13.473140096618359,88.16468599033817,0.1929951690821256,96,41,3.1594202898550723
CONT_004,2026-09-10 17:42:35.286426,Avocado,8.7,94.6,0.1,NORMAL,2026-09-10,17,3,Thursday,1.3000000000000007,NORMAL,WARNING,LOW,3,MEDIUM,MEDIUM,11.374931129476584,20.55,-1.66,87.65203856749311,100.0,60.25,0.19079889807162537,0.59,81,36,2.9421487603305785,9.129162895927601,88.95671945701358,0.19472850678733034,71,53,2.9524886877828056
CONT_004,2026-09-10 17:42:37.286067,Tomato,10.69,85.95,0.15,NORMAL,2026-09-10,17,3,Thursday,0.6899999999999995,NORMAL,NORMAL,LOW,2,LOW,LOW,11.374931129476584,20.55,-1.66,87.65203856749311,100.0,60.25,0.19079889807162537,0.59,81,36,2.9421487603305785,10.869106753812636,87.4238779956427,0.1841830065359477,88,39,2.821350762527233
CONT_005,2026-09-10 17:42:37.288988,Banana,13.24,90.8,0.14,NORMAL,2026-09-10,17,3,Thursday,3.24,NORMAL,WARNING,LOW,3,MEDIUM,MEDIUM,11.204625668449196,20.93,-1.87,87.44355614973261,100.0,60.03,0.18794117647058825,0.59,62,40,2.8181818181818183,13.473140096618359,88.16468599033817,0.1929951690821256,96,41,3.1594202898550723
CONT_005,2026-09-10 17:42:39.291615,Mango,11.45,86.55,0.13,NORMAL,2026-09-10,17,3,Thursday,1.4499999999999993,NORMAL,NORMAL,LOW,2,LOW,LOW,11.204625668449196,20.93,-1.87,87.44355614973261,100.0,60.03,0.18794117647058825,0.59,62,40,2.8181818181818183,11.575468085106383,86.43734042553191,0.19323404255319152,97,51,2.6893617021276595
CONT_002,2026-09-10 17:42:39.297349,Tomato,11.53,85.47,0.16,NORMAL,2026-09-10,17,3,Thursday,1.5299999999999994,NORMAL,NORMAL,LOW,2,LOW,LOW,11.068997050147493,20.03,-1.92,88.139203539823,100.0,61.48,0.18805309734513273,0.6,65,35,2.8997050147492627,10.869106753812636,87.4238779956427,0.1841830065359477,88,39,2.821350762527233
CONT_003,2026-09-10 17:42:41.296454,Banana,13.36,91.3,0.18,NORMAL,2026-09-10,17,3,Thursday,3.3599999999999994,NORMAL,WARNING,LOW,3,MEDIUM,MEDIUM,11.193441734417345,19.75,-0.44,87.76967479674796,100.0,60.02,0.19691056910569105,0.59,82,37,2.934959349593496,13.473140096618359,88.16468599033817,0.1929951690821256,96,41,3.1594202898550723
CONT_005,2026-09-10 17:42:41.300426,Avocado,14.15,70.05,0.3,WARNING,2026-09-10,17,3,Thursday,4.15,NORMAL,NORMAL,MEDIUM,3,MEDIUM,MEDIUM,11.204625668449196,20.93,-1.87,87.44355614973261,100.0,60.03,0.18794117647058825,0.59,62,40,2.8181818181818183,9.129162895927601,88.95671945701358,0.19472850678733034,71,53,2.9524886877828056
CONT_003,2026-09-10 17:42:43.300026,Tomato,7.79,61.99,0.31,WARNING,2026-09-10,17,3,Thursday,2.21,NORMAL,LOW,MEDIUM,2,LOW,LOW,11.193441734417345,19.75,-0.44,87.76967479674796,100.0,60.02,0.19691056910569105,0.59,82,37,2.934959349593496,10.869106753812636,87.4238779956427,0.1841830065359477,88,39,2.821350762527233
CONT_002,2026-09-10 17:42:43.303669,Avocado,11.41,94.09,0.18,NORMAL,2026-09-10,17,3,Thursday,1.4100000000000001,NORMAL,WARNING,LOW,3,MEDIUM,MEDIUM,11.068997050147493,20.03,-1.92,88.139203539823,100.0,61.48,0.18805309734513273,0.6,65,35,2.8997050147492627,9.129162895927601,88.95671945701358,0.19472850678733034,71,53,2.9524886877828056
CONT_003,2026-09-10 17:42:45.305861,Avocado,8.88,89.13,0.15,NORMAL,2026-09-10,17,3,Thursday,1.1199999999999992,NORMAL,NORMAL,LOW,2,LOW,LOW,11.193441734417345,19.75,-0.44,87.76967479674796,100.0,60.02,0.19691056910569105,0.59,82,37,2.934959349593496,9.129162895927601,88.95671945701358,0.19472850678733034,71,53,2.9524886877828056
CONT_001,2026-09-10 17:42:45.307395,Mango,12.51,88.64,0.12,NORMAL,2026-09-10,17,3,Thursday,2.51,NORMAL,NORMAL,LOW,2,LOW,LOW,11.294,20.58,-1.98,87.60111764705883,100.0,60.11,0.19226470588235295,0.59,62,36,2.8941176470588235,11.575468085106383,86.43734042553191,0.19323404255319152,97,51,2.6893617021276595
CONT_005,2026-09-10 17:42:47.310039,Mango,11.53,86.88,0.14,NORMAL,2026-09-10,17,3,Thursday,1.5299999999999994,NORMAL,NORMAL,LOW,2,LOW,LOW,11.204625668449196,20.93,-1.87,87.44355614973261,100.0,60.03,0.18794117647058825,0.59,62,40,2.8181818181818183,11.575468085106383,86.43734042553191,0.19323404255319152,97,51,2.6893617021276595
CONT_002,2026-09-10 17:42:47.314495,Avocado,7.1,89.0,0.14,NORMAL,2026-09-10,17,3,Thursday,2.9000000000000004,NORMAL,NORMAL,LOW,2,LOW,LOW,11.068997050147493,20.03,-1.92,88.139203539823,100.0,61.48,0.18805309734513273,0.6,65,35,2.8997050147492627,9.129162895927601,88.95671945701358,0.19472850678733034,71,53,2.9524886877828056
CONT_003,2026-09-10 17:42:49.316004,Mango,12.86,88.59,0.09,NORMAL,2026-09-10,17,3,Thursday,2.8599999999999994,NORMAL,NORMAL,LOW,2,LOW,LOW,11.193441734417345,19.75,-0.44,87.76967479674796,100.0,60.02,0.19691056910569105,0.59,82,37,2.934959349593496,11.575468085106383,86.43734042553191,0.19323404255319152,97,51,2.6893617021276595
CONT_004,2026-09-10 17:42:49.316475,Mango,11.82,89.9,0.11,NORMAL,2026-09-10,17,3,Thursday,1.8200000000000003,NORMAL,NORMAL,LOW,2,LOW,LOW,11.374931129476584,20.55,-1.66,87.65203856749311,100.0,60.25,0.19079889807162537,0.59,81,36,2.9421487603305785,11.575468085106383,86.43734042553191,0.19323404255319152,97,51,2.6893617021276595
CONT_004,2026-09-10 17:42:51.319411,Avocado,2.77,100.0,0.27,WARNING,2026-09-10,17,3,Thursday,7.23,LOW,CRITICAL,MEDIUM,4,MEDIUM,MEDIUM,11.374931129476584,20.55,-1.66,87.65203856749311,100.0,60.25,0.19079889807162537,0.59,81,36,2.9421487603305785,9.129162895927601,88.95671945701358,0.19472850678733034,71,53,2.9524886877828056
CONT_003,2026-09-10 17:42:51.320365,Banana,13.15,94.31,0.09,NORMAL,2026-09-10,17,3,Thursday,3.1500000000000004,NORMAL,WARNING,LOW,3,MEDIUM,MEDIUM,11.193441734417345,19.75,-0.44,87.76967479674796,100.0,60.02,0.19691056910569105,0.59,82,37,2.934959349593496,13.473140096618359,88.16468599033817,0.1929951690821256,96,41,3.1594202898550723
CONT_005,2026-09-10 17:42:53.323407,Tomato,14.07,69.56,0.27,WARNING,2026-09-10,17,3,Thursday,4.07,NORMAL,LOW,MEDIUM,2,LOW,LOW,11.204625668449196,20.93,-1.87,87.44355614973261,100.0,60.03,0.18794117647058825,0.59,62,40,2.8181818181818183,10.869106753812636,87.4238779956427,0.1841830065359477,88,39,2.821350762527233
CONT_005,2026-09-10 17:42:53.323244,Mango,14.71,63.47,0.29,WARNING,2026-09-10,17,3,Thursday,4.710000000000001,NORMAL,LOW,MEDIUM,2,LOW,LOW,11.204625668449196,20.93,-1.87,87.44355614973261,100.0,60.03,0.18794117647058825,0.59,62,40,2.8181818181818183,11.575468085106383,86.43734042553191,0.19323404255319152,97,51,2.6893617021276595
CONT_001,2026-09-10 17:42:55.670019,Avocado,5.95,88.03,0.17,NORMAL,2026-09-10,17,3,Thursday,4.05,NORMAL,NORMAL,LOW,2,LOW,LOW,11.294,20.58,-1.98,87.60111764705883,100.0,60.11,0.19226470588235295,0.59,62,36,2.8941176470588235,9.129162895927601,88.95671945701358,0.19472850678733034,71,53,2.9524886877828056
CONT_001,2026-09-10 17:42:55.669612,Mango,11.3,87.45,0.05,NORMAL,2026-09-10,17,3,Thursday,1.3000000000000007,NORMAL,NORMAL,LOW,2,LOW,LOW,11.294,20.58,-1.98,87.60111764705883,100.0,60.11,0.19226470588235295,0.59,62,36,2.8941176470588235,11.575468085106383,86.43734042553191,0.19323404255319152,97,51,2.6893617021276595
CONT_004,2026-09-10 17:42:57.926820,Banana,13.05,93.48,0.09,NORMAL,2026-09-10,17,3,Thursday,3.0500000000000007,NORMAL,WARNING,LOW,3,MEDIUM,MEDIUM,11.374931129476584,20.55,-1.66,87.65203856749311,100.0,60.25,0.19079889807162537,0.59,81,36,2.9421487603305785,13.473140096618359,88.16468599033817,0.1929951690821256,96,41,3.1594202898550723
CONT_003,2026-09-10 17:42:57.928430,Tomato,11.04,92.24,0.16,NORMAL,2026-09-10,17,3,Thursday,1.0399999999999991,NORMAL,WARNING,LOW,3,MEDIUM,MEDIUM,11.193441734417345,19.75,-0.44,87.76967479674796,100.0,60.02,0.19691056910569105,0.59,82,37,2.934959349593496,10.869106753812636,87.4238779956427,0.1841830065359477,88,39,2.821350762527233
CONT_004,2026-09-10 17:42:59.931021,Avocado,8.72,92.97,0.15,NORMAL,2026-09-10,17,3,Thursday,1.2799999999999994,NORMAL,WARNING,LOW,3,MEDIUM,MEDIUM,11.374931129476584,20.55,-1.66,87.65203856749311,100.0,60.25,0.19079889807162537,0.59,81,36,2.9421487603305785,9.129162895927601,88.95671945701358,0.19472850678733034,71,53,2.9524886877828056
CONT_005,2026-09-10 17:42:59.932850,Tomato,11.79,85.66,0.15,NORMAL,2026-09-10,17,3,Thursday,1.7899999999999991,NORMAL,NORMAL,LOW,2,LOW,LOW,11.204625668449196,20.93,-1.87,87.44355614973261,100.0,60.03,0.18794117647058825,0.59,62,40,2.8181818181818183,10.869106753812636,87.4238779956427,0.1841830065359477,88,39,2.821350762527233
CONT_004,2026-09-10 17:43:01.937390,Banana,13.6,93.39,0.05,NORMAL,2026-09-10,17,3,Thursday,3.5999999999999996,NORMAL,WARNING,LOW,3,MEDIUM,MEDIUM,11.374931129476584,20.55,-1.66,87.65203856749311,100.0,60.25,0.19079889807162537,0.59,81,36,2.9421487603305785,13.473140096618359,88.16468599033817,0.1929951690821256,96,41,3.1594202898550723
CONT_002,2026-09-10 17:43:01.938947,Banana,13.47,93.96,0.18,NORMAL,2026-09-10,17,3,Thursday,3.4700000000000006,NORMAL,WARNING,LOW,3,MEDIUM,MEDIUM,11.068997050147493,20.03,-1.92,88.139203539823,100.0,61.48,0.18805309734513273,0.6,65,35,2.8997050147492627,13.473140096618359,88.16468599033817,0.1929951690821256,96,41,3.1594202898550723
CONT_001,2026-09-10 17:43:03.939807,Tomato,13.31,100.0,0.28,WARNING,2026-09-10,17,3,Thursday,3.3100000000000005,NORMAL,CRITICAL,MEDIUM,5,HIGH,HIGH,11.294,20.58,-1.98,87.60111764705883,100.0,60.11,0.19226470588235295,0.59,62,36,2.8941176470588235,10.869106753812636,87.4238779956427,0.1841830065359477,88,39,2.821350762527233
CONT_004,2026-09-10 17:43:03.953820,Banana,13.47,86.59,0.11,NORMAL,2026-09-10,17,3,Thursday,3.4700000000000006,NORMAL,NORMAL,LOW,2,LOW,LOW,11.374931129476584,20.55,-1.66,87.65203856749311,100.0,60.25,0.19079889807162537,0.59,81,36,2.9421487603305785,13.473140096618359,88.16468599033817,0.1929951690821256,96,41,3.1594202898550723
CONT_002,2026-09-10 17:43:05.954250,Mango,12.46,89.53,0.1,NORMAL,2026-09-10,17,3,Thursday,2.460000000000001,NORMAL,NORMAL,LOW,2,LOW,LOW,11.068997050147493,20.03,-1.92,88.139203539823,100.0,61.48,0.18805309734513273,0.6,65,35,2.8997050147492627,11.575468085106383,86.43734042553191,0.19323404255319152,97,51,2.6893617021276595
CONT_002,2026-09-10 17:43:05.972327,Tomato,11.13,93.18,0.07,NORMAL,2026-09-10,17,3,Thursday,1.1300000000000008,NORMAL,WARNING,LOW,3,MEDIUM,MEDIUM,11.068997050147493,20.03,-1.92,88.139203539823,100.0,61.48,0.18805309734513273,0.6,65,35,2.8997050147492627,10.869106753812636,87.4238779956427,0.1841830065359477,88,39,2.821350762527233
CONT_002,2026-09-10 17:43:07.956955,Avocado,8.56,86.4,0.07,NORMAL,2026-09-10,17,3,Thursday,1.4399999999999995,NORMAL,NORMAL,LOW,2,LOW,LOW,11.068997050147493,20.03,-1.92,88.139203539823,100.0,61.48,0.18805309734513273,0.6,65,35,2.8997050147492627,9.129162895927601,88.95671945701358,0.19472850678733034,71,53,2.9524886877828056
CONT_004,2026-09-10 17:43:07.974991,Banana,10.51,100.0,0.33,WARNING,2026-09-10,17,3,Thursday,0.5099999999999998,NORMAL,CRITICAL,MEDIUM,5,HIGH,HIGH,11.374931129476584,20.55,-1.66,87.65203856749311,100.0,60.25,0.19079889807162537,0.59,81,36,2.9421487603305785,13.473140096618359,88.16468599033817,0.1929951690821256,96,41,3.1594202898550723
CONT_005,2026-09-10 17:43:09.959142,Mango,12.32,85.91,0.09,NORMAL,2026-09-10,17,3,Thursday,2.3200000000000003,NORMAL,NORMAL,LOW,2,LOW,LOW,11.204625668449196,20.93,-1.87,87.44355614973261,100.0,60.03,0.18794117647058825,0.59,62,40,2.8181818181818183,11.575468085106383,86.43734042553191,0.19323404255319152,97,51,2.6893617021276595
CONT_003,2026-09-10 17:43:09.980574,Tomato,10.68,94.61,0.07,NORMAL,2026-09-10,17,3,Thursday,0.6799999999999997,NORMAL,WARNING,LOW,3,MEDIUM,MEDIUM,11.193441734417345,19.75,-0.44,87.76967479674796,100.0,60.02,0.19691056910569105,0.59,82,37,2.934959349593496,10.869106753812636,87.4238779956427,0.1841830065359477,88,39,2.821350762527233
CONT_004,2026-09-10 17:43:11.965714,Banana,13.36,93.73,0.09,NORMAL,2026-09-10,17,3,Thursday,3.3599999999999994,NORMAL,WARNING,LOW,3,MEDIUM,MEDIUM,11.374931129476584,20.55,-1.66,87.65203856749311,100.0,60.25,0.19079889807162537,0.59,81,36,2.9421487603305785,13.473140096618359,88.16468599033817,0.1929951690821256,96,41,3.1594202898550723
CONT_005,2026-09-10 17:43:11.984097,Tomato,11.38,90.51,0.2,NORMAL,2026-09-10,17,3,Thursday,1.3800000000000008,NORMAL,WARNING,LOW,3,MEDIUM,MEDIUM,11.204625668449196,20.93,-1.87,87.44355614973261,100.0,60.03,0.18794117647058825,0.59,62,40,2.8181818181818183,10.869106753812636,87.4238779956427,0.1841830065359477,88,39,2.821350762527233
CONT_004,2026-09-10 17:43:13.969233,Mango,12.86,88.39,0.16,NORMAL,2026-09-10,17,3,Thursday,2.8599999999999994,NORMAL,NORMAL,LOW,2,LOW,LOW,11.374931129476584,20.55,-1.66,87.65203856749311,100.0,60.25,0.19079889807162537,0.59,81,36,2.9421487603305785,11.575468085106383,86.43734042553191,0.19323404255319152,97,51,2.6893617021276595
CONT_002,2026-09-10 17:43:13.986880,Avocado,7.04,89.34,0.15,NORMAL,2026-09-10,17,3,Thursday,2.96,NORMAL,NORMAL,LOW,2,LOW,LOW,11.068997050147493,20.03,-1.92,88.139203539823,100.0,61.48,0.18805309734513273,0.6,65,35,2.8997050147492627,9.129162895927601,88.95671945701358,0.19472850678733034,71,53,2.9524886877828056
CONT_005,2026-09-10 17:43:15.972313,Tomato,11.14,89.23,0.09,NORMAL,2026-09-10,17,3,Thursday,1.1400000000000006,NORMAL,NORMAL,LOW,2,LOW,LOW,11.204625668449196,20.93,-1.87,87.44355614973261,100.0,60.03,0.18794117647058825,0.59,62,40,2.8181818181818183,10.869106753812636,87.4238779956427,0.1841830065359477,88,39,2.821350762527233
CONT_002,2026-09-10 17:43:15.989794,Avocado,7.31,89.79,0.19,NORMAL,2026-09-10,17,3,Thursday,2.6900000000000004,NORMAL,NORMAL,LOW,2,LOW,LOW,11.068997050147493,20.03,-1.92,88.139203539823,100.0,61.48,0.18805309734513273,0.6,65,35,2.8997050147492627,9.129162895927601,88.95671945701358,0.19472850678733034,71,53,2.9524886877828056
CONT_005,2026-09-10 17:43:18.101690,Banana,16.45,61.86,0.34,WARNING,2026-09-10,17,3,Thursday,6.449999999999999,WARNING,LOW,MEDIUM,3,MEDIUM,MEDIUM,11.204625668449196,20.93,-1.87,87.44355614973261,100.0,60.03,0.18794117647058825,0.59,62,40,2.8181818181818183,13.473140096618359,88.16468599033817,0.1929951690821256,96,41,3.1594202898550723
CONT_004,2026-09-10 17:43:18.101921,Banana,10.44,64.39,0.23,WARNING,2026-09-10,17,3,Thursday,0.4399999999999995,NORMAL,LOW,MEDIUM,2,LOW,LOW,11.374931129476584,20.55,-1.66,87.65203856749311,100.0,60.25,0.19079889807162537,0.59,81,36,2.9421487603305785,13.473140096618359,88.16468599033817,0.1929951690821256,96,41,3.1594202898550723
CONT_003,2026-09-10 17:43:20.216835,Tomato,11.59,94.84,0.12,NORMAL,2026-09-10,17,3,Thursday,1.5899999999999999,NORMAL,WARNING,LOW,3,MEDIUM,MEDIUM,11.193441734417345,19.75,-0.44,87.76967479674796,100.0,60.02,0.19691056910569105,0.59,82,37,2.934959349593496,10.869106753812636,87.4238779956427,0.1841830065359477,88,39,2.821350762527233
CONT_002,2026-09-10 17:43:20.198887,Banana,11.58,100.0,0.33,WARNING,2026-09-10,17,3,Thursday,1.58,NORMAL,CRITICAL,MEDIUM,5,HIGH,HIGH,11.068997050147493,20.03,-1.92,88.139203539823,100.0,61.48,0.18805309734513273,0.6,65,35,2.8997050147492627,13.473140096618359,88.16468599033817,0.1929951690821256,96,41,3.1594202898550723
CONT_004,2026-09-10 17:43:22.475696,Mango,12.9,85.6,0.15,NORMAL,2026-09-10,17,3,Thursday,2.9000000000000004,NORMAL,NORMAL,LOW,2,LOW,LOW,11.374931129476584,20.55,-1.66,87.65203856749311,100.0,60.25,0.19079889807162537,0.59,81,36,2.9421487603305785,11.575468085106383,86.43734042553191,0.19323404255319152,97,51,2.6893617021276595
CONT_005,2026-09-10 17:43:22.475559,Tomato,11.54,88.39,0.12,NORMAL,2026-09-10,17,3,Thursday,1.5399999999999991,NORMAL,NORMAL,LOW,2,LOW,LOW,11.204625668449196,20.93,-1.87,87.44355614973261,100.0,60.03,0.18794117647058825,0.59,62,40,2.8181818181818183,10.869106753812636,87.4238779956427,0.1841830065359477,88,39,2.821350762527233
CONT_003,2026-09-10 17:43:24.822214,Mango,4.8,100.0,0.4,ANOMALY,2026-09-10,17,3,Thursday,5.2,LOW,CRITICAL,MEDIUM,4,MEDIUM,MEDIUM,11.193441734417345,19.75,-0.44,87.76967479674796,100.0,60.02,0.19691056910569105,0.59,82,37,2.934959349593496,11.575468085106383,86.43734042553191,0.19323404255319152,97,51,2.6893617021276595
CONT_001,2026-09-10 17:43:24.822198,Tomato,11.88,87.58,0.06,NORMAL,2026-09-10,17,3,Thursday,1.8800000000000008,NORMAL,NORMAL,LOW,2,LOW,LOW,11.294,20.58,-1.98,87.60111764705883,100.0,60.11,0.19226470588235295,0.59,62,36,2.8941176470588235,10.869106753812636,87.4238779956427,0.1841830065359477,88,39,2.821350762527233
CONT_005,2026-09-10 17:43:26.948456,Tomato,4.05,100.0,0.36,ANOMALY,2026-09-10,17,3,Thursday,5.95,LOW,CRITICAL,MEDIUM,4,MEDIUM,MEDIUM,11.204625668449196,20.93,-1.87,87.44355614973261,100.0,60.03,0.18794117647058825,0.59,62,40,2.8181818181818183,10.869106753812636,87.4238779956427,0.1841830065359477,88,39,2.821350762527233
CONT_002,2026-09-10 17:43:26.949478,Mango,15.56,73.39,0.32,WARNING,2026-09-10,17,3,Thursday,5.5600000000000005,WARNING,NORMAL,MEDIUM,4,MEDIUM,MEDIUM,11.068997050147493,20.03,-1.92,88.139203539823,100.0,61.48,0.18805309734513273,0.6,65,35,2.8997050147492627,11.575468085106383,86.43734042553191,0.19323404255319152,97,51,2.6893617021276595
CONT_003,2026-09-10 17:43:28.952712,Mango,12.37,86.74,0.07,NORMAL,2026-09-10,17,3,Thursday,2.369999999999999,NORMAL,NORMAL,LOW,2,LOW,LOW,11.193441734417345,19.75,-0.44,87.76967479674796,100.0,60.02,0.19691056910569105,0.59,82,37,2.934959349593496,11.575468085106383,86.43734042553191,0.19323404255319152,97,51,2.6893617021276595
CONT_003,2026-09-10 17:43:28.959265,Mango,12.81,88.93,0.06,NORMAL,2026-09-10,17,3,Thursday,2.8100000000000005,NORMAL,NORMAL,LOW,2,LOW,LOW,11.193441734417345,19.75,-0.44,87.76967479674796,100.0,60.02,0.19691056910569105,0.59,82,37,2.934959349593496,11.575468085106383,86.43734042553191,0.19323404255319152,97,51,2.6893617021276595
CONT_001,2026-09-10 17:43:30.955531,Tomato,11.28,91.27,0.15,NORMAL,2026-09-10,17,3,Thursday,1.2799999999999994,NORMAL,WARNING,LOW,3,MEDIUM,MEDIUM,11.294,20.58,-1.98,87.60111764705883,100.0,60.11,0.19226470588235295,0.59,62,36,2.8941176470588235,10.869106753812636,87.4238779956427,0.1841830065359477,88,39,2.821350762527233
CONT_002,2026-09-10 17:43:30.966041,Banana,13.86,87.72,0.06,NORMAL,2026-09-10,17,3,Thursday,3.8599999999999994,NORMAL,NORMAL,LOW,2,LOW,LOW,11.068997050147493,20.03,-1.92,88.139203539823,100.0,61.48,0.18805309734513273,0.6,65,35,2.8997050147492627,13.473140096618359,88.16468599033817,0.1929951690821256,96,41,3.1594202898550723
CONT_004,2026-09-10 17:43:32.958318,Mango,16.18,63.47,0.42,ANOMALY,2026-09-10,17,3,Thursday,6.18,WARNING,LOW,HIGH,4,MEDIUM,MEDIUM,11.374931129476584,20.55,-1.66,87.65203856749311,100.0,60.25,0.19079889807162537,0.59,81,36,2.9421487603305785,11.575468085106383,86.43734042553191,0.19323404255319152,97,51,2.6893617021276595
CONT_003,2026-09-10 17:43:32.971514,Avocado,15.74,71.89,0.32,WARNING,2026-09-10,17,3,Thursday,5.74,WARNING,NORMAL,MEDIUM,4,MEDIUM,MEDIUM,11.193441734417345,19.75,-0.44,87.76967479674796,100.0,60.02,0.19691056910569105,0.59,82,37,2.934959349593496,9.129162895927601,88.95671945701358,0.19472850678733034,71,53,2.9524886877828056
CONT_005,2026-09-10 17:43:34.988338,Tomato,7.76,100.0,0.26,WARNING,2026-09-10,17,3,Thursday,2.24,NORMAL,CRITICAL,MEDIUM,5,HIGH,HIGH,11.204625668449196,20.93,-1.87,87.44355614973261,100.0,60.03,0.18794117647058825,0.59,62,40,2.8181818181818183,10.869106753812636,87.4238779956427,0.1841830065359477,88,39,2.821350762527233
CONT_005,2026-09-10 17:43:35.186048,Mango,10.52,88.92,0.07,NORMAL,2026-09-10,17,3,Thursday,0.5199999999999996,NORMAL,NORMAL,LOW,2,LOW,LOW,11.204625668449196,20.93,-1.87,87.44355614973261,100.0,60.03,0.18794117647058825,0.59,62,40,2.8181818181818183,11.575468085106383,86.43734042553191,0.19323404255319152,97,51,2.6893617021276595
CONT_004,2026-09-10 17:43:37.002294,Banana,8.06,100.0,0.36,ANOMALY,2026-09-10,17,3,Thursday,1.9399999999999995,NORMAL,CRITICAL,MEDIUM,5,HIGH,HIGH,11.374931129476584,20.55,-1.66,87.65203856749311,100.0,60.25,0.19079889807162537,0.59,81,36,2.9421487603305785,13.473140096618359,88.16468599033817,0.1929951690821256,96,41,3.1594202898550723
CONT_004,2026-09-10 17:43:37.322768,Tomato,10.31,86.27,0.08,NORMAL,2026-09-10,17,3,Thursday,0.3100000000000005,NORMAL,NORMAL,LOW,2,LOW,LOW,11.374931129476584,20.55,-1.66,87.65203856749311,100.0,60.25,0.19079889807162537,0.59,81,36,2.9421487603305785,10.869106753812636,87.4238779956427,0.1841830065359477,88,39,2.821350762527233
CONT_005,2026-09-10 17:43:39.010761,Avocado,10.69,85.99,0.05,NORMAL,2026-09-10,17,3,Thursday,0.6899999999999995,NORMAL,NORMAL,LOW,2,LOW,LOW,11.204625668449196,20.93,-1.87,87.44355614973261,100.0,60.03,0.18794117647058825,0.59,62,40,2.8181818181818183,9.129162895927601,88.95671945701358,0.19472850678733034,71,53,2.9524886877828056
CONT_003,2026-09-10 17:43:39.328512,Banana,13.29,89.59,0.2,NORMAL,2026-09-10,17,3,Thursday,3.289999999999999,NORMAL,NORMAL,LOW,2,LOW,LOW,11.193441734417345,19.75,-0.44,87.76967479674796,100.0,60.02,0.19691056910569105,0.59,82,37,2.934959349593496,13.473140096618359,88.16468599033817,0.1929951690821256,96,41,3.1594202898550723
CONT_004,2026-09-10 17:43:41.015392,Banana,13.79,89.34,0.19,NORMAL,2026-09-10,17,3,Thursday,3.789999999999999,NORMAL,NORMAL,LOW,2,LOW,LOW,11.374931129476584,20.55,-1.66,87.65203856749311,100.0,60.25,0.19079889807162537,0.59,81,36,2.9421487603305785,13.473140096618359,88.16468599033817,0.1929951690821256,96,41,3.1594202898550723
CONT_002,2026-09-10 17:43:41.331802,Mango,11.34,87.8,0.17,NORMAL,2026-09-10,17,3,Thursday,1.3399999999999999,NORMAL,NORMAL,LOW,2,LOW,LOW,11.068997050147493,20.03,-1.92,88.139203539823,100.0,61.48,0.18805309734513273,0.6,65,35,2.8997050147492627,11.575468085106383,86.43734042553191,0.19323404255319152,97,51,2.6893617021276595
CONT_002,2026-09-10 17:43:43.018401,Avocado,6.98,85.22,0.17,NORMAL,2026-09-10,17,3,Thursday,3.0199999999999996,NORMAL,NORMAL,LOW,2,LOW,LOW,11.068997050147493,20.03,-1.92,88.139203539823,100.0,61.48,0.18805309734513273,0.6,65,35,2.8997050147492627,9.129162895927601,88.95671945701358,0.19472850678733034,71,53,2.9524886877828056
CONT_004,2026-09-10 17:43:43.334419,Mango,11.54,85.16,0.18,NORMAL,2026-09-10,17,3,Thursday,1.5399999999999991,NORMAL,NORMAL,LOW,2,LOW,LOW,11.374931129476584,20.55,-1.66,87.65203856749311,100.0,60.25,0.19079889807162537,0.59,81,36,2.9421487603305785,11.575468085106383,86.43734042553191,0.19323404255319152,97,51,2.6893617021276595
CONT_005,2026-09-10 17:43:45.021646,Banana,13.63,88.18,0.16,NORMAL,2026-09-10,17,3,Thursday,3.630000000000001,NORMAL,NORMAL,LOW,2,LOW,LOW,11.204625668449196,20.93,-1.87,87.44355614973261,100.0,60.03,0.18794117647058825,0.59,62,40,2.8181818181818183,13.473140096618359,88.16468599033817,0.1929951690821256,96,41,3.1594202898550723
CONT_004,2026-09-10 17:43:45.338114,Tomato,13.97,100.0,0.27,WARNING,2026-09-10,17,3,Thursday,3.9700000000000006,NORMAL,CRITICAL,MEDIUM,5,HIGH,HIGH,11.374931129476584,20.55,-1.66,87.65203856749311,100.0,60.25,0.19079889807162537,0.59,81,36,2.9421487603305785,10.869106753812636,87.4238779956427,0.1841830065359477,88,39,2.821350762527233
CONT_003,2026-09-10 17:43:47.031753,Avocado,6.36,91.0,0.07,NORMAL,2026-09-10,17,3,Thursday,3.6399999999999997,NORMAL,WARNING,LOW,3,MEDIUM,MEDIUM,11.193441734417345,19.75,-0.44,87.76967479674796,100.0,60.02,0.19691056910569105,0.59,82,37,2.934959349593496,9.129162895927601,88.95671945701358,0.19472850678733034,71,53,2.9524886877828056
CONT_002,2026-09-10 17:43:47.345312,Tomato,8.87,100.0,0.21,WARNING,2026-09-10,17,3,Thursday,1.1300000000000008,NORMAL,CRITICAL,MEDIUM,5,HIGH,HIGH,11.068997050147493,20.03,-1.92,88.139203539823,100.0,61.48,0.18805309734513273,0.6,65,35,2.8997050147492627,10.869106753812636,87.4238779956427,0.1841830065359477,88,39,2.821350762527233
CONT_003,2026-09-10 17:43:49.034522,Banana,13.0,88.04,0.07,NORMAL,2026-09-10,17,3,Thursday,3.0,NORMAL,NORMAL,LOW,2,LOW,LOW,11.193441734417345,19.75,-0.44,87.76967479674796,100.0,60.02,0.19691056910569105,0.59,82,37,2.934959349593496,13.473140096618359,88.16468599033817,0.1929951690821256,96,41,3.1594202898550723
CONT_004,2026-09-10 17:43:49.349369,Banana,16.93,100.0,0.32,WARNING,2026-09-10,17,3,Thursday,6.93,WARNING,CRITICAL,MEDIUM,6,HIGH,HIGH,11.374931129476584,20.55,-1.66,87.65203856749311,100.0,60.25,0.19079889807162537,0.59,81,36,2.9421487603305785,13.473140096618359,88.16468599033817,0.1929951690821256,96,41,3.1594202898550723
CONT_005,2026-09-10 17:43:51.037908,Mango,17.14,67.35,0.55,ANOMALY,2026-09-10,17,3,Thursday,7.140000000000001,WARNING,LOW,HIGH,4,MEDIUM,MEDIUM,11.204625668449196,20.93,-1.87,87.44355614973261,100.0,60.03,0.18794117647058825,0.59,62,40,2.8181818181818183,11.575468085106383,86.43734042553191,0.19323404255319152,97,51,2.6893617021276595
CONT_004,2026-09-10 17:43:51.352327,Banana,15.89,100.0,0.26,WARNING,2026-09-10,17,3,Thursday,5.890000000000001,WARNING,CRITICAL,MEDIUM,6,HIGH,HIGH,11.374931129476584,20.55,-1.66,87.65203856749311,100.0,60.25,0.19079889807162537,0.59,81,36,2.9421487603305785,13.473140096618359,88.16468599033817,0.1929951690821256,96,41,3.1594202898550723
CONT_001,2026-09-10 17:43:53.042303,Tomato,7.19,100.0,0.32,WARNING,2026-09-10,17,3,Thursday,2.8099999999999996,NORMAL,CRITICAL,MEDIUM,5,HIGH,HIGH,11.294,20.58,-1.98,87.60111764705883,100.0,60.11,0.19226470588235295,0.59,62,36,2.8941176470588235,10.869106753812636,87.4238779956427,0.1841830065359477,88,39,2.821350762527233
CONT_001,2026-09-10 17:43:53.355281,Avocado,10.61,85.58,0.15,NORMAL,2026-09-10,17,3,Thursday,0.6099999999999994,NORMAL,NORMAL,LOW,2,LOW,LOW,11.294,20.58,-1.98,87.60111764705883,100.0,60.11,0.19226470588235295,0.59,62,36,2.8941176470588235,9.129162895927601,88.95671945701358,0.19472850678733034,71,53,2.9524886877828056
CONT_002,2026-09-10 17:43:55.047653,Banana,11.44,100.0,0.29,WARNING,2026-09-10,17,3,Thursday,1.4399999999999995,NORMAL,CRITICAL,MEDIUM,5,HIGH,HIGH,11.068997050147493,20.03,-1.92,88.139203539823,100.0,61.48,0.18805309734513273,0.6,65,35,2.8997050147492627,13.473140096618359,88.16468599033817,0.1929951690821256,96,41,3.1594202898550723
CONT_001,2026-09-10 17:43:55.357950,Avocado,7.31,87.11,0.06,NORMAL,2026-09-10,17,3,Thursday,2.6900000000000004,NORMAL,NORMAL,LOW,2,LOW,LOW,11.294,20.58,-1.98,87.60111764705883,100.0,60.11,0.19226470588235295,0.59,62,36,2.8941176470588235,9.129162895927601,88.95671945701358,0.19472850678733034,71,53,2.9524886877828056
CONT_002,2026-09-10 17:43:57.049885,Banana,11.87,100.0,0.27,WARNING,2026-09-10,17,3,Thursday,1.8699999999999992,NORMAL,CRITICAL,MEDIUM,5,HIGH,HIGH,11.068997050147493,20.03,-1.92,88.139203539823,100.0,61.48,0.18805309734513273,0.6,65,35,2.8997050147492627,13.473140096618359,88.16468599033817,0.1929951690821256,96,41,3.1594202898550723
CONT_004,2026-09-10 17:43:57.403563,Banana,13.31,94.14,0.11,NORMAL,2026-09-10,17,3,Thursday,3.3100000000000005,NORMAL,WARNING,LOW,3,MEDIUM,MEDIUM,11.374931129476584,20.55,-1.66,87.65203856749311,100.0,60.25,0.19079889807162537,0.59,81,36,2.9421487603305785,13.473140096618359,88.16468599033817,0.1929951690821256,96,41,3.1594202898550723
CONT_001,2026-09-10 17:43:59.053960,Banana,13.21,88.79,0.05,NORMAL,2026-09-10,17,3,Thursday,3.210000000000001,NORMAL,NORMAL,LOW,2,LOW,LOW,11.294,20.58,-1.98,87.60111764705883,100.0,60.11,0.19226470588235295,0.59,62,36,2.8941176470588235,13.473140096618359,88.16468599033817,0.1929951690821256,96,41,3.1594202898550723
CONT_005,2026-09-10 17:43:59.423185,Avocado,9.95,86.54,0.15,NORMAL,2026-09-10,17,3,Thursday,0.05000000000000071,NORMAL,NORMAL,LOW,2,LOW,LOW,11.204625668449196,20.93,-1.87,87.44355614973261,100.0,60.03,0.18794117647058825,0.59,62,40,2.8181818181818183,9.129162895927601,88.95671945701358,0.19472850678733034,71,53,2.9524886877828056
CONT_005,2026-09-10 17:44:01.056101,Avocado,7.97,90.41,0.15,NORMAL,2026-09-10,17,3,Thursday,2.0300000000000002,NORMAL,WARNING,LOW,3,MEDIUM,MEDIUM,11.204625668449196,20.93,-1.87,87.44355614973261,100.0,60.03,0.18794117647058825,0.59,62,40,2.8181818181818183,9.129162895927601,88.95671945701358,0.19472850678733034,71,53,2.9524886877828056
CONT_002,2026-09-10 17:44:01.427474,Mango,7.02,100.0,0.22,WARNING,2026-09-10,17,3,Thursday,2.9800000000000004,NORMAL,CRITICAL,MEDIUM,5,HIGH,HIGH,11.068997050147493,20.03,-1.92,88.139203539823,100.0,61.48,0.18805309734513273,0.6,65,35,2.8997050147492627,11.575468085106383,86.43734042553191,0.19323404255319152,97,51,2.6893617021276595
CONT_005,2026-09-10 17:44:03.062540,Mango,10.74,87.04,0.17,NORMAL,2026-09-10,17,3,Thursday,0.7400000000000002,NORMAL,NORMAL,LOW,2,LOW,LOW,11.204625668449196,20.93,-1.87,87.44355614973261,100.0,60.03,0.18794117647058825,0.59,62,40,2.8181818181818183,11.575468085106383,86.43734042553191,0.19323404255319152,97,51,2.6893617021276595
CONT_002,2026-09-10 17:44:03.434465,Mango,12.78,86.65,0.09,NORMAL,2026-09-10,17,3,Thursday,2.7799999999999994,NORMAL,NORMAL,LOW,2,LOW,LOW,11.068997050147493,20.03,-1.92,88.139203539823,100.0,61.48,0.18805309734513273,0.6,65,35,2.8997050147492627,11.575468085106383,86.43734042553191,0.19323404255319152,97,51,2.6893617021276595
CONT_004,2026-09-10 17:44:05.170311,Tomato,11.27,89.05,0.12,NORMAL,2026-09-10,17,3,Thursday,1.2699999999999996,NORMAL,NORMAL,LOW,2,LOW,LOW,11.374931129476584,20.55,-1.66,87.65203856749311,100.0,60.25,0.19079889807162537,0.59,81,36,2.9421487603305785,10.869106753812636,87.4238779956427,0.1841830065359477,88,39,2.821350762527233
CONT_002,2026-09-10 17:44:05.482315,Tomato,10.39,85.02,0.18,NORMAL,2026-09-10,17,3,Thursday,0.39000000000000057,NORMAL,NORMAL,LOW,2,LOW,LOW,11.068997050147493,20.03,-1.92,88.139203539823,100.0,61.48,0.18805309734513273,0.6,65,35,2.8997050147492627,10.869106753812636,87.4238779956427,0.1841830065359477,88,39,2.821350762527233
CONT_001,2026-09-10 17:44:07.193027,Banana,17.75,100.0,0.38,ANOMALY,2026-09-10,17,3,Thursday,7.75,WARNING,CRITICAL,MEDIUM,6,HIGH,HIGH,11.294,20.58,-1.98,87.60111764705883,100.0,60.11,0.19226470588235295,0.59,62,36,2.8941176470588235,13.473140096618359,88.16468599033817,0.1929951690821256,96,41,3.1594202898550723
CONT_005,2026-09-10 17:44:07.501003,Banana,13.18,90.17,0.1,NORMAL,2026-09-10,17,3,Thursday,3.1799999999999997,NORMAL,WARNING,LOW,3,MEDIUM,MEDIUM,11.204625668449196,20.93,-1.87,87.44355614973261,100.0,60.03,0.18794117647058825,0.59,62,40,2.8181818181818183,13.473140096618359,88.16468599033817,0.1929951690821256,96,41,3.1594202898550723
CONT_005,2026-09-10 17:44:09.195923,Banana,13.14,91.75,0.15,NORMAL,2026-09-10,17,3,Thursday,3.1400000000000006,NORMAL,WARNING,LOW,3,MEDIUM,MEDIUM,11.204625668449196,20.93,-1.87,87.44355614973261,100.0,60.03,0.18794117647058825,0.59,62,40,2.8181818181818183,13.473140096618359,88.16468599033817,0.1929951690821256,96,41,3.1594202898550723
CONT_005,2026-09-10 17:44:09.503610,Avocado,3.26,68.96,0.22,WARNING,2026-09-10,17,3,Thursday,6.74,LOW,LOW,MEDIUM,1,LOW,LOW,11.204625668449196,20.93,-1.87,87.44355614973261,100.0,60.03,0.18794117647058825,0.59,62,40,2.8181818181818183,9.129162895927601,88.95671945701358,0.19472850678733034,71,53,2.9524886877828056
CONT_004,2026-09-10 17:44:11.199656,Tomato,11.1,86.98,0.09,NORMAL,2026-09-10,17,3,Thursday,1.0999999999999996,NORMAL,NORMAL,LOW,2,LOW,LOW,11.374931129476584,20.55,-1.66,87.65203856749311,100.0,60.25,0.19079889807162537,0.59,81,36,2.9421487603305785,10.869106753812636,87.4238779956427,0.1841830065359477,88,39,2.821350762527233
CONT_004,2026-09-10 17:44:11.508345,Banana,13.99,85.0,0.17,NORMAL,2026-09-10,17,3,Thursday,3.99,NORMAL,NORMAL,LOW,2,LOW,LOW,11.374931129476584,20.55,-1.66,87.65203856749311,100.0,60.25,0.19079889807162537,0.59,81,36,2.9421487603305785,13.473140096618359,88.16468599033817,0.1929951690821256,96,41,3.1594202898550723
CONT_004,2026-09-10 17:44:13.202824,Banana,13.62,85.21,0.16,NORMAL,2026-09-10,17,3,Thursday,3.619999999999999,NORMAL,NORMAL,LOW,2,LOW,LOW,11.374931129476584,20.55,-1.66,87.65203856749311,100.0,60.25,0.19079889807162537,0.59,81,36,2.9421487603305785,13.473140096618359,88.16468599033817,0.1929951690821256,96,41,3.1594202898550723
CONT_003,2026-09-10 17:44:13.517223,Tomato,10.91,87.24,0.1,NORMAL,2026-09-10,17,3,Thursday,0.9100000000000001,NORMAL,NORMAL,LOW,2,LOW,LOW,11.193441734417345,19.75,-0.44,87.76967479674796,100.0,60.02,0.19691056910569105,0.59,82,37,2.934959349593496,10.869106753812636,87.4238779956427,0.1841830065359477,88,39,2.821350762527233
CONT_004,2026-09-10 17:44:15.205440,Mango,11.61,88.12,0.09,NORMAL,2026-09-10,17,3,Thursday,1.6099999999999994,NORMAL,NORMAL,LOW,2,LOW,LOW,11.374931129476584,20.55,-1.66,87.65203856749311,100.0,60.25,0.19079889807162537,0.59,81,36,2.9421487603305785,11.575468085106383,86.43734042553191,0.19323404255319152,97,51,2.6893617021276595
CONT_001,2026-09-10 17:44:15.519992,Tomato,10.4,93.95,0.13,NORMAL,2026-09-10,17,3,Thursday,0.40000000000000036,NORMAL,WARNING,LOW,3,MEDIUM,MEDIUM,11.294,20.58,-1.98,87.60111764705883,100.0,60.11,0.19226470588235295,0.59,62,36,2.8941176470588235,10.869106753812636,87.4238779956427,0.1841830065359477,88,39,2.821350762527233
CONT_004,2026-09-10 17:44:17.212461,Mango,11.16,87.89,0.12,NORMAL,2026-09-10,17,3,Thursday,1.1600000000000001,NORMAL,NORMAL,LOW,2,LOW,LOW,11.374931129476584,20.55,-1.66,87.65203856749311,100.0,60.25,0.19079889807162537,0.59,81,36,2.9421487603305785,11.575468085106383,86.43734042553191,0.19323404255319152,97,51,2.6893617021276595
CONT_001,2026-09-10 17:44:17.523790,Tomato,8.85,100.0,0.26,WARNING,2026-09-10,17,3,Thursday,1.1500000000000004,NORMAL,CRITICAL,MEDIUM,5,HIGH,HIGH,11.294,20.58,-1.98,87.60111764705883,100.0,60.11,0.19226470588235295,0.59,62,36,2.8941176470588235,10.869106753812636,87.4238779956427,0.1841830065359477,88,39,2.821350762527233
CONT_004,2026-09-10 17:44:19.215647,Tomato,11.28,90.73,0.11,NORMAL,2026-09-10,17,3,Thursday,1.2799999999999994,NORMAL,WARNING,LOW,3,MEDIUM,MEDIUM,11.374931129476584,20.55,-1.66,87.65203856749311,100.0,60.25,0.19079889807162537,0.59,81,36,2.9421487603305785,10.869106753812636,87.4238779956427,0.1841830065359477,88,39,2.821350762527233
CONT_001,2026-09-10 17:44:19.529135,Banana,13.01,92.83,0.13,NORMAL,2026-09-10,17,3,Thursday,3.01,NORMAL,WARNING,LOW,3,MEDIUM,MEDIUM,11.294,20.58,-1.98,87.60111764705883,100.0,60.11,0.19226470588235295,0.59,62,36,2.8941176470588235,13.473140096618359,88.16468599033817,0.1929951690821256,96,41,3.1594202898550723
CONT_003,2026-09-10 17:44:21.218722,Tomato,11.12,85.7,0.16,NORMAL,2026-09-10,17,3,Thursday,1.1199999999999992,NORMAL,NORMAL,LOW,2,LOW,LOW,11.193441734417345,19.75,-0.44,87.76967479674796,100.0,60.02,0.19691056910569105,0.59,82,37,2.934959349593496,10.869106753812636,87.4238779956427,0.1841830065359477,88,39,2.821350762527233
CONT_005,2026-09-10 17:44:21.534615,Banana,13.88,94.05,0.11,NORMAL,2026-09-10,17,3,Thursday,3.880000000000001,NORMAL,WARNING,LOW,3,MEDIUM,MEDIUM,11.204625668449196,20.93,-1.87,87.44355614973261,100.0,60.03,0.18794117647058825,0.59,62,40,2.8181818181818183,13.473140096618359,88.16468599033817,0.1929951690821256,96,41,3.1594202898550723
CONT_005,2026-09-10 17:44:23.323782,Banana,13.0,94.95,0.16,NORMAL,2026-09-10,17,3,Thursday,3.0,NORMAL,WARNING,LOW,3,MEDIUM,MEDIUM,11.204625668449196,20.93,-1.87,87.44355614973261,100.0,60.03,0.18794117647058825,0.59,62,40,2.8181818181818183,13.473140096618359,88.16468599033817,0.1929951690821256,96,41,3.1594202898550723
CONT_003,2026-09-10 17:44:23.537403,Banana,10.21,74.1,0.21,WARNING,2026-09-10,17,3,Thursday,0.21000000000000085,NORMAL,NORMAL,MEDIUM,3,MEDIUM,MEDIUM,11.193441734417345,19.75,-0.44,87.76967479674796,100.0,60.02,0.19691056910569105,0.59,82,37,2.934959349593496,13.473140096618359,88.16468599033817,0.1929951690821256,96,41,3.1594202898550723
CONT_005,2026-09-10 17:44:25.351532,Banana,13.94,92.19,0.14,NORMAL,2026-09-10,17,3,Thursday,3.9399999999999995,NORMAL,WARNING,LOW,3,MEDIUM,MEDIUM,11.204625668449196,20.93,-1.87,87.44355614973261,100.0,60.03,0.18794117647058825,0.59,62,40,2.8181818181818183,13.473140096618359,88.16468599033817,0.1929951690821256,96,41,3.1594202898550723
CONT_002,2026-09-10 17:44:25.542815,Mango,11.01,85.12,0.09,NORMAL,2026-09-10,17,3,Thursday,1.0099999999999998,NORMAL,NORMAL,LOW,2,LOW,LOW,11.068997050147493,20.03,-1.92,88.139203539823,100.0,61.48,0.18805309734513273,0.6,65,35,2.8997050147492627,11.575468085106383,86.43734042553191,0.19323404255319152,97,51,2.6893617021276595
CONT_004,2026-09-10 17:44:27.354507,Avocado,11.24,87.75,0.1,NORMAL,2026-09-10,17,3,Thursday,1.2400000000000002,NORMAL,NORMAL,LOW,2,LOW,LOW,11.374931129476584,20.55,-1.66,87.65203856749311,100.0,60.25,0.19079889807162537,0.59,81,36,2.9421487603305785,9.129162895927601,88.95671945701358,0.19472850678733034,71,53,2.9524886877828056
CONT_004,2026-09-10 17:44:27.546651,Avocado,2.6,100.0,0.32,WARNING,2026-09-10,17,3,Thursday,7.4,LOW,CRITICAL,MEDIUM,4,MEDIUM,MEDIUM,11.374931129476584,20.55,-1.66,87.65203856749311,100.0,60.25,0.19079889807162537,0.59,81,36,2.9421487603305785,9.129162895927601,88.95671945701358,0.19472850678733034,71,53,2.9524886877828056
CONT_004,2026-09-10 17:44:29.358066,Mango,12.31,88.64,0.15,NORMAL,2026-09-10,17,3,Thursday,2.3100000000000005,NORMAL,NORMAL,LOW,2,LOW,LOW,11.374931129476584,20.55,-1.66,87.65203856749311,100.0,60.25,0.19079889807162537,0.59,81,36,2.9421487603305785,11.575468085106383,86.43734042553191,0.19323404255319152,97,51,2.6893617021276595
CONT_003,2026-09-10 17:44:29.548983,Mango,16.43,67.88,0.35,ANOMALY,2026-09-10,17,3,Thursday,6.43,WARNING,LOW,MEDIUM,3,MEDIUM,MEDIUM,11.193441734417345,19.75,-0.44,87.76967479674796,100.0,60.02,0.19691056910569105,0.59,82,37,2.934959349593496,11.575468085106383,86.43734042553191,0.19323404255319152,97,51,2.6893617021276595
CONT_001,2026-09-10 17:44:31.362773,Banana,7.15,100.0,0.52,ANOMALY,2026-09-10,17,3,Thursday,2.8499999999999996,NORMAL,CRITICAL,HIGH,6,HIGH,HIGH,11.294,20.58,-1.98,87.60111764705883,100.0,60.11,0.19226470588235295,0.59,62,36,2.8941176470588235,13.473140096618359,88.16468599033817,0.1929951690821256,96,41,3.1594202898550723
CONT_005,2026-09-10 17:44:31.551793,Mango,10.88,85.45,0.12,NORMAL,2026-09-10,17,3,Thursday,0.8800000000000008,NORMAL,NORMAL,LOW,2,LOW,LOW,11.204625668449196,20.93,-1.87,87.44355614973261,100.0,60.03,0.18794117647058825,0.59,62,40,2.8181818181818183,11.575468085106383,86.43734042553191,0.19323404255319152,97,51,2.6893617021276595
CONT_003,2026-09-10 17:44:33.366523,Mango,7.84,72.87,0.29,WARNING,2026-09-10,17,3,Thursday,2.16,NORMAL,NORMAL,MEDIUM,3,MEDIUM,MEDIUM,11.193441734417345,19.75,-0.44,87.76967479674796,100.0,60.02,0.19691056910569105,0.59,82,37,2.934959349593496,11.575468085106383,86.43734042553191,0.19323404255319152,97,51,2.6893617021276595
CONT_003,2026-09-10 17:44:33.554597,Tomato,16.06,100.0,0.49,ANOMALY,2026-09-10,17,3,Thursday,6.059999999999999,WARNING,CRITICAL,HIGH,7,CRITICAL,CRITICAL,11.193441734417345,19.75,-0.44,87.76967479674796,100.0,60.02,0.19691056910569105,0.59,82,37,2.934959349593496,10.869106753812636,87.4238779956427,0.1841830065359477,88,39,2.821350762527233
CONT_001,2026-09-10 17:44:35.370504,Tomato,11.29,88.18,0.1,NORMAL,2026-09-10,17,3,Thursday,1.2899999999999991,NORMAL,NORMAL,LOW,2,LOW,LOW,11.294,20.58,-1.98,87.60111764705883,100.0,60.11,0.19226470588235295,0.59,62,36,2.8941176470588235,10.869106753812636,87.4238779956427,0.1841830065359477,88,39,2.821350762527233
CONT_004,2026-09-10 17:44:35.557378,Banana,13.22,86.05,0.12,NORMAL,2026-09-10,17,3,Thursday,3.2200000000000006,NORMAL,NORMAL,LOW,2,LOW,LOW,11.374931129476584,20.55,-1.66,87.65203856749311,100.0,60.25,0.19079889807162537,0.59,81,36,2.9421487603305785,13.473140096618359,88.16468599033817,0.1929951690821256,96,41,3.1594202898550723
CONT_002,2026-09-10 17:44:37.387818,Tomato,11.54,90.44,0.07,NORMAL,2026-09-10,17,3,Thursday,1.5399999999999991,NORMAL,WARNING,LOW,3,MEDIUM,MEDIUM,11.068997050147493,20.03,-1.92,88.139203539823,100.0,61.48,0.18805309734513273,0.6,65,35,2.8997050147492627,10.869106753812636,87.4238779956427,0.1841830065359477,88,39,2.821350762527233
CONT_001,2026-09-10 17:44:37.603431,Avocado,8.69,93.65,0.12,NORMAL,2026-09-10,17,3,Thursday,1.3100000000000005,NORMAL,WARNING,LOW,3,MEDIUM,MEDIUM,11.294,20.58,-1.98,87.60111764705883,100.0,60.11,0.19226470588235295,0.59,62,36,2.8941176470588235,9.129162895927601,88.95671945701358,0.19472850678733034,71,53,2.9524886877828056
CONT_003,2026-09-10 17:44:39.403919,Mango,10.41,89.9,0.07,NORMAL,2026-09-10,17,3,Thursday,0.41000000000000014,NORMAL,NORMAL,LOW,2,LOW,LOW,11.193441734417345,19.75,-0.44,87.76967479674796,100.0,60.02,0.19691056910569105,0.59,82,37,2.934959349593496,11.575468085106383,86.43734042553191,0.19323404255319152,97,51,2.6893617021276595
CONT_003,2026-09-10 17:44:39.611970,Tomato,7.23,100.0,0.2,WARNING,2026-09-10,17,3,Thursday,2.7699999999999996,NORMAL,CRITICAL,LOW,4,MEDIUM,MEDIUM,11.193441734417345,19.75,-0.44,87.76967479674796,100.0,60.02,0.19691056910569105,0.59,82,37,2.934959349593496,10.869106753812636,87.4238779956427,0.1841830065359477,88,39,2.821350762527233
CONT_005,2026-09-10 17:44:41.407126,Banana,10.49,67.26,0.29,WARNING,2026-09-10,17,3,Thursday,0.4900000000000002,NORMAL,LOW,MEDIUM,2,LOW,LOW,11.204625668449196,20.93,-1.87,87.44355614973261,100.0,60.03,0.18794117647058825,0.59,62,40,2.8181818181818183,13.473140096618359,88.16468599033817,0.1929951690821256,96,41,3.1594202898550723
CONT_005,2026-09-10 17:44:41.614665,Mango,8.99,69.01,0.34,WARNING,2026-09-10,17,3,Thursday,1.0099999999999998,NORMAL,LOW,MEDIUM,2,LOW,LOW,11.204625668449196,20.93,-1.87,87.44355614973261,100.0,60.03,0.18794117647058825,0.59,62,40,2.8181818181818183,11.575468085106383,86.43734042553191,0.19323404255319152,97,51,2.6893617021276595
CONT_002,2026-09-10 17:44:43.425331,Avocado,11.28,85.18,0.07,NORMAL,2026-09-10,17,3,Thursday,1.2799999999999994,NORMAL,NORMAL,LOW,2,LOW,LOW,11.068997050147493,20.03,-1.92,88.139203539823,100.0,61.48,0.18805309734513273,0.6,65,35,2.8997050147492627,9.129162895927601,88.95671945701358,0.19472850678733034,71,53,2.9524886877828056
CONT_001,2026-09-10 17:44:43.618510,Avocado,-1.98,100.0,0.46,ANOMALY,2026-09-10,17,3,Thursday,11.98,LOW,CRITICAL,HIGH,5,HIGH,HIGH,11.294,20.58,-1.98,87.60111764705883,100.0,60.11,0.19226470588235295,0.59,62,36,2.8941176470588235,9.129162895927601,88.95671945701358,0.19472850678733034,71,53,2.9524886877828056
CONT_001,2026-09-10 17:44:45.428299,Banana,13.29,94.97,0.19,NORMAL,2026-09-10,17,3,Thursday,3.289999999999999,NORMAL,WARNING,LOW,3,MEDIUM,MEDIUM,11.294,20.58,-1.98,87.60111764705883,100.0,60.11,0.19226470588235295,0.59,62,36,2.8941176470588235,13.473140096618359,88.16468599033817,0.1929951690821256,96,41,3.1594202898550723
CONT_002,2026-09-10 17:44:45.636392,Banana,16.21,72.47,0.23,WARNING,2026-09-10,17,3,Thursday,6.210000000000001,WARNING,NORMAL,MEDIUM,4,MEDIUM,MEDIUM,11.068997050147493,20.03,-1.92,88.139203539823,100.0,61.48,0.18805309734513273,0.6,65,35,2.8997050147492627,13.473140096618359,88.16468599033817,0.1929951690821256,96,41,3.1594202898550723
CONT_004,2026-09-10 17:44:47.431392,Avocado,19.79,100.0,0.47,ANOMALY,2026-09-10,17,3,Thursday,9.79,WARNING,CRITICAL,HIGH,7,CRITICAL,CRITICAL,11.374931129476584,20.55,-1.66,87.65203856749311,100.0,60.25,0.19079889807162537,0.59,81,36,2.9421487603305785,9.129162895927601,88.95671945701358,0.19472850678733034,71,53,2.9524886877828056
CONT_001,2026-09-10 17:44:47.644396,Banana,13.97,91.96,0.17,NORMAL,2026-09-10,17,3,Thursday,3.9700000000000006,NORMAL,WARNING,LOW,3,MEDIUM,MEDIUM,11.294,20.58,-1.98,87.60111764705883,100.0,60.11,0.19226470588235295,0.59,62,36,2.8941176470588235,13.473140096618359,88.16468599033817,0.1929951690821256,96,41,3.1594202898550723
CONT_001,2026-09-10 17:44:49.433704,Banana,9.39,72.64,0.42,ANOMALY,2026-09-10,17,3,Thursday,0.6099999999999994,NORMAL,NORMAL,HIGH,4,MEDIUM,MEDIUM,11.294,20.58,-1.98,87.60111764705883,100.0,60.11,0.19226470588235295,0.59,62,36,2.8941176470588235,13.473140096618359,88.16468599033817,0.1929951690821256,96,41,3.1594202898550723
CONT_004,2026-09-10 17:44:49.649312,Banana,13.27,87.4,0.11,NORMAL,2026-09-10,17,3,Thursday,3.2699999999999996,NORMAL,NORMAL,LOW,2,LOW,LOW,11.374931129476584,20.55,-1.66,87.65203856749311,100.0,60.25,0.19079889807162537,0.59,81,36,2.9421487603305785,13.473140096618359,88.16468599033817,0.1929951690821256,96,41,3.1594202898550723
CONT_001,2026-09-10 17:44:51.436899,Mango,12.81,85.87,0.12,NORMAL,2026-09-10,17,3,Thursday,2.8100000000000005,NORMAL,NORMAL,LOW,2,LOW,LOW,11.294,20.58,-1.98,87.60111764705883,100.0,60.11,0.19226470588235295,0.59,62,36,2.8941176470588235,11.575468085106383,86.43734042553191,0.19323404255319152,97,51,2.6893617021276595
CONT_001,2026-09-10 17:44:51.652132,Avocado,15.82,100.0,0.26,WARNING,2026-09-10,17,3,Thursday,5.82,WARNING,CRITICAL,MEDIUM,6,HIGH,HIGH,11.294,20.58,-1.98,87.60111764705883,100.0,60.11,0.19226470588235295,0.59,62,36,2.8941176470588235,9.129162895927601,88.95671945701358,0.19472850678733034,71,53,2.9524886877828056
CONT_003,2026-09-10 17:44:53.439614,Banana,13.46,86.01,0.13,NORMAL,2026-09-10,17,3,Thursday,3.460000000000001,NORMAL,NORMAL,LOW,2,LOW,LOW,11.193441734417345,19.75,-0.44,87.76967479674796,100.0,60.02,0.19691056910569105,0.59,82,37,2.934959349593496,13.473140096618359,88.16468599033817,0.1929951690821256,96,41,3.1594202898550723
CONT_002,2026-09-10 17:44:53.656646,Banana,15.4,100.0,0.23,WARNING,2026-09-10,17,3,Thursday,5.4,WARNING,CRITICAL,MEDIUM,6,HIGH,HIGH,11.068997050147493,20.03,-1.92,88.139203539823,100.0,61.48,0.18805309734513273,0.6,65,35,2.8997050147492627,13.473140096618359,88.16468599033817,0.1929951690821256,96,41,3.1594202898550723
CONT_001,2026-09-10 17:44:55.443626,Tomato,4.08,68.63,0.45,ANOMALY,2026-09-10,17,3,Thursday,5.92,LOW,LOW,HIGH,2,LOW,LOW,11.294,20.58,-1.98,87.60111764705883,100.0,60.11,0.19226470588235295,0.59,62,36,2.8941176470588235,10.869106753812636,87.4238779956427,0.1841830065359477,88,39,2.821350762527233
CONT_003,2026-09-10 17:44:55.662947,Tomato,10.8,92.39,0.14,NORMAL,2026-09-10,17,3,Thursday,0.8000000000000007,NORMAL,WARNING,LOW,3,MEDIUM,MEDIUM,11.193441734417345,19.75,-0.44,87.76967479674796,100.0,60.02,0.19691056910569105,0.59,82,37,2.934959349593496,10.869106753812636,87.4238779956427,0.1841830065359477,88,39,2.821350762527233
CONT_005,2026-09-10 17:44:57.446711,Tomato,7.02,100.0,0.25,WARNING,2026-09-10,17,3,Thursday,2.9800000000000004,NORMAL,CRITICAL,MEDIUM,5,HIGH,HIGH,11.204625668449196,20.93,-1.87,87.44355614973261,100.0,60.03,0.18794117647058825,0.59,62,40,2.8181818181818183,10.869106753812636,87.4238779956427,0.1841830065359477,88,39,2.821350762527233
CONT_004,2026-09-10 17:44:57.668256,Banana,13.38,94.94,0.09,NORMAL,2026-09-10,17,3,Thursday,3.380000000000001,NORMAL,WARNING,LOW,3,MEDIUM,MEDIUM,11.374931129476584,20.55,-1.66,87.65203856749311,100.0,60.25,0.19079889807162537,0.59,81,36,2.9421487603305785,13.473140096618359,88.16468599033817,0.1929951690821256,96,41,3.1594202898550723
CONT_003,2026-09-10 17:44:59.449827,Banana,13.35,86.49,0.16,NORMAL,2026-09-10,17,3,Thursday,3.3499999999999996,NORMAL,NORMAL,LOW,2,LOW,LOW,11.193441734417345,19.75,-0.44,87.76967479674796,100.0,60.02,0.19691056910569105,0.59,82,37,2.934959349593496,13.473140096618359,88.16468599033817,0.1929951690821256,96,41,3.1594202898550723
CONT_005,2026-09-10 17:44:59.670623,Tomato,10.22,87.38,0.2,NORMAL,2026-09-10,17,3,Thursday,0.22000000000000064,NORMAL,NORMAL,LOW,2,LOW,LOW,11.204625668449196,20.93,-1.87,87.44355614973261,100.0,60.03,0.18794117647058825,0.59,62,40,2.8181818181818183,10.869106753812636,87.4238779956427,0.1841830065359477,88,39,2.821350762527233
CONT_001,2026-09-10 17:45:01.452929,Avocado,10.65,90.24,0.19,NORMAL,2026-09-10,17,3,Thursday,0.6500000000000004,NORMAL,WARNING,LOW,3,MEDIUM,MEDIUM,11.294,20.58,-1.98,87.60111764705883,100.0,60.11,0.19226470588235295,0.59,62,36,2.8941176470588235,9.129162895927601,88.95671945701358,0.19472850678733034,71,53,2.9524886877828056
CONT_001,2026-09-10 17:45:01.673368,Avocado,14.71,68.08,0.23,WARNING,2026-09-10,17,3,Thursday,4.710000000000001,NORMAL,LOW,MEDIUM,2,LOW,LOW,11.294,20.58,-1.98,87.60111764705883,100.0,60.11,0.19226470588235295,0.59,62,36,2.8941176470588235,9.129162895927601,88.95671945701358,0.19472850678733034,71,53,2.9524886877828056
CONT_004,2026-09-10 17:45:03.457827,Avocado,9.94,88.01,0.19,NORMAL,2026-09-10,17,3,Thursday,0.0600000000000005,NORMAL,NORMAL,LOW,2,LOW,LOW,11.374931129476584,20.55,-1.66,87.65203856749311,100.0,60.25,0.19079889807162537,0.59,81,36,2.9421487603305785,9.129162895927601,88.95671945701358,0.19472850678733034,71,53,2.9524886877828056
CONT_002,2026-09-10 17:45:03.678419,Tomato,11.25,93.92,0.15,NORMAL,2026-09-10,17,3,Thursday,1.25,NORMAL,WARNING,LOW,3,MEDIUM,MEDIUM,11.068997050147493,20.03,-1.92,88.139203539823,100.0,61.48,0.18805309734513273,0.6,65,35,2.8997050147492627,10.869106753812636,87.4238779956427,0.1841830065359477,88,39,2.821350762527233
CONT_002,2026-09-10 17:45:05.563380,Tomato,11.69,94.5,0.18,NORMAL,2026-09-10,17,3,Thursday,1.6899999999999995,NORMAL,WARNING,LOW,3,MEDIUM,MEDIUM,11.068997050147493,20.03,-1.92,88.139203539823,100.0,61.48,0.18805309734513273,0.6,65,35,2.8997050147492627,10.869106753812636,87.4238779956427,0.1841830065359477,88,39,2.821350762527233
CONT_001,2026-09-10 17:45:05.681362,Avocado,15.42,100.0,0.27,WARNING,2026-09-10,17,3,Thursday,5.42,WARNING,CRITICAL,MEDIUM,6,HIGH,HIGH,11.294,20.58,-1.98,87.60111764705883,100.0,60.11,0.19226470588235295,0.59,62,36,2.8941176470588235,9.129162895927601,88.95671945701358,0.19472850678733034,71,53,2.9524886877828056
CONT_002,2026-09-10 17:45:07.566546,Avocado,7.93,93.08,0.18,NORMAL,2026-09-10,17,3,Thursday,2.0700000000000003,NORMAL,WARNING,LOW,3,MEDIUM,MEDIUM,11.068997050147493,20.03,-1.92,88.139203539823,100.0,61.48,0.18805309734513273,0.6,65,35,2.8997050147492627,9.129162895927601,88.95671945701358,0.19472850678733034,71,53,2.9524886877828056
CONT_001,2026-09-10 17:45:07.686388,Mango,11.72,89.28,0.15,NORMAL,2026-09-10,17,3,Thursday,1.7200000000000006,NORMAL,NORMAL,LOW,2,LOW,LOW,11.294,20.58,-1.98,87.60111764705883,100.0,60.11,0.19226470588235295,0.59,62,36,2.8941176470588235,11.575468085106383,86.43734042553191,0.19323404255319152,97,51,2.6893617021276595
CONT_004,2026-09-10 17:45:09.570417,Mango,12.95,88.12,0.16,NORMAL,2026-09-10,17,3,Thursday,2.9499999999999993,NORMAL,NORMAL,LOW,2,LOW,LOW,11.374931129476584,20.55,-1.66,87.65203856749311,100.0,60.25,0.19079889807162537,0.59,81,36,2.9421487603305785,11.575468085106383,86.43734042553191,0.19323404255319152,97,51,2.6893617021276595
CONT_003,2026-09-10 17:45:09.700041,Mango,8.05,100.0,0.32,WARNING,2026-09-10,17,3,Thursday,1.9499999999999993,NORMAL,CRITICAL,MEDIUM,5,HIGH,HIGH,11.193441734417345,19.75,-0.44,87.76967479674796,100.0,60.02,0.19691056910569105,0.59,82,37,2.934959349593496,11.575468085106383,86.43734042553191,0.19323404255319152,97,51,2.6893617021276595
CONT_004,2026-09-10 17:45:11.697573,Mango,17.24,68.99,0.42,ANOMALY,2026-09-10,17,3,Thursday,7.239999999999998,WARNING,LOW,HIGH,4,MEDIUM,MEDIUM,11.374931129476584,20.55,-1.66,87.65203856749311,100.0,60.25,0.19079889807162537,0.59,81,36,2.9421487603305785,11.575468085106383,86.43734042553191,0.19323404255319152,97,51,2.6893617021276595
CONT_001,2026-09-10 17:45:11.819862,Tomato,11.73,92.55,0.09,NORMAL,2026-09-10,17,3,Thursday,1.7300000000000004,NORMAL,WARNING,LOW,3,MEDIUM,MEDIUM,11.294,20.58,-1.98,87.60111764705883,100.0,60.11,0.19226470588235295,0.59,62,36,2.8941176470588235,10.869106753812636,87.4238779956427,0.1841830065359477,88,39,2.821350762527233
CONT_002,2026-09-10 17:46:09.169871,Mango,12.79,86.3,0.09,NORMAL,2026-09-10,17,3,Thursday,2.789999999999999,NORMAL,NORMAL,LOW,2,LOW,LOW,11.068997050147493,20.03,-1.92,88.139203539823,100.0,61.48,0.18805309734513273,0.6,65,35,2.8997050147492627,11.575468085106383,86.43734042553191,0.19323404255319152,97,51,2.6893617021276595
CONT_003,2026-09-10 17:46:09.208350,Banana,13.76,94.58,0.12,NORMAL,2026-09-10,17,3,Thursday,3.76,NORMAL,WARNING,LOW,3,MEDIUM,MEDIUM,11.193441734417345,19.75,-0.44,87.76967479674796,100.0,60.02,0.19691056910569105,0.59,82,37,2.934959349593496,13.473140096618359,88.16468599033817,0.1929951690821256,96,41,3.1594202898550723
CONT_005,2026-09-10 17:46:11.210433,Banana,13.58,88.61,0.05,NORMAL,2026-09-10,17,3,Thursday,3.58,NORMAL,NORMAL,LOW,2,LOW,LOW,11.204625668449196,20.93,-1.87,87.44355614973261,100.0,60.03,0.18794117647058825,0.59,62,40,2.8181818181818183,13.473140096618359,88.16468599033817,0.1929951690821256,96,41,3.1594202898550723
CONT_001,2026-09-10 17:46:11.211941,Mango,19.45,100.0,0.48,ANOMALY,2026-09-10,17,3,Thursday,9.45,WARNING,CRITICAL,HIGH,7,CRITICAL,CRITICAL,11.294,20.58,-1.98,87.60111764705883,100.0,60.11,0.19226470588235295,0.59,62,36,2.8941176470588235,11.575468085106383,86.43734042553191,0.19323404255319152,97,51,2.6893617021276595
CONT_001,2026-09-10 17:46:13.212683,Avocado,3.45,100.0,0.34,WARNING,2026-09-10,17,3,Thursday,6.55,LOW,CRITICAL,MEDIUM,4,MEDIUM,MEDIUM,11.294,20.58,-1.98,87.60111764705883,100.0,60.11,0.19226470588235295,0.59,62,36,2.8941176470588235,9.129162895927601,88.95671945701358,0.19472850678733034,71,53,2.9524886877828056
CONT_003,2026-09-10 17:46:13.214145,Avocado,2.37,66.3,0.26,WARNING,2026-09-10,17,3,Thursday,7.63,LOW,LOW,MEDIUM,1,LOW,LOW,11.193441734417345,19.75,-0.44,87.76967479674796,100.0,60.02,0.19691056910569105,0.59,82,37,2.934959349593496,9.129162895927601,88.95671945701358,0.19472850678733034,71,53,2.9524886877828056
CONT_001,2026-09-10 17:46:15.216351,Mango,10.23,89.88,0.16,NORMAL,2026-09-10,17,3,Thursday,0.23000000000000043,NORMAL,NORMAL,LOW,2,LOW,LOW,11.294,20.58,-1.98,87.60111764705883,100.0,60.11,0.19226470588235295,0.59,62,36,2.8941176470588235,11.575468085106383,86.43734042553191,0.19323404255319152,97,51,2.6893617021276595
CONT_003,2026-09-10 17:46:15.215754,Tomato,10.32,89.03,0.2,NORMAL,2026-09-10,17,3,Thursday,0.3200000000000003,NORMAL,NORMAL,LOW,2,LOW,LOW,11.193441734417345,19.75,-0.44,87.76967479674796,100.0,60.02,0.19691056910569105,0.59,82,37,2.934959349593496,10.869106753812636,87.4238779956427,0.1841830065359477,88,39,2.821350762527233
CONT_005,2026-09-10 17:46:17.254708,Banana,13.59,93.79,0.14,NORMAL,2026-09-10,17,3,Thursday,3.59,NORMAL,WARNING,LOW,3,MEDIUM,MEDIUM,11.204625668449196,20.93,-1.87,87.44355614973261,100.0,60.03,0.18794117647058825,0.59,62,40,2.8181818181818183,13.473140096618359,88.16468599033817,0.1929951690821256,96,41,3.1594202898550723
CONT_001,2026-09-10 17:46:17.265761,Banana,10.3,100.0,0.31,WARNING,2026-09-10,17,3,Thursday,0.3000000000000007,NORMAL,CRITICAL,MEDIUM,5,HIGH,HIGH,11.294,20.58,-1.98,87.60111764705883,100.0,60.11,0.19226470588235295,0.59,62,36,2.8941176470588235,13.473140096618359,88.16468599033817,0.1929951690821256,96,41,3.1594202898550723
CONT_002,2026-09-10 17:46:19.268927,Mango,11.17,88.8,0.11,NORMAL,2026-09-10,17,3,Thursday,1.17,NORMAL,NORMAL,LOW,2,LOW,LOW,11.068997050147493,20.03,-1.92,88.139203539823,100.0,61.48,0.18805309734513273,0.6,65,35,2.8997050147492627,11.575468085106383,86.43734042553191,0.19323404255319152,97,51,2.6893617021276595
CONT_005,2026-09-10 17:46:19.341603,Mango,19.93,63.17,0.35,ANOMALY,2026-09-10,17,3,Thursday,9.93,WARNING,LOW,MEDIUM,3,MEDIUM,MEDIUM,11.204625668449196,20.93,-1.87,87.44355614973261,100.0,60.03,0.18794117647058825,0.59,62,40,2.8181818181818183,11.575468085106383,86.43734042553191,0.19323404255319152,97,51,2.6893617021276595
CONT_001,2026-09-10 17:46:21.280819,Avocado,14.51,70.31,0.23,WARNING,2026-09-10,17,3,Thursday,4.51,NORMAL,NORMAL,MEDIUM,3,MEDIUM,MEDIUM,11.294,20.58,-1.98,87.60111764705883,100.0,60.11,0.19226470588235295,0.59,62,36,2.8941176470588235,9.129162895927601,88.95671945701358,0.19472850678733034,71,53,2.9524886877828056
CONT_004,2026-09-10 17:46:21.347301,Avocado,8.02,87.39,0.19,NORMAL,2026-09-10,17,3,Thursday,1.9800000000000004,NORMAL,NORMAL,LOW,2,LOW,LOW,11.374931129476584,20.55,-1.66,87.65203856749311,100.0,60.25,0.19079889807162537,0.59,81,36,2.9421487603305785,9.129162895927601,88.95671945701358,0.19472850678733034,71,53,2.9524886877828056
CONT_002,2026-09-10 17:46:23.313563,Banana,13.57,85.52,0.05,NORMAL,2026-09-10,17,3,Thursday,3.5700000000000003,NORMAL,NORMAL,LOW,2,LOW,LOW,11.068997050147493,20.03,-1.92,88.139203539823,100.0,61.48,0.18805309734513273,0.6,65,35,2.8997050147492627,13.473140096618359,88.16468599033817,0.1929951690821256,96,41,3.1594202898550723
CONT_004,2026-09-10 17:46:23.351186,Mango,16.72,63.57,0.51,ANOMALY,2026-09-10,17,3,Thursday,6.719999999999999,WARNING,LOW,HIGH,4,MEDIUM,MEDIUM,11.374931129476584,20.55,-1.66,87.65203856749311,100.0,60.25,0.19079889807162537,0.59,81,36,2.9421487603305785,11.575468085106383,86.43734042553191,0.19323404255319152,97,51,2.6893617021276595
CONT_004,2026-09-10 17:46:25.414850,Avocado,6.32,91.84,0.09,NORMAL,2026-09-10,17,3,Thursday,3.6799999999999997,NORMAL,WARNING,LOW,3,MEDIUM,MEDIUM,11.374931129476584,20.55,-1.66,87.65203856749311,100.0,60.25,0.19079889807162537,0.59,81,36,2.9421487603305785,9.129162895927601,88.95671945701358,0.19472850678733034,71,53,2.9524886877828056
CONT_005,2026-09-10 17:46:25.414736,Tomato,11.37,89.53,0.12,NORMAL,2026-09-10,17,3,Thursday,1.3699999999999992,NORMAL,NORMAL,LOW,2,LOW,LOW,11.204625668449196,20.93,-1.87,87.44355614973261,100.0,60.03,0.18794117647058825,0.59,62,40,2.8181818181818183,10.869106753812636,87.4238779956427,0.1841830065359477,88,39,2.821350762527233
CONT_004,2026-09-10 17:46:27.589558,Avocado,-1.66,70.03,0.53,ANOMALY,2026-09-10,17,3,Thursday,11.66,LOW,NORMAL,HIGH,3,MEDIUM,MEDIUM,11.374931129476584,20.55,-1.66,87.65203856749311,100.0,60.25,0.19079889807162537,0.59,81,36,2.9421487603305785,9.129162895927601,88.95671945701358,0.19472850678733034,71,53,2.9524886877828056
CONT_002,2026-09-10 17:46:27.589152,Mango,12.48,89.2,0.11,NORMAL,2026-09-10,17,3,Thursday,2.4800000000000004,NORMAL,NORMAL,LOW,2,LOW,LOW,11.068997050147493,20.03,-1.92,88.139203539823,100.0,61.48,0.18805309734513273,0.6,65,35,2.8997050147492627,11.575468085106383,86.43734042553191,0.19323404255319152,97,51,2.6893617021276595
CONT_002,2026-09-10 17:46:29.725522,Avocado,6.21,91.9,0.19,NORMAL,2026-09-10,17,3,Thursday,3.79,NORMAL,WARNING,LOW,3,MEDIUM,MEDIUM,11.068997050147493,20.03,-1.92,88.139203539823,100.0,61.48,0.18805309734513273,0.6,65,35,2.8997050147492627,9.129162895927601,88.95671945701358,0.19472850678733034,71,53,2.9524886877828056
CONT_003,2026-09-10 17:46:29.729816,Mango,11.4,88.62,0.09,NORMAL,2026-09-10,17,3,Thursday,1.4000000000000004,NORMAL,NORMAL,LOW,2,LOW,LOW,11.193441734417345,19.75,-0.44,87.76967479674796,100.0,60.02,0.19691056910569105,0.59,82,37,2.934959349593496,11.575468085106383,86.43734042553191,0.19323404255319152,97,51,2.6893617021276595
CONT_005,2026-09-10 17:46:31.736112,Mango,12.68,86.78,0.13,NORMAL,2026-09-10,17,3,Thursday,2.6799999999999997,NORMAL,NORMAL,LOW,2,LOW,LOW,11.204625668449196,20.93,-1.87,87.44355614973261,100.0,60.03,0.18794117647058825,0.59,62,40,2.8181818181818183,11.575468085106383,86.43734042553191,0.19323404255319152,97,51,2.6893617021276595
CONT_003,2026-09-10 17:46:31.738317,Banana,10.99,65.96,0.21,WARNING,2026-09-10,17,3,Thursday,0.9900000000000002,NORMAL,LOW,MEDIUM,2,LOW,LOW,11.193441734417345,19.75,-0.44,87.76967479674796,100.0,60.02,0.19691056910569105,0.59,82,37,2.934959349593496,13.473140096618359,88.16468599033817,0.1929951690821256,96,41,3.1594202898550723
CONT_001,2026-09-10 17:46:33.739078,Mango,14.02,72.61,0.26,WARNING,2026-09-10,17,3,Thursday,4.02,NORMAL,NORMAL,MEDIUM,3,MEDIUM,MEDIUM,11.294,20.58,-1.98,87.60111764705883,100.0,60.11,0.19226470588235295,0.59,62,36,2.8941176470588235,11.575468085106383,86.43734042553191,0.19323404255319152,97,51,2.6893617021276595
CONT_003,2026-09-10 17:46:33.750221,Tomato,10.45,86.28,0.07,NORMAL,2026-09-10,17,3,Thursday,0.4499999999999993,NORMAL,NORMAL,LOW,2,LOW,LOW,11.193441734417345,19.75,-0.44,87.76967479674796,100.0,60.02,0.19691056910569105,0.59,82,37,2.934959349593496,10.869106753812636,87.4238779956427,0.1841830065359477,88,39,2.821350762527233
CONT_002,2026-09-10 17:46:35.742872,Banana,13.96,85.17,0.09,NORMAL,2026-09-10,17,3,Thursday,3.960000000000001,NORMAL,NORMAL,LOW,2,LOW,LOW,11.068997050147493,20.03,-1.92,88.139203539823,100.0,61.48,0.18805309734513273,0.6,65,35,2.8997050147492627,13.473140096618359,88.16468599033817,0.1929951690821256,96,41,3.1594202898550723
CONT_004,2026-09-10 17:46:35.752810,Mango,12.87,85.72,0.11,NORMAL,2026-09-10,17,3,Thursday,2.869999999999999,NORMAL,NORMAL,LOW,2,LOW,LOW,11.374931129476584,20.55,-1.66,87.65203856749311,100.0,60.25,0.19079889807162537,0.59,81,36,2.9421487603305785,11.575468085106383,86.43734042553191,0.19323404255319152,97,51,2.6893617021276595
CONT_003,2026-09-10 17:46:37.745192,Avocado,10.85,90.93,0.14,NORMAL,2026-09-10,17,3,Thursday,0.8499999999999996,NORMAL,WARNING,LOW,3,MEDIUM,MEDIUM,11.193441734417345,19.75,-0.44,87.76967479674796,100.0,60.02,0.19691056910569105,0.59,82,37,2.934959349593496,9.129162895927601,88.95671945701358,0.19472850678733034,71,53,2.9524886877828056
CONT_003,2026-09-10 17:46:37.755725,Tomato,18.02,100.0,0.47,ANOMALY,2026-09-10,17,3,Thursday,8.02,WARNING,CRITICAL,HIGH,7,CRITICAL,CRITICAL,11.193441734417345,19.75,-0.44,87.76967479674796,100.0,60.02,0.19691056910569105,0.59,82,37,2.934959349593496,10.869106753812636,87.4238779956427,0.1841830065359477,88,39,2.821350762527233
CONT_005,2026-09-10 17:46:39.750339,Tomato,11.9,89.96,0.07,NORMAL,2026-09-10,17,3,Thursday,1.9000000000000004,NORMAL,NORMAL,LOW,2,LOW,LOW,11.204625668449196,20.93,-1.87,87.44355614973261,100.0,60.03,0.18794117647058825,0.59,62,40,2.8181818181818183,10.869106753812636,87.4238779956427,0.1841830065359477,88,39,2.821350762527233
CONT_002,2026-09-10 17:46:39.760542,Mango,12.19,87.75,0.18,NORMAL,2026-09-10,17,3,Thursday,2.1899999999999995,NORMAL,NORMAL,LOW,2,LOW,LOW,11.068997050147493,20.03,-1.92,88.139203539823,100.0,61.48,0.18805309734513273,0.6,65,35,2.8997050147492627,11.575468085106383,86.43734042553191,0.19323404255319152,97,51,2.6893617021276595
CONT_005,2026-09-10 17:46:41.754167,Tomato,6.45,100.0,0.59,ANOMALY,2026-09-10,17,3,Thursday,3.55,NORMAL,CRITICAL,HIGH,6,HIGH,HIGH,11.204625668449196,20.93,-1.87,87.44355614973261,100.0,60.03,0.18794117647058825,0.59,62,40,2.8181818181818183,10.869106753812636,87.4238779956427,0.1841830065359477,88,39,2.821350762527233
CONT_004,2026-09-10 17:46:41.764894,Avocado,15.54,73.41,0.25,WARNING,2026-09-10,17,3,Thursday,5.539999999999999,WARNING,NORMAL,MEDIUM,4,MEDIUM,MEDIUM,11.374931129476584,20.55,-1.66,87.65203856749311,100.0,60.25,0.19079889807162537,0.59,81,36,2.9421487603305785,9.129162895927601,88.95671945701358,0.19472850678733034,71,53,2.9524886877828056
CONT_005,2026-09-10 17:46:43.758679,Avocado,6.9,85.95,0.19,NORMAL,2026-09-10,17,3,Thursday,3.0999999999999996,NORMAL,NORMAL,LOW,2,LOW,LOW,11.204625668449196,20.93,-1.87,87.44355614973261,100.0,60.03,0.18794117647058825,0.59,62,40,2.8181818181818183,9.129162895927601,88.95671945701358,0.19472850678733034,71,53,2.9524886877828056
CONT_002,2026-09-10 17:46:43.769589,Banana,13.54,85.16,0.07,NORMAL,2026-09-10,17,3,Thursday,3.539999999999999,NORMAL,NORMAL,LOW,2,LOW,LOW,11.068997050147493,20.03,-1.92,88.139203539823,100.0,61.48,0.18805309734513273,0.6,65,35,2.8997050147492627,13.473140096618359,88.16468599033817,0.1929951690821256,96,41,3.1594202898550723
CONT_005,2026-09-10 17:46:45.762648,Mango,10.75,86.4,0.2,NORMAL,2026-09-10,17,3,Thursday,0.75,NORMAL,NORMAL,LOW,2,LOW,LOW,11.204625668449196,20.93,-1.87,87.44355614973261,100.0,60.03,0.18794117647058825,0.59,62,40,2.8181818181818183,11.575468085106383,86.43734042553191,0.19323404255319152,97,51,2.6893617021276595
CONT_005,2026-09-10 17:46:47.765767,Banana,13.72,94.02,0.19,NORMAL,2026-09-10,17,3,Thursday,3.7200000000000006,NORMAL,WARNING,LOW,3,MEDIUM,MEDIUM,11.204625668449196,20.93,-1.87,87.44355614973261,100.0,60.03,0.18794117647058825,0.59,62,40,2.8181818181818183,13.473140096618359,88.16468599033817,0.1929951690821256,96,41,3.1594202898550723
CONT_004,2026-09-10 17:46:49.768624,Mango,17.74,100.0,0.35,ANOMALY,2026-09-10,17,3,Thursday,7.739999999999998,WARNING,CRITICAL,MEDIUM,6,HIGH,HIGH,11.374931129476584,20.55,-1.66,87.65203856749311,100.0,60.25,0.19079889807162537,0.59,81,36,2.9421487603305785,11.575468085106383,86.43734042553191,0.19323404255319152,97,51,2.6893617021276595
CONT_002,2026-09-10 17:46:51.771026,Mango,12.29,85.23,0.2,NORMAL,2026-09-10,17,3,Thursday,2.289999999999999,NORMAL,NORMAL,LOW,2,LOW,LOW,11.068997050147493,20.03,-1.92,88.139203539823,100.0,61.48,0.18805309734513273,0.6,65,35,2.8997050147492627,11.575468085106383,86.43734042553191,0.19323404255319152,97,51,2.6893617021276595
CONT_004,2026-09-10 17:46:53.777810,Avocado,9.1,86.47,0.12,NORMAL,2026-09-10,17,3,Thursday,0.9000000000000004,NORMAL,NORMAL,LOW,2,LOW,LOW,11.374931129476584,20.55,-1.66,87.65203856749311,100.0,60.25,0.19079889807162537,0.59,81,36,2.9421487603305785,9.129162895927601,88.95671945701358,0.19472850678733034,71,53,2.9524886877828056
CONT_002,2026-09-10 17:46:55.780633,Tomato,10.04,91.66,0.1,NORMAL,2026-09-10,17,3,Thursday,0.03999999999999915,NORMAL,WARNING,LOW,3,MEDIUM,MEDIUM,11.068997050147493,20.03,-1.92,88.139203539823,100.0,61.48,0.18805309734513273,0.6,65,35,2.8997050147492627,10.869106753812636,87.4238779956427,0.1841830065359477,88,39,2.821350762527233
CONT_001,2026-09-10 17:46:57.783329,Tomato,10.97,91.62,0.09,NORMAL,2026-09-10,17,3,Thursday,0.9700000000000006,NORMAL,WARNING,LOW,3,MEDIUM,MEDIUM,11.294,20.58,-1.98,87.60111764705883,100.0,60.11,0.19226470588235295,0.59,62,36,2.8941176470588235,10.869106753812636,87.4238779956427,0.1841830065359477,88,39,2.821350762527233
CONT_003,2026-09-10 17:46:59.986796,Avocado,10.08,92.21,0.12,NORMAL,2026-09-10,17,3,Thursday,0.08000000000000007,NORMAL,WARNING,LOW,3,MEDIUM,MEDIUM,11.193441734417345,19.75,-0.44,87.76967479674796,100.0,60.02,0.19691056910569105,0.59,82,37,2.934959349593496,9.129162895927601,88.95671945701358,0.19472850678733034,71,53,2.9524886877828056
CONT_004,2026-09-10 17:47:02.019583,Avocado,18.26,60.25,0.56,ANOMALY,2026-09-10,17,3,Thursday,8.260000000000002,WARNING,LOW,HIGH,4,MEDIUM,MEDIUM,11.374931129476584,20.55,-1.66,87.65203856749311,100.0,60.25,0.19079889807162537,0.59,81,36,2.9421487603305785,9.129162895927601,88.95671945701358,0.19472850678733034,71,53,2.9524886877828056
CONT_005,2026-09-10 17:47:04.035890,Tomato,8.23,100.0,0.24,WARNING,2026-09-10,17,3,Thursday,1.7699999999999996,NORMAL,CRITICAL,MEDIUM,5,HIGH,HIGH,11.204625668449196,20.93,-1.87,87.44355614973261,100.0,60.03,0.18794117647058825,0.59,62,40,2.8181818181818183,10.869106753812636,87.4238779956427,0.1841830065359477,88,39,2.821350762527233
CONT_002,2026-09-10 17:47:06.042274,Mango,11.22,88.46,0.06,NORMAL,2026-09-10,17,3,Thursday,1.2200000000000006,NORMAL,NORMAL,LOW,2,LOW,LOW,11.068997050147493,20.03,-1.92,88.139203539823,100.0,61.48,0.18805309734513273,0.6,65,35,2.8997050147492627,11.575468085106383,86.43734042553191,0.19323404255319152,97,51,2.6893617021276595
CONT_005,2026-09-10 17:47:08.048201,Avocado,9.86,87.02,0.19,NORMAL,2026-09-10,17,3,Thursday,0.14000000000000057,NORMAL,NORMAL,LOW,2,LOW,LOW,11.204625668449196,20.93,-1.87,87.44355614973261,100.0,60.03,0.18794117647058825,0.59,62,40,2.8181818181818183,9.129162895927601,88.95671945701358,0.19472850678733034,71,53,2.9524886877828056
CONT_001,2026-09-10 17:47:10.059701,Banana,9.55,70.71,0.48,ANOMALY,2026-09-10,17,3,Thursday,0.4499999999999993,NORMAL,NORMAL,HIGH,4,MEDIUM,MEDIUM,11.294,20.58,-1.98,87.60111764705883,100.0,60.11,0.19226470588235295,0.59,62,36,2.8941176470588235,13.473140096618359,88.16468599033817,0.1929951690821256,96,41,3.1594202898550723
CONT_003,2026-09-10 17:47:12.133045,Tomato,11.27,94.12,0.19,NORMAL,2026-09-10,17,3,Thursday,1.2699999999999996,NORMAL,WARNING,LOW,3,MEDIUM,MEDIUM,11.193441734417345,19.75,-0.44,87.76967479674796,100.0,60.02,0.19691056910569105,0.59,82,37,2.934959349593496,10.869106753812636,87.4238779956427,0.1841830065359477,88,39,2.821350762527233
CONT_001,2026-09-10 17:47:14.151330,Tomato,10.53,86.25,0.19,NORMAL,2026-09-10,17,3,Thursday,0.5299999999999994,NORMAL,NORMAL,LOW,2,LOW,LOW,11.294,20.58,-1.98,87.60111764705883,100.0,60.11,0.19226470588235295,0.59,62,36,2.8941176470588235,10.869106753812636,87.4238779956427,0.1841830065359477,88,39,2.821350762527233
CONT_004,2026-09-10 17:47:16.156195,Mango,11.29,89.26,0.08,NORMAL,2026-09-10,17,3,Thursday,1.2899999999999991,NORMAL,NORMAL,LOW,2,LOW,LOW,11.374931129476584,20.55,-1.66,87.65203856749311,100.0,60.25,0.19079889807162537,0.59,81,36,2.9421487603305785,11.575468085106383,86.43734042553191,0.19323404255319152,97,51,2.6893617021276595
CONT_001,2026-09-10 17:47:18.159355,Tomato,14.53,100.0,0.25,WARNING,2026-09-10,17,3,Thursday,4.529999999999999,NORMAL,CRITICAL,MEDIUM,5,HIGH,HIGH,11.294,20.58,-1.98,87.60111764705883,100.0,60.11,0.19226470588235295,0.59,62,36,2.8941176470588235,10.869106753812636,87.4238779956427,0.1841830065359477,88,39,2.821350762527233
CONT_001,2026-09-10 17:47:20.161922,Mango,12.36,85.01,0.08,NORMAL,2026-09-10,17,3,Thursday,2.3599999999999994,NORMAL,NORMAL,LOW,2,LOW,LOW,11.294,20.58,-1.98,87.60111764705883,100.0,60.11,0.19226470588235295,0.59,62,36,2.8941176470588235,11.575468085106383,86.43734042553191,0.19323404255319152,97,51,2.6893617021276595
CONT_003,2026-09-10 17:47:22.165452,Avocado,1.17,70.43,0.57,ANOMALY,2026-09-10,17,3,Thursday,8.83,LOW,NORMAL,HIGH,3,MEDIUM,MEDIUM,11.193441734417345,19.75,-0.44,87.76967479674796,100.0,60.02,0.19691056910569105,0.59,82,37,2.934959349593496,9.129162895927601,88.95671945701358,0.19472850678733034,71,53,2.9524886877828056
CONT_005,2026-09-10 17:47:24.168115,Mango,4.8,73.66,0.47,ANOMALY,2026-09-10,17,3,Thursday,5.2,LOW,NORMAL,HIGH,3,MEDIUM,MEDIUM,11.204625668449196,20.93,-1.87,87.44355614973261,100.0,60.03,0.18794117647058825,0.59,62,40,2.8181818181818183,11.575468085106383,86.43734042553191,0.19323404255319152,97,51,2.6893617021276595
CONT_001,2026-09-10 17:47:26.171434,Mango,12.84,89.89,0.16,NORMAL,2026-09-10,17,3,Thursday,2.84,NORMAL,NORMAL,LOW,2,LOW,LOW,11.294,20.58,-1.98,87.60111764705883,100.0,60.11,0.19226470588235295,0.59,62,36,2.8941176470588235,11.575468085106383,86.43734042553191,0.19323404255319152,97,51,2.6893617021276595
CONT_002,2026-09-10 17:47:28.176180,Tomato,11.74,94.25,0.06,NORMAL,2026-09-10,17,3,Thursday,1.7400000000000002,NORMAL,WARNING,LOW,3,MEDIUM,MEDIUM,11.068997050147493,20.03,-1.92,88.139203539823,100.0,61.48,0.18805309734513273,0.6,65,35,2.8997050147492627,10.869106753812636,87.4238779956427,0.1841830065359477,88,39,2.821350762527233
CONT_001,2026-09-10 17:47:30.179939,Mango,10.69,85.46,0.14,NORMAL,2026-09-10,17,3,Thursday,0.6899999999999995,NORMAL,NORMAL,LOW,2,LOW,LOW,11.294,20.58,-1.98,87.60111764705883,100.0,60.11,0.19226470588235295,0.59,62,36,2.8941176470588235,11.575468085106383,86.43734042553191,0.19323404255319152,97,51,2.6893617021276595
CONT_005,2026-09-10 17:47:32.182659,Banana,20.93,68.24,0.41,ANOMALY,2026-09-10,17,3,Thursday,10.93,CRITICAL,LOW,HIGH,5,HIGH,HIGH,11.204625668449196,20.93,-1.87,87.44355614973261,100.0,60.03,0.18794117647058825,0.59,62,40,2.8181818181818183,13.473140096618359,88.16468599033817,0.1929951690821256,96,41,3.1594202898550723
CONT_005,2026-09-10 17:47:34.185785,Mango,11.98,85.9,0.07,NORMAL,2026-09-10,17,3,Thursday,1.9800000000000004,NORMAL,NORMAL,LOW,2,LOW,LOW,11.204625668449196,20.93,-1.87,87.44355614973261,100.0,60.03,0.18794117647058825,0.59,62,40,2.8181818181818183,11.575468085106383,86.43734042553191,0.19323404255319152,97,51,2.6893617021276595
CONT_004,2026-09-10 17:47:36.191568,Tomato,11.42,86.83,0.13,NORMAL,2026-09-10,17,3,Thursday,1.42,NORMAL,NORMAL,LOW,2,LOW,LOW,11.374931129476584,20.55,-1.66,87.65203856749311,100.0,60.25,0.19079889807162537,0.59,81,36,2.9421487603305785,10.869106753812636,87.4238779956427,0.1841830065359477,88,39,2.821350762527233
CONT_002,2026-09-10 17:47:38.194829,Mango,15.45,100.0,0.21,WARNING,2026-09-10,17,3,Thursday,5.449999999999999,WARNING,CRITICAL,MEDIUM,6,HIGH,HIGH,11.068997050147493,20.03,-1.92,88.139203539823,100.0,61.48,0.18805309734513273,0.6,65,35,2.8997050147492627,11.575468085106383,86.43734042553191,0.19323404255319152,97,51,2.6893617021276595
CONT_005,2026-09-10 17:47:40.197736,Mango,12.06,86.01,0.2,NORMAL,2026-09-10,17,3,Thursday,2.0600000000000005,NORMAL,NORMAL,LOW,2,LOW,LOW,11.204625668449196,20.93,-1.87,87.44355614973261,100.0,60.03,0.18794117647058825,0.59,62,40,2.8181818181818183,11.575468085106383,86.43734042553191,0.19323404255319152,97,51,2.6893617021276595
CONT_004,2026-09-10 17:47:42.200493,Tomato,11.21,88.63,0.09,NORMAL,2026-09-10,17,3,Thursday,1.2100000000000009,NORMAL,NORMAL,LOW,2,LOW,LOW,11.374931129476584,20.55,-1.66,87.65203856749311,100.0,60.25,0.19079889807162537,0.59,81,36,2.9421487603305785,10.869106753812636,87.4238779956427,0.1841830065359477,88,39,2.821350762527233
CONT_002,2026-09-10 17:47:44.204013,Avocado,18.13,68.43,0.41,ANOMALY,2026-09-10,17,3,Thursday,8.129999999999999,WARNING,LOW,HIGH,4,MEDIUM,MEDIUM,11.068997050147493,20.03,-1.92,88.139203539823,100.0,61.48,0.18805309734513273,0.6,65,35,2.8997050147492627,9.129162895927601,88.95671945701358,0.19472850678733034,71,53,2.9524886877828056
CONT_003,2026-09-10 17:47:46.211914,Mango,10.25,88.33,0.16,NORMAL,2026-09-10,17,3,Thursday,0.25,NORMAL,NORMAL,LOW,2,LOW,LOW,11.193441734417345,19.75,-0.44,87.76967479674796,100.0,60.02,0.19691056910569105,0.59,82,37,2.934959349593496,11.575468085106383,86.43734042553191,0.19323404255319152,97,51,2.6893617021276595
CONT_005,2026-09-10 17:47:48.215323,Tomato,13.73,67.28,0.22,WARNING,2026-09-10,17,3,Thursday,3.7300000000000004,NORMAL,LOW,MEDIUM,2,LOW,LOW,11.204625668449196,20.93,-1.87,87.44355614973261,100.0,60.03,0.18794117647058825,0.59,62,40,2.8181818181818183,10.869106753812636,87.4238779956427,0.1841830065359477,88,39,2.821350762527233
CONT_003,2026-09-10 17:47:50.218061,Mango,7.27,100.0,0.21,WARNING,2026-09-10,17,3,Thursday,2.7300000000000004,NORMAL,CRITICAL,MEDIUM,5,HIGH,HIGH,11.193441734417345,19.75,-0.44,87.76967479674796,100.0,60.02,0.19691056910569105,0.59,82,37,2.934959349593496,11.575468085106383,86.43734042553191,0.19323404255319152,97,51,2.6893617021276595
CONT_001,2026-09-10 17:47:52.223132,Tomato,11.31,94.27,0.06,NORMAL,2026-09-10,17,3,Thursday,1.3100000000000005,NORMAL,WARNING,LOW,3,MEDIUM,MEDIUM,11.294,20.58,-1.98,87.60111764705883,100.0,60.11,0.19226470588235295,0.59,62,36,2.8941176470588235,10.869106753812636,87.4238779956427,0.1841830065359477,88,39,2.821350762527233
CONT_003,2026-09-10 17:47:54.227633,Mango,8.89,100.0,0.32,WARNING,2026-09-10,17,3,Thursday,1.1099999999999994,NORMAL,CRITICAL,MEDIUM,5,HIGH,HIGH,11.193441734417345,19.75,-0.44,87.76967479674796,100.0,60.02,0.19691056910569105,0.59,82,37,2.934959349593496,11.575468085106383,86.43734042553191,0.19323404255319152,97,51,2.6893617021276595
CONT_004,2026-09-10 17:47:56.623884,Tomato,11.54,92.35,0.05,NORMAL,2026-09-10,17,3,Thursday,1.5399999999999991,NORMAL,WARNING,LOW,3,MEDIUM,MEDIUM,11.374931129476584,20.55,-1.66,87.65203856749311,100.0,60.25,0.19079889807162537,0.59,81,36,2.9421487603305785,10.869106753812636,87.4238779956427,0.1841830065359477,88,39,2.821350762527233
CONT_002,2026-09-10 17:47:59.165407,Banana,13.88,90.12,0.08,NORMAL,2026-09-10,17,3,Thursday,3.880000000000001,NORMAL,WARNING,LOW,3,MEDIUM,MEDIUM,11.068997050147493,20.03,-1.92,88.139203539823,100.0,61.48,0.18805309734513273,0.6,65,35,2.8997050147492627,13.473140096618359,88.16468599033817,0.1929951690821256,96,41,3.1594202898550723
CONT_002,2026-09-10 17:48:01.427984,Avocado,15.98,73.98,0.32,WARNING,2026-09-10,17,3,Thursday,5.98,WARNING,NORMAL,MEDIUM,4,MEDIUM,MEDIUM,11.068997050147493,20.03,-1.92,88.139203539823,100.0,61.48,0.18805309734513273,0.6,65,35,2.8997050147492627,9.129162895927601,88.95671945701358,0.19472850678733034,71,53,2.9524886877828056
CONT_002,2026-09-10 17:48:03.431979,Mango,12.92,88.32,0.09,NORMAL,2026-09-10,17,3,Thursday,2.92,NORMAL,NORMAL,LOW,2,LOW,LOW,11.068997050147493,20.03,-1.92,88.139203539823,100.0,61.48,0.18805309734513273,0.6,65,35,2.8997050147492627,11.575468085106383,86.43734042553191,0.19323404255319152,97,51,2.6893617021276595
CONT_004,2026-09-10 17:48:05.434646,Banana,16.45,100.0,0.32,WARNING,2026-09-10,17,3,Thursday,6.449999999999999,WARNING,CRITICAL,MEDIUM,6,HIGH,HIGH,11.374931129476584,20.55,-1.66,87.65203856749311,100.0,60.25,0.19079889807162537,0.59,81,36,2.9421487603305785,13.473140096618359,88.16468599033817,0.1929951690821256,96,41,3.1594202898550723
CONT_001,2026-09-10 17:48:07.439689,Avocado,5.1,86.37,0.07,NORMAL,2026-09-10,17,3,Thursday,4.9,NORMAL,NORMAL,LOW,2,LOW,LOW,11.294,20.58,-1.98,87.60111764705883,100.0,60.11,0.19226470588235295,0.59,62,36,2.8941176470588235,9.129162895927601,88.95671945701358,0.19472850678733034,71,53,2.9524886877828056
CONT_001,2026-09-10 17:48:09.442059,Avocado,2.62,100.0,0.31,WARNING,2026-09-10,17,3,Thursday,7.38,LOW,CRITICAL,MEDIUM,4,MEDIUM,MEDIUM,11.294,20.58,-1.98,87.60111764705883,100.0,60.11,0.19226470588235295,0.59,62,36,2.8941176470588235,9.129162895927601,88.95671945701358,0.19472850678733034,71,53,2.9524886877828056
CONT_001,2026-09-10 17:48:11.444256,Tomato,11.25,87.76,0.2,NORMAL,2026-09-10,17,3,Thursday,1.25,NORMAL,NORMAL,LOW,2,LOW,LOW,11.294,20.58,-1.98,87.60111764705883,100.0,60.11,0.19226470588235295,0.59,62,36,2.8941176470588235,10.869106753812636,87.4238779956427,0.1841830065359477,88,39,2.821350762527233
CONT_005,2026-09-10 17:48:13.447248,Banana,13.21,86.42,0.13,NORMAL,2026-09-10,17,3,Thursday,3.210000000000001,NORMAL,NORMAL,LOW,2,LOW,LOW,11.204625668449196,20.93,-1.87,87.44355614973261,100.0,60.03,0.18794117647058825,0.59,62,40,2.8181818181818183,13.473140096618359,88.16468599033817,0.1929951690821256,96,41,3.1594202898550723
CONT_001,2026-09-10 17:48:15.467824,Avocado,7.61,85.21,0.09,NORMAL,2026-09-10,17,3,Thursday,2.3899999999999997,NORMAL,NORMAL,LOW,2,LOW,LOW,11.294,20.58,-1.98,87.60111764705883,100.0,60.11,0.19226470588235295,0.59,62,36,2.8941176470588235,9.129162895927601,88.95671945701358,0.19472850678733034,71,53,2.9524886877828056
CONT_005,2026-09-10 17:48:17.608143,Tomato,10.93,94.8,0.14,NORMAL,2026-09-10,17,3,Thursday,0.9299999999999997,NORMAL,WARNING,LOW,3,MEDIUM,MEDIUM,11.204625668449196,20.93,-1.87,87.44355614973261,100.0,60.03,0.18794117647058825,0.59,62,40,2.8181818181818183,10.869106753812636,87.4238779956427,0.1841830065359477,88,39,2.821350762527233
CONT_004,2026-09-10 17:48:19.616340,Mango,12.66,86.14,0.18,NORMAL,2026-09-10,17,3,Thursday,2.66,NORMAL,NORMAL,LOW,2,LOW,LOW,11.374931129476584,20.55,-1.66,87.65203856749311,100.0,60.25,0.19079889807162537,0.59,81,36,2.9421487603305785,11.575468085106383,86.43734042553191,0.19323404255319152,97,51,2.6893617021276595
CONT_002,2026-09-10 17:48:21.645542,Tomato,10.81,85.64,0.18,NORMAL,2026-09-10,17,3,Thursday,0.8100000000000005,NORMAL,NORMAL,LOW,2,LOW,LOW,11.068997050147493,20.03,-1.92,88.139203539823,100.0,61.48,0.18805309734513273,0.6,65,35,2.8997050147492627,10.869106753812636,87.4238779956427,0.1841830065359477,88,39,2.821350762527233
CONT_005,2026-09-10 17:48:23.657122,Banana,17.73,69.82,0.42,ANOMALY,2026-09-10,17,3,Thursday,7.73,WARNING,LOW,HIGH,4,MEDIUM,MEDIUM,11.204625668449196,20.93,-1.87,87.44355614973261,100.0,60.03,0.18794117647058825,0.59,62,40,2.8181818181818183,13.473140096618359,88.16468599033817,0.1929951690821256,96,41,3.1594202898550723
CONT_002,2026-09-10 17:48:25.664186,Tomato,11.78,92.07,0.12,NORMAL,2026-09-10,17,3,Thursday,1.7799999999999994,NORMAL,WARNING,LOW,3,MEDIUM,MEDIUM,11.068997050147493,20.03,-1.92,88.139203539823,100.0,61.48,0.18805309734513273,0.6,65,35,2.8997050147492627,10.869106753812636,87.4238779956427,0.1841830065359477,88,39,2.821350762527233
CONT_002,2026-09-10 17:48:27.669005,Tomato,7.29,100.0,0.28,WARNING,2026-09-10,17,3,Thursday,2.71,NORMAL,CRITICAL,MEDIUM,5,HIGH,HIGH,11.068997050147493,20.03,-1.92,88.139203539823,100.0,61.48,0.18805309734513273,0.6,65,35,2.8997050147492627,10.869106753812636,87.4238779956427,0.1841830065359477,88,39,2.821350762527233
CONT_004,2026-09-10 17:48:30.032095,Avocado,7.62,87.95,0.13,NORMAL,2026-09-10,17,3,Thursday,2.38,NORMAL,NORMAL,LOW,2,LOW,LOW,11.374931129476584,20.55,-1.66,87.65203856749311,100.0,60.25,0.19079889807162537,0.59,81,36,2.9421487603305785,9.129162895927601,88.95671945701358,0.19472850678733034,71,53,2.9524886877828056
CONT_004,2026-09-10 17:48:32.315846,Mango,11.31,87.04,0.08,NORMAL,2026-09-10,17,3,Thursday,1.3100000000000005,NORMAL,NORMAL,LOW,2,LOW,LOW,11.374931129476584,20.55,-1.66,87.65203856749311,100.0,60.25,0.19079889807162537,0.59,81,36,2.9421487603305785,11.575468085106383,86.43734042553191,0.19323404255319152,97,51,2.6893617021276595
CONT_005,2026-09-10 17:48:34.322774,Mango,12.7,86.06,0.18,NORMAL,2026-09-10,17,3,Thursday,2.6999999999999993,NORMAL,NORMAL,LOW,2,LOW,LOW,11.204625668449196,20.93,-1.87,87.44355614973261,100.0,60.03,0.18794117647058825,0.59,62,40,2.8181818181818183,11.575468085106383,86.43734042553191,0.19323404255319152,97,51,2.6893617021276595
CONT_004,2026-09-10 17:48:36.327198,Tomato,13.51,65.39,0.2,WARNING,2026-09-10,17,3,Thursday,3.51,NORMAL,LOW,LOW,1,LOW,LOW,11.374931129476584,20.55,-1.66,87.65203856749311,100.0,60.25,0.19079889807162537,0.59,81,36,2.9421487603305785,10.869106753812636,87.4238779956427,0.1841830065359477,88,39,2.821350762527233
CONT_004,2026-09-10 17:48:38.329675,Banana,13.77,92.03,0.09,NORMAL,2026-09-10,17,3,Thursday,3.7699999999999996,NORMAL,WARNING,LOW,3,MEDIUM,MEDIUM,11.374931129476584,20.55,-1.66,87.65203856749311,100.0,60.25,0.19079889807162537,0.59,81,36,2.9421487603305785,13.473140096618359,88.16468599033817,0.1929951690821256,96,41,3.1594202898550723
CONT_001,2026-09-10 17:48:40.767786,Tomato,14.81,66.14,0.27,WARNING,2026-09-10,17,3,Thursday,4.8100000000000005,NORMAL,LOW,MEDIUM,2,LOW,LOW,11.294,20.58,-1.98,87.60111764705883,100.0,60.11,0.19226470588235295,0.59,62,36,2.8941176470588235,10.869106753812636,87.4238779956427,0.1841830065359477,88,39,2.821350762527233
CONT_005,2026-09-10 17:48:42.911578,Banana,13.1,94.93,0.11,NORMAL,2026-09-10,17,3,Thursday,3.0999999999999996,NORMAL,WARNING,LOW,3,MEDIUM,MEDIUM,11.204625668449196,20.93,-1.87,87.44355614973261,100.0,60.03,0.18794117647058825,0.59,62,40,2.8181818181818183,13.473140096618359,88.16468599033817,0.1929951690821256,96,41,3.1594202898550723
CONT_005,2026-09-10 17:48:44.914325,Mango,12.75,86.9,0.06,NORMAL,2026-09-10,17,3,Thursday,2.75,NORMAL,NORMAL,LOW,2,LOW,LOW,11.204625668449196,20.93,-1.87,87.44355614973261,100.0,60.03,0.18794117647058825,0.59,62,40,2.8181818181818183,11.575468085106383,86.43734042553191,0.19323404255319152,97,51,2.6893617021276595
CONT_004,2026-09-10 17:48:46.918043,Tomato,10.04,93.3,0.06,NORMAL,2026-09-10,17,3,Thursday,0.03999999999999915,NORMAL,WARNING,LOW,3,MEDIUM,MEDIUM,11.374931129476584,20.55,-1.66,87.65203856749311,100.0,60.25,0.19079889807162537,0.59,81,36,2.9421487603305785,10.869106753812636,87.4238779956427,0.1841830065359477,88,39,2.821350762527233
CONT_001,2026-09-10 17:48:48.924339,Banana,13.24,90.4,0.15,NORMAL,2026-09-10,17,3,Thursday,3.24,NORMAL,WARNING,LOW,3,MEDIUM,MEDIUM,11.294,20.58,-1.98,87.60111764705883,100.0,60.11,0.19226470588235295,0.59,62,36,2.8941176470588235,13.473140096618359,88.16468599033817,0.1929951690821256,96,41,3.1594202898550723
CONT_002,2026-09-10 17:48:50.928197,Banana,13.37,92.21,0.08,NORMAL,2026-09-10,17,3,Thursday,3.369999999999999,NORMAL,WARNING,LOW,3,MEDIUM,MEDIUM,11.068997050147493,20.03,-1.92,88.139203539823,100.0,61.48,0.18805309734513273,0.6,65,35,2.8997050147492627,13.473140096618359,88.16468599033817,0.1929951690821256,96,41,3.1594202898550723
CONT_001,2026-09-10 17:48:52.930889,Tomato,11.63,87.58,0.2,NORMAL,2026-09-10,17,3,Thursday,1.6300000000000008,NORMAL,NORMAL,LOW,2,LOW,LOW,11.294,20.58,-1.98,87.60111764705883,100.0,60.11,0.19226470588235295,0.59,62,36,2.8941176470588235,10.869106753812636,87.4238779956427,0.1841830065359477,88,39,2.821350762527233
CONT_003,2026-09-10 17:48:54.933656,Avocado,2.02,62.59,0.35,WARNING,2026-09-10,17,3,Thursday,7.98,LOW,LOW,MEDIUM,1,LOW,LOW,11.193441734417345,19.75,-0.44,87.76967479674796,100.0,60.02,0.19691056910569105,0.59,82,37,2.934959349593496,9.129162895927601,88.95671945701358,0.19472850678733034,71,53,2.9524886877828056
CONT_001,2026-09-10 17:48:56.940563,Tomato,10.03,90.46,0.16,NORMAL,2026-09-10,17,3,Thursday,0.02999999999999936,NORMAL,WARNING,LOW,3,MEDIUM,MEDIUM,11.294,20.58,-1.98,87.60111764705883,100.0,60.11,0.19226470588235295,0.59,62,36,2.8941176470588235,10.869106753812636,87.4238779956427,0.1841830065359477,88,39,2.821350762527233
CONT_001,2026-09-10 17:48:58.943382,Tomato,14.45,65.14,0.24,WARNING,2026-09-10,17,3,Thursday,4.449999999999999,NORMAL,LOW,MEDIUM,2,LOW,LOW,11.294,20.58,-1.98,87.60111764705883,100.0,60.11,0.19226470588235295,0.59,62,36,2.8941176470588235,10.869106753812636,87.4238779956427,0.1841830065359477,88,39,2.821350762527233
CONT_002,2026-09-10 17:49:00.946055,Banana,13.56,94.43,0.1,NORMAL,2026-09-10,17,3,Thursday,3.5600000000000005,NORMAL,WARNING,LOW,3,MEDIUM,MEDIUM,11.068997050147493,20.03,-1.92,88.139203539823,100.0,61.48,0.18805309734513273,0.6,65,35,2.8997050147492627,13.473140096618359,88.16468599033817,0.1929951690821256,96,41,3.1594202898550723
CONT_005,2026-09-10 17:49:02.950306,Mango,8.48,100.0,0.21,WARNING,2026-09-10,17,3,Thursday,1.5199999999999996,NORMAL,CRITICAL,MEDIUM,5,HIGH,HIGH,11.204625668449196,20.93,-1.87,87.44355614973261,100.0,60.03,0.18794117647058825,0.59,62,40,2.8181818181818183,11.575468085106383,86.43734042553191,0.19323404255319152,97,51,2.6893617021276595
CONT_004,2026-09-10 17:49:04.956916,Avocado,12.21,90.53,0.16,NORMAL,2026-09-10,17,3,Thursday,2.210000000000001,NORMAL,WARNING,LOW,3,MEDIUM,MEDIUM,11.374931129476584,20.55,-1.66,87.65203856749311,100.0,60.25,0.19079889807162537,0.59,81,36,2.9421487603305785,9.129162895927601,88.95671945701358,0.19472850678733034,71,53,2.9524886877828056
CONT_004,2026-09-10 17:49:07.047462,Tomato,10.86,92.51,0.1,NORMAL,2026-09-10,17,3,Thursday,0.8599999999999994,NORMAL,WARNING,LOW,3,MEDIUM,MEDIUM,11.374931129476584,20.55,-1.66,87.65203856749311,100.0,60.25,0.19079889807162537,0.59,81,36,2.9421487603305785,10.869106753812636,87.4238779956427,0.1841830065359477,88,39,2.821350762527233
CONT_005,2026-09-10 17:49:09.432660,Tomato,10.71,88.02,0.09,NORMAL,2026-09-10,17,3,Thursday,0.7100000000000009,NORMAL,NORMAL,LOW,2,LOW,LOW,11.204625668449196,20.93,-1.87,87.44355614973261,100.0,60.03,0.18794117647058825,0.59,62,40,2.8181818181818183,10.869106753812636,87.4238779956427,0.1841830065359477,88,39,2.821350762527233
CONT_005,2026-09-10 17:49:11.490561,Tomato,10.69,90.53,0.15,NORMAL,2026-09-10,17,3,Thursday,0.6899999999999995,NORMAL,WARNING,LOW,3,MEDIUM,MEDIUM,11.204625668449196,20.93,-1.87,87.44355614973261,100.0,60.03,0.18794117647058825,0.59,62,40,2.8181818181818183,10.869106753812636,87.4238779956427,0.1841830065359477,88,39,2.821350762527233
CONT_002,2026-09-10 17:49:13.497684,Mango,10.87,87.06,0.15,NORMAL,2026-09-10,17,3,Thursday,0.8699999999999992,NORMAL,NORMAL,LOW,2,LOW,LOW,11.068997050147493,20.03,-1.92,88.139203539823,100.0,61.48,0.18805309734513273,0.6,65,35,2.8997050147492627,11.575468085106383,86.43734042553191,0.19323404255319152,97,51,2.6893617021276595
CONT_003,2026-09-10 17:49:15.631124,Avocado,7.62,88.64,0.11,NORMAL,2026-09-10,17,3,Thursday,2.38,NORMAL,NORMAL,LOW,2,LOW,LOW,11.193441734417345,19.75,-0.44,87.76967479674796,100.0,60.02,0.19691056910569105,0.59,82,37,2.934959349593496,9.129162895927601,88.95671945701358,0.19472850678733034,71,53,2.9524886877828056
CONT_002,2026-09-10 17:49:17.718732,Avocado,12.82,85.5,0.17,NORMAL,2026-09-10,17,3,Thursday,2.8200000000000003,NORMAL,NORMAL,LOW,2,LOW,LOW,11.068997050147493,20.03,-1.92,88.139203539823,100.0,61.48,0.18805309734513273,0.6,65,35,2.8997050147492627,9.129162895927601,88.95671945701358,0.19472850678733034,71,53,2.9524886877828056
CONT_005,2026-09-10 17:49:19.727351,Tomato,8.65,74.85,0.3,WARNING,2026-09-10,17,3,Thursday,1.3499999999999996,NORMAL,NORMAL,MEDIUM,3,MEDIUM,MEDIUM,11.204625668449196,20.93,-1.87,87.44355614973261,100.0,60.03,0.18794117647058825,0.59,62,40,2.8181818181818183,10.869106753812636,87.4238779956427,0.1841830065359477,88,39,2.821350762527233
CONT_005,2026-09-10 17:49:21.731885,Mango,12.28,89.22,0.15,NORMAL,2026-09-10,17,3,Thursday,2.2799999999999994,NORMAL,NORMAL,LOW,2,LOW,LOW,11.204625668449196,20.93,-1.87,87.44355614973261,100.0,60.03,0.18794117647058825,0.59,62,40,2.8181818181818183,11.575468085106383,86.43734042553191,0.19323404255319152,97,51,2.6893617021276595
CONT_003,2026-09-10 17:49:23.735111,Banana,6.87,100.0,0.46,ANOMALY,2026-09-10,17,3,Thursday,3.13,NORMAL,CRITICAL,HIGH,6,HIGH,HIGH,11.193441734417345,19.75,-0.44,87.76967479674796,100.0,60.02,0.19691056910569105,0.59,82,37,2.934959349593496,13.473140096618359,88.16468599033817,0.1929951690821256,96,41,3.1594202898550723
CONT_001,2026-09-10 17:49:25.976526,Avocado,15.87,100.0,0.23,WARNING,2026-09-10,17,3,Thursday,5.869999999999999,WARNING,CRITICAL,MEDIUM,6,HIGH,HIGH,11.294,20.58,-1.98,87.60111764705883,100.0,60.11,0.19226470588235295,0.59,62,36,2.8941176470588235,9.129162895927601,88.95671945701358,0.19472850678733034,71,53,2.9524886877828056
CONT_004,2026-09-10 17:49:29.623042,Tomato,7.87,74.69,0.21,WARNING,2026-09-10,17,3,Thursday,2.13,NORMAL,NORMAL,MEDIUM,3,MEDIUM,MEDIUM,11.374931129476584,20.55,-1.66,87.65203856749311,100.0,60.25,0.19079889807162537,0.59,81,36,2.9421487603305785,10.869106753812636,87.4238779956427,0.1841830065359477,88,39,2.821350762527233
CONT_004,2026-09-10 17:49:31.627057,Banana,13.86,92.92,0.11,NORMAL,2026-09-10,17,3,Thursday,3.8599999999999994,NORMAL,WARNING,LOW,3,MEDIUM,MEDIUM,11.374931129476584,20.55,-1.66,87.65203856749311,100.0,60.25,0.19079889807162537,0.59,81,36,2.9421487603305785,13.473140096618359,88.16468599033817,0.1929951690821256,96,41,3.1594202898550723
CONT_001,2026-09-10 17:49:34.216337,Avocado,-1.47,100.0,0.54,ANOMALY,2026-09-10,17,3,Thursday,11.47,LOW,CRITICAL,HIGH,5,HIGH,HIGH,11.294,20.58,-1.98,87.60111764705883,100.0,60.11,0.19226470588235295,0.59,62,36,2.8941176470588235,9.129162895927601,88.95671945701358,0.19472850678733034,71,53,2.9524886877828056
CONT_005,2026-09-10 17:49:36.219820,Banana,13.86,93.41,0.18,NORMAL,2026-09-10,17,3,Thursday,3.8599999999999994,NORMAL,WARNING,LOW,3,MEDIUM,MEDIUM,11.204625668449196,20.93,-1.87,87.44355614973261,100.0,60.03,0.18794117647058825,0.59,62,40,2.8181818181818183,13.473140096618359,88.16468599033817,0.1929951690821256,96,41,3.1594202898550723
CONT_001,2026-09-10 17:49:38.236584,Avocado,5.84,90.04,0.19,NORMAL,2026-09-10,17,3,Thursday,4.16,NORMAL,WARNING,LOW,3,MEDIUM,MEDIUM,11.294,20.58,-1.98,87.60111764705883,100.0,60.11,0.19226470588235295,0.59,62,36,2.8941176470588235,9.129162895927601,88.95671945701358,0.19472850678733034,71,53,2.9524886877828056
CONT_004,2026-09-10 17:49:40.258703,Tomato,11.64,89.44,0.07,NORMAL,2026-09-10,17,3,Thursday,1.6400000000000006,NORMAL,NORMAL,LOW,2,LOW,LOW,11.374931129476584,20.55,-1.66,87.65203856749311,100.0,60.25,0.19079889807162537,0.59,81,36,2.9421487603305785,10.869106753812636,87.4238779956427,0.1841830065359477,88,39,2.821350762527233
CONT_001,2026-09-10 17:49:42.262421,Tomato,11.63,92.38,0.16,NORMAL,2026-09-10,17,3,Thursday,1.6300000000000008,NORMAL,WARNING,LOW,3,MEDIUM,MEDIUM,11.294,20.58,-1.98,87.60111764705883,100.0,60.11,0.19226470588235295,0.59,62,36,2.8941176470588235,10.869106753812636,87.4238779956427,0.1841830065359477,88,39,2.821350762527233
CONT_001,2026-09-10 17:49:44.264420,Avocado,7.04,91.64,0.17,NORMAL,2026-09-10,17,3,Thursday,2.96,NORMAL,WARNING,LOW,3,MEDIUM,MEDIUM,11.294,20.58,-1.98,87.60111764705883,100.0,60.11,0.19226470588235295,0.59,62,36,2.8941176470588235,9.129162895927601,88.95671945701358,0.19472850678733034,71,53,2.9524886877828056
CONT_002,2026-09-10 17:49:46.267293,Banana,13.69,86.58,0.15,NORMAL,2026-09-10,17,3,Thursday,3.6899999999999995,NORMAL,NORMAL,LOW,2,LOW,LOW,11.068997050147493,20.03,-1.92,88.139203539823,100.0,61.48,0.18805309734513273,0.6,65,35,2.8997050147492627,13.473140096618359,88.16468599033817,0.1929951690821256,96,41,3.1594202898550723
CONT_005,2026-09-10 17:49:48.270349,Mango,10.11,85.82,0.13,NORMAL,2026-09-10,17,3,Thursday,0.10999999999999943,NORMAL,NORMAL,LOW,2,LOW,LOW,11.204625668449196,20.93,-1.87,87.44355614973261,100.0,60.03,0.18794117647058825,0.59,62,40,2.8181818181818183,11.575468085106383,86.43734042553191,0.19323404255319152,97,51,2.6893617021276595
CONT_003,2026-09-10 17:49:50.274560,Banana,13.99,88.39,0.12,NORMAL,2026-09-10,17,3,Thursday,3.99,NORMAL,NORMAL,LOW,2,LOW,LOW,11.193441734417345,19.75,-0.44,87.76967479674796,100.0,60.02,0.19691056910569105,0.59,82,37,2.934959349593496,13.473140096618359,88.16468599033817,0.1929951690821256,96,41,3.1594202898550723
CONT_004,2026-09-10 17:49:52.278751,Mango,12.87,87.12,0.1,NORMAL,2026-09-10,17,3,Thursday,2.869999999999999,NORMAL,NORMAL,LOW,2,LOW,LOW,11.374931129476584,20.55,-1.66,87.65203856749311,100.0,60.25,0.19079889807162537,0.59,81,36,2.9421487603305785,11.575468085106383,86.43734042553191,0.19323404255319152,97,51,2.6893617021276595
CONT_002,2026-09-10 17:49:54.281632,Banana,13.45,94.82,0.18,NORMAL,2026-09-10,17,3,Thursday,3.4499999999999993,NORMAL,WARNING,LOW,3,MEDIUM,MEDIUM,11.068997050147493,20.03,-1.92,88.139203539823,100.0,61.48,0.18805309734513273,0.6,65,35,2.8997050147492627,13.473140096618359,88.16468599033817,0.1929951690821256,96,41,3.1594202898550723
CONT_003,2026-09-10 17:49:56.283646,Mango,11.0,88.39,0.14,NORMAL,2026-09-10,17,3,Thursday,1.0,NORMAL,NORMAL,LOW,2,LOW,LOW,11.193441734417345,19.75,-0.44,87.76967479674796,100.0,60.02,0.19691056910569105,0.59,82,37,2.934959349593496,11.575468085106383,86.43734042553191,0.19323404255319152,97,51,2.6893617021276595
CONT_003,2026-09-10 17:49:58.288204,Mango,11.75,89.81,0.15,NORMAL,2026-09-10,17,3,Thursday,1.75,NORMAL,NORMAL,LOW,2,LOW,LOW,11.193441734417345,19.75,-0.44,87.76967479674796,100.0,60.02,0.19691056910569105,0.59,82,37,2.934959349593496,11.575468085106383,86.43734042553191,0.19323404255319152,97,51,2.6893617021276595
CONT_005,2026-09-10 17:50:00.291578,Tomato,10.42,94.19,0.15,NORMAL,2026-09-10,17,3,Thursday,0.41999999999999993,NORMAL,WARNING,LOW,3,MEDIUM,MEDIUM,11.204625668449196,20.93,-1.87,87.44355614973261,100.0,60.03,0.18794117647058825,0.59,62,40,2.8181818181818183,10.869106753812636,87.4238779956427,0.1841830065359477,88,39,2.821350762527233
CONT_004,2026-09-10 17:50:02.294979,Avocado,11.97,87.34,0.09,NORMAL,2026-09-10,17,3,Thursday,1.9700000000000006,NORMAL,NORMAL,LOW,2,LOW,LOW,11.374931129476584,20.55,-1.66,87.65203856749311,100.0,60.25,0.19079889807162537,0.59,81,36,2.9421487603305785,9.129162895927601,88.95671945701358,0.19472850678733034,71,53,2.9524886877828056
CONT_005,2026-09-10 17:50:04.298448,Banana,13.97,92.12,0.19,NORMAL,2026-09-10,17,3,Thursday,3.9700000000000006,NORMAL,WARNING,LOW,3,MEDIUM,MEDIUM,11.204625668449196,20.93,-1.87,87.44355614973261,100.0,60.03,0.18794117647058825,0.59,62,40,2.8181818181818183,13.473140096618359,88.16468599033817,0.1929951690821256,96,41,3.1594202898550723
CONT_005,2026-09-10 17:50:06.304808,Avocado,6.74,93.43,0.17,NORMAL,2026-09-10,17,3,Thursday,3.26,NORMAL,WARNING,LOW,3,MEDIUM,MEDIUM,11.204625668449196,20.93,-1.87,87.44355614973261,100.0,60.03,0.18794117647058825,0.59,62,40,2.8181818181818183,9.129162895927601,88.95671945701358,0.19472850678733034,71,53,2.9524886877828056
CONT_002,2026-09-10 17:50:08.307927,Mango,11.08,88.24,0.1,NORMAL,2026-09-10,17,3,Thursday,1.08,NORMAL,NORMAL,LOW,2,LOW,LOW,11.068997050147493,20.03,-1.92,88.139203539823,100.0,61.48,0.18805309734513273,0.6,65,35,2.8997050147492627,11.575468085106383,86.43734042553191,0.19323404255319152,97,51,2.6893617021276595
CONT_001,2026-09-10 17:50:10.310200,Avocado,11.87,90.84,0.11,NORMAL,2026-09-10,17,3,Thursday,1.8699999999999992,NORMAL,WARNING,LOW,3,MEDIUM,MEDIUM,11.294,20.58,-1.98,87.60111764705883,100.0,60.11,0.19226470588235295,0.59,62,36,2.8941176470588235,9.129162895927601,88.95671945701358,0.19472850678733034,71,53,2.9524886877828056
CONT_003,2026-09-10 17:50:12.312307,Tomato,10.17,92.23,0.07,NORMAL,2026-09-10,17,3,Thursday,0.16999999999999993,NORMAL,WARNING,LOW,3,MEDIUM,MEDIUM,11.193441734417345,19.75,-0.44,87.76967479674796,100.0,60.02,0.19691056910569105,0.59,82,37,2.934959349593496,10.869106753812636,87.4238779956427,0.1841830065359477,88,39,2.821350762527233
CONT_001,2026-09-10 17:50:14.315309,Banana,13.24,91.14,0.19,NORMAL,2026-09-10,17,3,Thursday,3.24,NORMAL,WARNING,LOW,3,MEDIUM,MEDIUM,11.294,20.58,-1.98,87.60111764705883,100.0,60.11,0.19226470588235295,0.59,62,36,2.8941176470588235,13.473140096618359,88.16468599033817,0.1929951690821256,96,41,3.1594202898550723
CONT_003,2026-09-10 17:50:16.327473,Avocado,6.09,86.1,0.18,NORMAL,2026-09-10,17,3,Thursday,3.91,NORMAL,NORMAL,LOW,2,LOW,LOW,11.193441734417345,19.75,-0.44,87.76967479674796,100.0,60.02,0.19691056910569105,0.59,82,37,2.934959349593496,9.129162895927601,88.95671945701358,0.19472850678733034,71,53,2.9524886877828056
CONT_005,2026-09-10 17:50:18.330589,Tomato,10.35,86.37,0.07,NORMAL,2026-09-10,17,3,Thursday,0.34999999999999964,NORMAL,NORMAL,LOW,2,LOW,LOW,11.204625668449196,20.93,-1.87,87.44355614973261,100.0,60.03,0.18794117647058825,0.59,62,40,2.8181818181818183,10.869106753812636,87.4238779956427,0.1841830065359477,88,39,2.821350762527233
CONT_002,2026-09-10 17:50:20.355324,Mango,7.3,63.62,0.22,WARNING,2026-09-10,17,3,Thursday,2.7,NORMAL,LOW,MEDIUM,2,LOW,LOW,11.068997050147493,20.03,-1.92,88.139203539823,100.0,61.48,0.18805309734513273,0.6,65,35,2.8997050147492627,11.575468085106383,86.43734042553191,0.19323404255319152,97,51,2.6893617021276595
CONT_003,2026-09-10 17:50:22.360239,Avocado,10.85,92.76,0.11,NORMAL,2026-09-10,17,3,Thursday,0.8499999999999996,NORMAL,WARNING,LOW,3,MEDIUM,MEDIUM,11.193441734417345,19.75,-0.44,87.76967479674796,100.0,60.02,0.19691056910569105,0.59,82,37,2.934959349593496,9.129162895927601,88.95671945701358,0.19472850678733034,71,53,2.9524886877828056
CONT_004,2026-09-10 17:50:24.381852,Tomato,8.95,62.83,0.34,WARNING,2026-09-10,17,3,Thursday,1.0500000000000007,NORMAL,LOW,MEDIUM,2,LOW,LOW,11.374931129476584,20.55,-1.66,87.65203856749311,100.0,60.25,0.19079889807162537,0.59,81,36,2.9421487603305785,10.869106753812636,87.4238779956427,0.1841830065359477,88,39,2.821350762527233
CONT_001,2026-09-10 17:50:26.428137,Banana,13.39,88.34,0.07,NORMAL,2026-09-10,17,3,Thursday,3.3900000000000006,NORMAL,NORMAL,LOW,2,LOW,LOW,11.294,20.58,-1.98,87.60111764705883,100.0,60.11,0.19226470588235295,0.59,62,36,2.8941176470588235,13.473140096618359,88.16468599033817,0.1929951690821256,96,41,3.1594202898550723
CONT_004,2026-09-10 17:50:28.432110,Tomato,11.64,88.62,0.09,NORMAL,2026-09-10,17,3,Thursday,1.6400000000000006,NORMAL,NORMAL,LOW,2,LOW,LOW,11.374931129476584,20.55,-1.66,87.65203856749311,100.0,60.25,0.19079889807162537,0.59,81,36,2.9421487603305785,10.869106753812636,87.4238779956427,0.1841830065359477,88,39,2.821350762527233
CONT_002,2026-09-10 17:50:30.434404,Banana,13.09,94.93,0.14,NORMAL,2026-09-10,17,3,Thursday,3.09,NORMAL,WARNING,LOW,3,MEDIUM,MEDIUM,11.068997050147493,20.03,-1.92,88.139203539823,100.0,61.48,0.18805309734513273,0.6,65,35,2.8997050147492627,13.473140096618359,88.16468599033817,0.1929951690821256,96,41,3.1594202898550723
CONT_002,2026-09-10 17:50:32.442962,Avocado,7.52,88.7,0.17,NORMAL,2026-09-10,17,3,Thursday,2.4800000000000004,NORMAL,NORMAL,LOW,2,LOW,LOW,11.068997050147493,20.03,-1.92,88.139203539823,100.0,61.48,0.18805309734513273,0.6,65,35,2.8997050147492627,9.129162895927601,88.95671945701358,0.19472850678733034,71,53,2.9524886877828056
CONT_002,2026-09-10 17:50:34.449185,Avocado,8.46,89.43,0.11,NORMAL,2026-09-10,17,3,Thursday,1.5399999999999991,NORMAL,NORMAL,LOW,2,LOW,LOW,11.068997050147493,20.03,-1.92,88.139203539823,100.0,61.48,0.18805309734513273,0.6,65,35,2.8997050147492627,9.129162895927601,88.95671945701358,0.19472850678733034,71,53,2.9524886877828056
CONT_002,2026-09-10 17:50:36.466827,Tomato,7.22,100.0,0.3,WARNING,2026-09-10,17,3,Thursday,2.7800000000000002,NORMAL,CRITICAL,MEDIUM,5,HIGH,HIGH,11.068997050147493,20.03,-1.92,88.139203539823,100.0,61.48,0.18805309734513273,0.6,65,35,2.8997050147492627,10.869106753812636,87.4238779956427,0.1841830065359477,88,39,2.821350762527233
CONT_004,2026-09-10 17:50:38.477444,Banana,13.72,93.1,0.1,NORMAL,2026-09-10,17,3,Thursday,3.7200000000000006,NORMAL,WARNING,LOW,3,MEDIUM,MEDIUM,11.374931129476584,20.55,-1.66,87.65203856749311,100.0,60.25,0.19079889807162537,0.59,81,36,2.9421487603305785,13.473140096618359,88.16468599033817,0.1929951690821256,96,41,3.1594202898550723
CONT_003,2026-09-10 17:50:40.481840,Tomato,11.46,93.79,0.07,NORMAL,2026-09-10,17,3,Thursday,1.4600000000000009,NORMAL,WARNING,LOW,3,MEDIUM,MEDIUM,11.193441734417345,19.75,-0.44,87.76967479674796,100.0,60.02,0.19691056910569105,0.59,82,37,2.934959349593496,10.869106753812636,87.4238779956427,0.1841830065359477,88,39,2.821350762527233
CONT_005,2026-09-10 17:50:42.487187,Banana,13.7,93.98,0.13,NORMAL,2026-09-10,17,3,Thursday,3.6999999999999993,NORMAL,WARNING,LOW,3,MEDIUM,MEDIUM,11.204625668449196,20.93,-1.87,87.44355614973261,100.0,60.03,0.18794117647058825,0.59,62,40,2.8181818181818183,13.473140096618359,88.16468599033817,0.1929951690821256,96,41,3.1594202898550723
CONT_002,2026-09-10 17:50:44.490953,Tomato,3.59,63.13,0.44,ANOMALY,2026-09-10,17,3,Thursday,6.41,LOW,LOW,HIGH,2,LOW,LOW,11.068997050147493,20.03,-1.92,88.139203539823,100.0,61.48,0.18805309734513273,0.6,65,35,2.8997050147492627,10.869106753812636,87.4238779956427,0.1841830065359477,88,39,2.821350762527233
CONT_002,2026-09-10 17:50:46.698303,Tomato,3.16,100.0,0.47,ANOMALY,2026-09-10,17,3,Thursday,6.84,LOW,CRITICAL,HIGH,5,HIGH,HIGH,11.068997050147493,20.03,-1.92,88.139203539823,100.0,61.48,0.18805309734513273,0.6,65,35,2.8997050147492627,10.869106753812636,87.4238779956427,0.1841830065359477,88,39,2.821350762527233
CONT_005,2026-09-10 17:50:48.710072,Banana,11.8,66.2,0.32,WARNING,2026-09-10,17,3,Thursday,1.8000000000000007,NORMAL,LOW,MEDIUM,2,LOW,LOW,11.204625668449196,20.93,-1.87,87.44355614973261,100.0,60.03,0.18794117647058825,0.59,62,40,2.8181818181818183,13.473140096618359,88.16468599033817,0.1929951690821256,96,41,3.1594202898550723
CONT_003,2026-09-10 17:50:50.712627,Tomato,10.23,85.04,0.05,NORMAL,2026-09-10,17,3,Thursday,0.23000000000000043,NORMAL,NORMAL,LOW,2,LOW,LOW,11.193441734417345,19.75,-0.44,87.76967479674796,100.0,60.02,0.19691056910569105,0.59,82,37,2.934959349593496,10.869106753812636,87.4238779956427,0.1841830065359477,88,39,2.821350762527233
CONT_003,2026-09-10 17:50:52.715921,Tomato,11.3,88.87,0.19,NORMAL,2026-09-10,17,3,Thursday,1.3000000000000007,NORMAL,NORMAL,LOW,2,LOW,LOW,11.193441734417345,19.75,-0.44,87.76967479674796,100.0,60.02,0.19691056910569105,0.59,82,37,2.934959349593496,10.869106753812636,87.4238779956427,0.1841830065359477,88,39,2.821350762527233
CONT_003,2026-09-10 17:50:54.723093,Mango,12.78,89.19,0.06,NORMAL,2026-09-10,17,3,Thursday,2.7799999999999994,NORMAL,NORMAL,LOW,2,LOW,LOW,11.193441734417345,19.75,-0.44,87.76967479674796,100.0,60.02,0.19691056910569105,0.59,82,37,2.934959349593496,11.575468085106383,86.43734042553191,0.19323404255319152,97,51,2.6893617021276595
CONT_003,2026-09-10 17:50:56.757464,Avocado,18.62,69.97,0.55,ANOMALY,2026-09-10,17,3,Thursday,8.620000000000001,WARNING,LOW,HIGH,4,MEDIUM,MEDIUM,11.193441734417345,19.75,-0.44,87.76967479674796,100.0,60.02,0.19691056910569105,0.59,82,37,2.934959349593496,9.129162895927601,88.95671945701358,0.19472850678733034,71,53,2.9524886877828056
CONT_004,2026-09-10 17:50:58.770411,Avocado,7.99,94.98,0.07,NORMAL,2026-09-10,17,3,Thursday,2.01,NORMAL,WARNING,LOW,3,MEDIUM,MEDIUM,11.374931129476584,20.55,-1.66,87.65203856749311,100.0,60.25,0.19079889807162537,0.59,81,36,2.9421487603305785,9.129162895927601,88.95671945701358,0.19472850678733034,71,53,2.9524886877828056
CONT_003,2026-09-10 17:51:00.773489,Avocado,8.47,91.53,0.16,NORMAL,2026-09-10,17,3,Thursday,1.5299999999999994,NORMAL,WARNING,LOW,3,MEDIUM,MEDIUM,11.193441734417345,19.75,-0.44,87.76967479674796,100.0,60.02,0.19691056910569105,0.59,82,37,2.934959349593496,9.129162895927601,88.95671945701358,0.19472850678733034,71,53,2.9524886877828056
CONT_005,2026-09-10 17:51:02.776766,Mango,11.59,87.8,0.12,NORMAL,2026-09-10,17,3,Thursday,1.5899999999999999,NORMAL,NORMAL,LOW,2,LOW,LOW,11.204625668449196,20.93,-1.87,87.44355614973261,100.0,60.03,0.18794117647058825,0.59,62,40,2.8181818181818183,11.575468085106383,86.43734042553191,0.19323404255319152,97,51,2.6893617021276595
CONT_005,2026-09-10 17:51:04.783503,Mango,18.68,60.16,0.47,ANOMALY,2026-09-10,17,3,Thursday,8.68,WARNING,LOW,HIGH,4,MEDIUM,MEDIUM,11.204625668449196,20.93,-1.87,87.44355614973261,100.0,60.03,0.18794117647058825,0.59,62,40,2.8181818181818183,11.575468085106383,86.43734042553191,0.19323404255319152,97,51,2.6893617021276595
CONT_003,2026-09-10 17:51:06.789867,Banana,15.85,61.84,0.33,WARNING,2026-09-10,17,3,Thursday,5.85,WARNING,LOW,MEDIUM,3,MEDIUM,MEDIUM,11.193441734417345,19.75,-0.44,87.76967479674796,100.0,60.02,0.19691056910569105,0.59,82,37,2.934959349593496,13.473140096618359,88.16468599033817,0.1929951690821256,96,41,3.1594202898550723
CONT_002,2026-09-10 17:51:08.793100,Mango,10.84,85.98,0.07,NORMAL,2026-09-10,17,3,Thursday,0.8399999999999999,NORMAL,NORMAL,LOW,2,LOW,LOW,11.068997050147493,20.03,-1.92,88.139203539823,100.0,61.48,0.18805309734513273,0.6,65,35,2.8997050147492627,11.575468085106383,86.43734042553191,0.19323404255319152,97,51,2.6893617021276595
CONT_003,2026-09-10 17:51:10.796197,Mango,8.68,74.11,0.34,WARNING,2026-09-10,17,3,Thursday,1.3200000000000003,NORMAL,NORMAL,MEDIUM,3,MEDIUM,MEDIUM,11.193441734417345,19.75,-0.44,87.76967479674796,100.0,60.02,0.19691056910569105,0.59,82,37,2.934959349593496,11.575468085106383,86.43734042553191,0.19323404255319152,97,51,2.6893617021276595
CONT_005,2026-09-10 17:51:12.799251,Banana,13.65,89.29,0.19,NORMAL,2026-09-10,17,3,Thursday,3.6500000000000004,NORMAL,NORMAL,LOW,2,LOW,LOW,11.204625668449196,20.93,-1.87,87.44355614973261,100.0,60.03,0.18794117647058825,0.59,62,40,2.8181818181818183,13.473140096618359,88.16468599033817,0.1929951690821256,96,41,3.1594202898550723
CONT_005,2026-09-10 17:51:14.801724,Banana,13.15,88.75,0.07,NORMAL,2026-09-10,17,3,Thursday,3.1500000000000004,NORMAL,NORMAL,LOW,2,LOW,LOW,11.204625668449196,20.93,-1.87,87.44355614973261,100.0,60.03,0.18794117647058825,0.59,62,40,2.8181818181818183,13.473140096618359,88.16468599033817,0.1929951690821256,96,41,3.1594202898550723
CONT_001,2026-09-10 17:51:16.805222,Avocado,8.64,92.98,0.13,NORMAL,2026-09-10,17,3,Thursday,1.3599999999999994,NORMAL,WARNING,LOW,3,MEDIUM,MEDIUM,11.294,20.58,-1.98,87.60111764705883,100.0,60.11,0.19226470588235295,0.59,62,36,2.8941176470588235,9.129162895927601,88.95671945701358,0.19472850678733034,71,53,2.9524886877828056
CONT_001,2026-09-10 17:51:18.808261,Mango,12.16,86.58,0.06,NORMAL,2026-09-10,17,3,Thursday,2.16,NORMAL,NORMAL,LOW,2,LOW,LOW,11.294,20.58,-1.98,87.60111764705883,100.0,60.11,0.19226470588235295,0.59,62,36,2.8941176470588235,11.575468085106383,86.43734042553191,0.19323404255319152,97,51,2.6893617021276595
CONT_004,2026-09-10 17:51:20.823566,Tomato,13.0,68.31,0.3,WARNING,2026-09-10,17,3,Thursday,3.0,NORMAL,LOW,MEDIUM,2,LOW,LOW,11.374931129476584,20.55,-1.66,87.65203856749311,100.0,60.25,0.19079889807162537,0.59,81,36,2.9421487603305785,10.869106753812636,87.4238779956427,0.1841830065359477,88,39,2.821350762527233
CONT_005,2026-09-10 17:51:22.945859,Mango,10.77,86.75,0.13,NORMAL,2026-09-10,17,3,Thursday,0.7699999999999996,NORMAL,NORMAL,LOW,2,LOW,LOW,11.204625668449196,20.93,-1.87,87.44355614973261,100.0,60.03,0.18794117647058825,0.59,62,40,2.8181818181818183,11.575468085106383,86.43734042553191,0.19323404255319152,97,51,2.6893617021276595
CONT_005,2026-09-10 17:51:24.957533,Banana,19.62,67.18,0.53,ANOMALY,2026-09-10,17,3,Thursday,9.620000000000001,WARNING,LOW,HIGH,4,MEDIUM,MEDIUM,11.204625668449196,20.93,-1.87,87.44355614973261,100.0,60.03,0.18794117647058825,0.59,62,40,2.8181818181818183,13.473140096618359,88.16468599033817,0.1929951690821256,96,41,3.1594202898550723
CONT_002,2026-09-10 17:51:26.960499,Avocado,11.62,88.25,0.16,NORMAL,2026-09-10,17,3,Thursday,1.6199999999999992,NORMAL,NORMAL,LOW,2,LOW,LOW,11.068997050147493,20.03,-1.92,88.139203539823,100.0,61.48,0.18805309734513273,0.6,65,35,2.8997050147492627,9.129162895927601,88.95671945701358,0.19472850678733034,71,53,2.9524886877828056
CONT_005,2026-09-10 17:51:28.963584,Banana,13.01,85.88,0.18,NORMAL,2026-09-10,17,3,Thursday,3.01,NORMAL,NORMAL,LOW,2,LOW,LOW,11.204625668449196,20.93,-1.87,87.44355614973261,100.0,60.03,0.18794117647058825,0.59,62,40,2.8181818181818183,13.473140096618359,88.16468599033817,0.1929951690821256,96,41,3.1594202898550723
CONT_002,2026-09-10 17:51:30.966461,Mango,11.75,89.77,0.17,NORMAL,2026-09-10,17,3,Thursday,1.75,NORMAL,NORMAL,LOW,2,LOW,LOW,11.068997050147493,20.03,-1.92,88.139203539823,100.0,61.48,0.18805309734513273,0.6,65,35,2.8997050147492627,11.575468085106383,86.43734042553191,0.19323404255319152,97,51,2.6893617021276595
CONT_005,2026-09-10 17:51:32.982753,Avocado,5.92,90.67,0.06,NORMAL,2026-09-10,17,3,Thursday,4.08,NORMAL,WARNING,LOW,3,MEDIUM,MEDIUM,11.204625668449196,20.93,-1.87,87.44355614973261,100.0,60.03,0.18794117647058825,0.59,62,40,2.8181818181818183,9.129162895927601,88.95671945701358,0.19472850678733034,71,53,2.9524886877828056
CONT_003,2026-09-10 17:51:35.257609,Mango,10.37,87.12,0.16,NORMAL,2026-09-10,17,3,Thursday,0.3699999999999992,NORMAL,NORMAL,LOW,2,LOW,LOW,11.193441734417345,19.75,-0.44,87.76967479674796,100.0,60.02,0.19691056910569105,0.59,82,37,2.934959349593496,11.575468085106383,86.43734042553191,0.19323404255319152,97,51,2.6893617021276595
CONT_002,2026-09-10 17:51:37.261054,Mango,12.77,85.19,0.18,NORMAL,2026-09-10,17,3,Thursday,2.7699999999999996,NORMAL,NORMAL,LOW,2,LOW,LOW,11.068997050147493,20.03,-1.92,88.139203539823,100.0,61.48,0.18805309734513273,0.6,65,35,2.8997050147492627,11.575468085106383,86.43734042553191,0.19323404255319152,97,51,2.6893617021276595
CONT_005,2026-09-10 17:51:39.264928,Mango,11.13,85.34,0.11,NORMAL,2026-09-10,17,3,Thursday,1.1300000000000008,NORMAL,NORMAL,LOW,2,LOW,LOW,11.204625668449196,20.93,-1.87,87.44355614973261,100.0,60.03,0.18794117647058825,0.59,62,40,2.8181818181818183,11.575468085106383,86.43734042553191,0.19323404255319152,97,51,2.6893617021276595
CONT_004,2026-09-10 17:51:41.268142,Tomato,10.92,87.1,0.14,NORMAL,2026-09-10,17,3,Thursday,0.9199999999999999,NORMAL,NORMAL,LOW,2,LOW,LOW,11.374931129476584,20.55,-1.66,87.65203856749311,100.0,60.25,0.19079889807162537,0.59,81,36,2.9421487603305785,10.869106753812636,87.4238779956427,0.1841830065359477,88,39,2.821350762527233
CONT_003,2026-09-10 17:51:43.271459,Tomato,7.77,100.0,0.28,WARNING,2026-09-10,17,3,Thursday,2.2300000000000004,NORMAL,CRITICAL,MEDIUM,5,HIGH,HIGH,11.193441734417345,19.75,-0.44,87.76967479674796,100.0,60.02,0.19691056910569105,0.59,82,37,2.934959349593496,10.869106753812636,87.4238779956427,0.1841830065359477,88,39,2.821350762527233
CONT_002,2026-09-10 17:51:45.278474,Tomato,10.82,94.99,0.14,NORMAL,2026-09-10,17,3,Thursday,0.8200000000000003,NORMAL,WARNING,LOW,3,MEDIUM,MEDIUM,11.068997050147493,20.03,-1.92,88.139203539823,100.0,61.48,0.18805309734513273,0.6,65,35,2.8997050147492627,10.869106753812636,87.4238779956427,0.1841830065359477,88,39,2.821350762527233
CONT_005,2026-09-10 17:51:47.455453,Tomato,11.31,88.14,0.13,NORMAL,2026-09-10,17,3,Thursday,1.3100000000000005,NORMAL,NORMAL,LOW,2,LOW,LOW,11.204625668449196,20.93,-1.87,87.44355614973261,100.0,60.03,0.18794117647058825,0.59,62,40,2.8181818181818183,10.869106753812636,87.4238779956427,0.1841830065359477,88,39,2.821350762527233
CONT_003,2026-09-10 17:51:49.460025,Banana,13.45,88.38,0.2,NORMAL,2026-09-10,17,3,Thursday,3.4499999999999993,NORMAL,NORMAL,LOW,2,LOW,LOW,11.193441734417345,19.75,-0.44,87.76967479674796,100.0,60.02,0.19691056910569105,0.59,82,37,2.934959349593496,13.473140096618359,88.16468599033817,0.1929951690821256,96,41,3.1594202898550723
CONT_001,2026-09-10 17:51:51.463668,Banana,20.45,100.0,0.41,ANOMALY,2026-09-10,17,3,Thursday,10.45,CRITICAL,CRITICAL,HIGH,8,CRITICAL,CRITICAL,11.294,20.58,-1.98,87.60111764705883,100.0,60.11,0.19226470588235295,0.59,62,36,2.8941176470588235,13.473140096618359,88.16468599033817,0.1929951690821256,96,41,3.1594202898550723
CONT_001,2026-09-10 17:51:53.480852,Avocado,15.79,100.0,0.35,WARNING,2026-09-10,17,3,Thursday,5.789999999999999,WARNING,CRITICAL,MEDIUM,6,HIGH,HIGH,11.294,20.58,-1.98,87.60111764705883,100.0,60.11,0.19226470588235295,0.59,62,36,2.8941176470588235,9.129162895927601,88.95671945701358,0.19472850678733034,71,53,2.9524886877828056
CONT_002,2026-09-10 17:51:55.596661,Tomato,13.31,63.87,0.34,WARNING,2026-09-10,17,3,Thursday,3.3100000000000005,NORMAL,LOW,MEDIUM,2,LOW,LOW,11.068997050147493,20.03,-1.92,88.139203539823,100.0,61.48,0.18805309734513273,0.6,65,35,2.8997050147492627,10.869106753812636,87.4238779956427,0.1841830065359477,88,39,2.821350762527233
CONT_002,2026-09-10 17:51:57.609432,Banana,13.85,91.0,0.11,NORMAL,2026-09-10,17,3,Thursday,3.8499999999999996,NORMAL,WARNING,LOW,3,MEDIUM,MEDIUM,11.068997050147493,20.03,-1.92,88.139203539823,100.0,61.48,0.18805309734513273,0.6,65,35,2.8997050147492627,13.473140096618359,88.16468599033817,0.1929951690821256,96,41,3.1594202898550723
CONT_002,2026-09-10 17:51:59.612270,Banana,13.42,90.72,0.05,NORMAL,2026-09-10,17,3,Thursday,3.42,NORMAL,WARNING,LOW,3,MEDIUM,MEDIUM,11.068997050147493,20.03,-1.92,88.139203539823,100.0,61.48,0.18805309734513273,0.6,65,35,2.8997050147492627,13.473140096618359,88.16468599033817,0.1929951690821256,96,41,3.1594202898550723
CONT_005,2026-09-10 17:52:01.614670,Mango,10.08,85.31,0.08,NORMAL,2026-09-10,17,3,Thursday,0.08000000000000007,NORMAL,NORMAL,LOW,2,LOW,LOW,11.204625668449196,20.93,-1.87,87.44355614973261,100.0,60.03,0.18794117647058825,0.59,62,40,2.8181818181818183,11.575468085106383,86.43734042553191,0.19323404255319152,97,51,2.6893617021276595
CONT_004,2026-09-10 17:52:03.620677,Avocado,12.69,89.22,0.17,NORMAL,2026-09-10,17,3,Thursday,2.6899999999999995,NORMAL,NORMAL,LOW,2,LOW,LOW,11.374931129476584,20.55,-1.66,87.65203856749311,100.0,60.25,0.19079889807162537,0.59,81,36,2.9421487603305785,9.129162895927601,88.95671945701358,0.19472850678733034,71,53,2.9524886877828056
CONT_001,2026-09-10 17:52:05.629732,Tomato,10.09,90.95,0.06,NORMAL,2026-09-10,17,3,Thursday,0.08999999999999986,NORMAL,WARNING,LOW,3,MEDIUM,MEDIUM,11.294,20.58,-1.98,87.60111764705883,100.0,60.11,0.19226470588235295,0.59,62,36,2.8941176470588235,10.869106753812636,87.4238779956427,0.1841830065359477,88,39,2.821350762527233
CONT_001,2026-09-10 17:52:08.485797,Mango,15.91,64.17,0.21,WARNING,2026-09-10,17,3,Thursday,5.91,WARNING,LOW,MEDIUM,3,MEDIUM,MEDIUM,11.294,20.58,-1.98,87.60111764705883,100.0,60.11,0.19226470588235295,0.59,62,36,2.8941176470588235,11.575468085106383,86.43734042553191,0.19323404255319152,97,51,2.6893617021276595
CONT_001,2026-09-10 17:52:10.489369,Tomato,8.36,73.69,0.32,WARNING,2026-09-10,17,3,Thursday,1.6400000000000006,NORMAL,NORMAL,MEDIUM,3,MEDIUM,MEDIUM,11.294,20.58,-1.98,87.60111764705883,100.0,60.11,0.19226470588235295,0.59,62,36,2.8941176470588235,10.869106753812636,87.4238779956427,0.1841830065359477,88,39,2.821350762527233
CONT_002,2026-09-10 17:52:12.493077,Tomato,6.38,66.06,0.51,ANOMALY,2026-09-10,17,3,Thursday,3.62,NORMAL,LOW,HIGH,3,MEDIUM,MEDIUM,11.068997050147493,20.03,-1.92,88.139203539823,100.0,61.48,0.18805309734513273,0.6,65,35,2.8997050147492627,10.869106753812636,87.4238779956427,0.1841830065359477,88,39,2.821350762527233
CONT_005,2026-09-10 17:52:14.497479,Avocado,9.9,89.87,0.2,NORMAL,2026-09-10,17,3,Thursday,0.09999999999999964,NORMAL,NORMAL,LOW,2,LOW,LOW,11.204625668449196,20.93,-1.87,87.44355614973261,100.0,60.03,0.18794117647058825,0.59,62,40,2.8181818181818183,9.129162895927601,88.95671945701358,0.19472850678733034,71,53,2.9524886877828056
CONT_005,2026-09-10 17:52:16.503215,Mango,11.54,88.6,0.11,NORMAL,2026-09-10,17,3,Thursday,1.5399999999999991,NORMAL,NORMAL,LOW,2,LOW,LOW,11.204625668449196,20.93,-1.87,87.44355614973261,100.0,60.03,0.18794117647058825,0.59,62,40,2.8181818181818183,11.575468085106383,86.43734042553191,0.19323404255319152,97,51,2.6893617021276595
CONT_001,2026-09-10 17:52:18.506061,Mango,10.37,85.82,0.17,NORMAL,2026-09-10,17,3,Thursday,0.3699999999999992,NORMAL,NORMAL,LOW,2,LOW,LOW,11.294,20.58,-1.98,87.60111764705883,100.0,60.11,0.19226470588235295,0.59,62,36,2.8941176470588235,11.575468085106383,86.43734042553191,0.19323404255319152,97,51,2.6893617021276595
CONT_001,2026-09-10 17:52:20.510251,Mango,12.28,85.45,0.14,NORMAL,2026-09-10,17,3,Thursday,2.2799999999999994,NORMAL,NORMAL,LOW,2,LOW,LOW,11.294,20.58,-1.98,87.60111764705883,100.0,60.11,0.19226470588235295,0.59,62,36,2.8941176470588235,11.575468085106383,86.43734042553191,0.19323404255319152,97,51,2.6893617021276595
CONT_003,2026-09-10 17:52:22.513258,Banana,13.69,90.16,0.17,NORMAL,2026-09-10,17,3,Thursday,3.6899999999999995,NORMAL,WARNING,LOW,3,MEDIUM,MEDIUM,11.193441734417345,19.75,-0.44,87.76967479674796,100.0,60.02,0.19691056910569105,0.59,82,37,2.934959349593496,13.473140096618359,88.16468599033817,0.1929951690821256,96,41,3.1594202898550723
CONT_005,2026-09-10 17:52:24.517491,Banana,13.47,89.07,0.08,NORMAL,2026-09-10,17,3,Thursday,3.4700000000000006,NORMAL,NORMAL,LOW,2,LOW,LOW,11.204625668449196,20.93,-1.87,87.44355614973261,100.0,60.03,0.18794117647058825,0.59,62,40,2.8181818181818183,13.473140096618359,88.16468599033817,0.1929951690821256,96,41,3.1594202898550723
CONT_002,2026-09-10 17:52:26.527799,Banana,13.81,89.68,0.18,NORMAL,2026-09-10,17,3,Thursday,3.8100000000000005,NORMAL,NORMAL,LOW,2,LOW,LOW,11.068997050147493,20.03,-1.92,88.139203539823,100.0,61.48,0.18805309734513273,0.6,65,35,2.8997050147492627,13.473140096618359,88.16468599033817,0.1929951690821256,96,41,3.1594202898550723
CONT_003,2026-09-10 17:52:28.537250,Banana,11.17,64.33,0.34,WARNING,2026-09-10,17,3,Thursday,1.17,NORMAL,LOW,MEDIUM,2,LOW,LOW,11.193441734417345,19.75,-0.44,87.76967479674796,100.0,60.02,0.19691056910569105,0.59,82,37,2.934959349593496,13.473140096618359,88.16468599033817,0.1929951690821256,96,41,3.1594202898550723
CONT_002,2026-09-10 17:52:30.905110,Avocado,12.85,94.94,0.1,NORMAL,2026-09-10,17,3,Thursday,2.8499999999999996,NORMAL,WARNING,LOW,3,MEDIUM,MEDIUM,11.068997050147493,20.03,-1.92,88.139203539823,100.0,61.48,0.18805309734513273,0.6,65,35,2.8997050147492627,9.129162895927601,88.95671945701358,0.19472850678733034,71,53,2.9524886877828056
CONT_004,2026-09-10 17:52:32.960976,Mango,17.92,65.92,0.37,ANOMALY,2026-09-10,17,3,Thursday,7.920000000000002,WARNING,LOW,MEDIUM,3,MEDIUM,MEDIUM,11.374931129476584,20.55,-1.66,87.65203856749311,100.0,60.25,0.19079889807162537,0.59,81,36,2.9421487603305785,11.575468085106383,86.43734042553191,0.19323404255319152,97,51,2.6893617021276595
CONT_001,2026-09-10 17:52:34.993788,Banana,13.18,91.3,0.12,NORMAL,2026-09-10,17,3,Thursday,3.1799999999999997,NORMAL,WARNING,LOW,3,MEDIUM,MEDIUM,11.294,20.58,-1.98,87.60111764705883,100.0,60.11,0.19226470588235295,0.59,62,36,2.8941176470588235,13.473140096618359,88.16468599033817,0.1929951690821256,96,41,3.1594202898550723
CONT_004,2026-09-10 17:52:36.996377,Avocado,10.13,91.85,0.06,NORMAL,2026-09-10,17,3,Thursday,0.13000000000000078,NORMAL,WARNING,LOW,3,MEDIUM,MEDIUM,11.374931129476584,20.55,-1.66,87.65203856749311,100.0,60.25,0.19079889807162537,0.59,81,36,2.9421487603305785,9.129162895927601,88.95671945701358,0.19472850678733034,71,53,2.9524886877828056
CONT_001,2026-09-10 17:52:39.002463,Avocado,12.45,90.24,0.19,NORMAL,2026-09-10,17,3,Thursday,2.4499999999999993,NORMAL,WARNING,LOW,3,MEDIUM,MEDIUM,11.294,20.58,-1.98,87.60111764705883,100.0,60.11,0.19226470588235295,0.59,62,36,2.8941176470588235,9.129162895927601,88.95671945701358,0.19472850678733034,71,53,2.9524886877828056
CONT_005,2026-09-10 17:52:41.006210,Mango,11.03,88.42,0.18,NORMAL,2026-09-10,17,3,Thursday,1.0299999999999994,NORMAL,NORMAL,LOW,2,LOW,LOW,11.204625668449196,20.93,-1.87,87.44355614973261,100.0,60.03,0.18794117647058825,0.59,62,40,2.8181818181818183,11.575468085106383,86.43734042553191,0.19323404255319152,97,51,2.6893617021276595
CONT_005,2026-09-10 17:52:43.009833,Tomato,11.13,86.16,0.12,NORMAL,2026-09-10,17,3,Thursday,1.1300000000000008,NORMAL,NORMAL,LOW,2,LOW,LOW,11.204625668449196,20.93,-1.87,87.44355614973261,100.0,60.03,0.18794117647058825,0.59,62,40,2.8181818181818183,10.869106753812636,87.4238779956427,0.1841830065359477,88,39,2.821350762527233
CONT_005,2026-09-10 17:52:45.012549,Mango,11.15,85.75,0.12,NORMAL,2026-09-10,17,3,Thursday,1.1500000000000004,NORMAL,NORMAL,LOW,2,LOW,LOW,11.204625668449196,20.93,-1.87,87.44355614973261,100.0,60.03,0.18794117647058825,0.59,62,40,2.8181818181818183,11.575468085106383,86.43734042553191,0.19323404255319152,97,51,2.6893617021276595
CONT_005,2026-09-10 17:52:47.015177,Tomato,11.23,88.71,0.16,NORMAL,2026-09-10,17,3,Thursday,1.2300000000000004,NORMAL,NORMAL,LOW,2,LOW,LOW,11.204625668449196,20.93,-1.87,87.44355614973261,100.0,60.03,0.18794117647058825,0.59,62,40,2.8181818181818183,10.869106753812636,87.4238779956427,0.1841830065359477,88,39,2.821350762527233
CONT_001,2026-09-10 17:52:49.020100,Avocado,12.66,94.98,0.17,NORMAL,2026-09-10,17,3,Thursday,2.66,NORMAL,WARNING,LOW,3,MEDIUM,MEDIUM,11.294,20.58,-1.98,87.60111764705883,100.0,60.11,0.19226470588235295,0.59,62,36,2.8941176470588235,9.129162895927601,88.95671945701358,0.19472850678733034,71,53,2.9524886877828056
CONT_004,2026-09-10 17:52:51.022603,Avocado,11.94,85.04,0.16,NORMAL,2026-09-10,17,3,Thursday,1.9399999999999995,NORMAL,NORMAL,LOW,2,LOW,LOW,11.374931129476584,20.55,-1.66,87.65203856749311,100.0,60.25,0.19079889807162537,0.59,81,36,2.9421487603305785,9.129162895927601,88.95671945701358,0.19472850678733034,71,53,2.9524886877828056
CONT_003,2026-09-10 17:52:53.025155,Mango,11.12,85.88,0.06,NORMAL,2026-09-10,17,3,Thursday,1.1199999999999992,NORMAL,NORMAL,LOW,2,LOW,LOW,11.193441734417345,19.75,-0.44,87.76967479674796,100.0,60.02,0.19691056910569105,0.59,82,37,2.934959349593496,11.575468085106383,86.43734042553191,0.19323404255319152,97,51,2.6893617021276595
CONT_001,2026-09-10 17:52:55.027379,Mango,4.33,69.2,0.41,ANOMALY,2026-09-10,17,3,Thursday,5.67,LOW,LOW,HIGH,2,LOW,LOW,11.294,20.58,-1.98,87.60111764705883,100.0,60.11,0.19226470588235295,0.59,62,36,2.8941176470588235,11.575468085106383,86.43734042553191,0.19323404255319152,97,51,2.6893617021276595
CONT_005,2026-09-10 17:52:57.066700,Avocado,7.95,93.14,0.18,NORMAL,2026-09-10,17,3,Thursday,2.05,NORMAL,WARNING,LOW,3,MEDIUM,MEDIUM,11.204625668449196,20.93,-1.87,87.44355614973261,100.0,60.03,0.18794117647058825,0.59,62,40,2.8181818181818183,9.129162895927601,88.95671945701358,0.19472850678733034,71,53,2.9524886877828056
CONT_005,2026-09-10 17:52:59.113567,Banana,13.02,90.07,0.12,NORMAL,2026-09-10,17,3,Thursday,3.0199999999999996,NORMAL,WARNING,LOW,3,MEDIUM,MEDIUM,11.204625668449196,20.93,-1.87,87.44355614973261,100.0,60.03,0.18794117647058825,0.59,62,40,2.8181818181818183,13.473140096618359,88.16468599033817,0.1929951690821256,96,41,3.1594202898550723
CONT_004,2026-09-10 17:53:01.120191,Tomato,10.84,92.44,0.2,NORMAL,2026-09-10,17,3,Thursday,0.8399999999999999,NORMAL,WARNING,LOW,3,MEDIUM,MEDIUM,11.374931129476584,20.55,-1.66,87.65203856749311,100.0,60.25,0.19079889807162537,0.59,81,36,2.9421487603305785,10.869106753812636,87.4238779956427,0.1841830065359477,88,39,2.821350762527233
CONT_002,2026-09-10 17:53:03.131341,Avocado,10.75,92.26,0.07,NORMAL,2026-09-10,17,3,Thursday,0.75,NORMAL,WARNING,LOW,3,MEDIUM,MEDIUM,11.068997050147493,20.03,-1.92,88.139203539823,100.0,61.48,0.18805309734513273,0.6,65,35,2.8997050147492627,9.129162895927601,88.95671945701358,0.19472850678733034,71,53,2.9524886877828056
CONT_002,2026-09-10 17:53:05.138040,Banana,13.41,89.04,0.16,NORMAL,2026-09-10,17,3,Thursday,3.41,NORMAL,NORMAL,LOW,2,LOW,LOW,11.068997050147493,20.03,-1.92,88.139203539823,100.0,61.48,0.18805309734513273,0.6,65,35,2.8997050147492627,13.473140096618359,88.16468599033817,0.1929951690821256,96,41,3.1594202898550723
CONT_004,2026-09-10 17:53:07.141326,Avocado,11.17,88.61,0.06,NORMAL,2026-09-10,17,3,Thursday,1.17,NORMAL,NORMAL,LOW,2,LOW,LOW,11.374931129476584,20.55,-1.66,87.65203856749311,100.0,60.25,0.19079889807162537,0.59,81,36,2.9421487603305785,9.129162895927601,88.95671945701358,0.19472850678733034,71,53,2.9524886877828056
CONT_001,2026-09-10 17:53:09.145458,Avocado,10.26,86.11,0.1,NORMAL,2026-09-10,17,3,Thursday,0.2599999999999998,NORMAL,NORMAL,LOW,2,LOW,LOW,11.294,20.58,-1.98,87.60111764705883,100.0,60.11,0.19226470588235295,0.59,62,36,2.8941176470588235,9.129162895927601,88.95671945701358,0.19472850678733034,71,53,2.9524886877828056
CONT_001,2026-09-10 17:53:11.148581,Avocado,6.3,92.49,0.19,NORMAL,2026-09-10,17,3,Thursday,3.7,NORMAL,WARNING,LOW,3,MEDIUM,MEDIUM,11.294,20.58,-1.98,87.60111764705883,100.0,60.11,0.19226470588235295,0.59,62,36,2.8941176470588235,9.129162895927601,88.95671945701358,0.19472850678733034,71,53,2.9524886877828056
CONT_003,2026-09-10 17:53:13.156901,Tomato,8.65,61.09,0.2,WARNING,2026-09-10,17,3,Thursday,1.3499999999999996,NORMAL,LOW,LOW,1,LOW,LOW,11.193441734417345,19.75,-0.44,87.76967479674796,100.0,60.02,0.19691056910569105,0.59,82,37,2.934959349593496,10.869106753812636,87.4238779956427,0.1841830065359477,88,39,2.821350762527233
CONT_001,2026-09-10 17:53:15.159583,Banana,16.4,70.75,0.28,WARNING,2026-09-10,17,3,Thursday,6.399999999999999,WARNING,NORMAL,MEDIUM,4,MEDIUM,MEDIUM,11.294,20.58,-1.98,87.60111764705883,100.0,60.11,0.19226470588235295,0.59,62,36,2.8941176470588235,13.473140096618359,88.16468599033817,0.1929951690821256,96,41,3.1594202898550723
CONT_001,2026-09-10 17:53:17.162779,Tomato,16.18,60.72,0.47,ANOMALY,2026-09-10,17,3,Thursday,6.18,WARNING,LOW,HIGH,4,MEDIUM,MEDIUM,11.294,20.58,-1.98,87.60111764705883,100.0,60.11,0.19226470588235295,0.59,62,36,2.8941176470588235,10.869106753812636,87.4238779956427,0.1841830065359477,88,39,2.821350762527233
CONT_004,2026-09-10 17:53:19.165240,Banana,13.25,93.75,0.08,NORMAL,2026-09-10,17,3,Thursday,3.25,NORMAL,WARNING,LOW,3,MEDIUM,MEDIUM,11.374931129476584,20.55,-1.66,87.65203856749311,100.0,60.25,0.19079889807162537,0.59,81,36,2.9421487603305785,13.473140096618359,88.16468599033817,0.1929951690821256,96,41,3.1594202898550723
CONT_003,2026-09-10 17:53:21.169991,Banana,15.92,100.0,0.2,WARNING,2026-09-10,17,3,Thursday,5.92,WARNING,CRITICAL,LOW,5,HIGH,HIGH,11.193441734417345,19.75,-0.44,87.76967479674796,100.0,60.02,0.19691056910569105,0.59,82,37,2.934959349593496,13.473140096618359,88.16468599033817,0.1929951690821256,96,41,3.1594202898550723
CONT_004,2026-09-10 17:53:23.172877,Banana,13.93,88.32,0.11,NORMAL,2026-09-10,17,3,Thursday,3.9299999999999997,NORMAL,NORMAL,LOW,2,LOW,LOW,11.374931129476584,20.55,-1.66,87.65203856749311,100.0,60.25,0.19079889807162537,0.59,81,36,2.9421487603305785,13.473140096618359,88.16468599033817,0.1929951690821256,96,41,3.1594202898550723
CONT_005,2026-09-10 17:53:25.175283,Tomato,11.35,91.41,0.09,NORMAL,2026-09-10,17,3,Thursday,1.3499999999999996,NORMAL,WARNING,LOW,3,MEDIUM,MEDIUM,11.204625668449196,20.93,-1.87,87.44355614973261,100.0,60.03,0.18794117647058825,0.59,62,40,2.8181818181818183,10.869106753812636,87.4238779956427,0.1841830065359477,88,39,2.821350762527233
CONT_005,2026-09-10 17:53:27.734089,Banana,10.32,64.29,0.26,WARNING,2026-09-10,17,3,Thursday,0.3200000000000003,NORMAL,LOW,MEDIUM,2,LOW,LOW,11.204625668449196,20.93,-1.87,87.44355614973261,100.0,60.03,0.18794117647058825,0.59,62,40,2.8181818181818183,13.473140096618359,88.16468599033817,0.1929951690821256,96,41,3.1594202898550723
CONT_004,2026-09-10 17:53:29.811301,Mango,5.24,100.0,0.48,ANOMALY,2026-09-10,17,3,Thursday,4.76,NORMAL,CRITICAL,HIGH,6,HIGH,HIGH,11.374931129476584,20.55,-1.66,87.65203856749311,100.0,60.25,0.19079889807162537,0.59,81,36,2.9421487603305785,11.575468085106383,86.43734042553191,0.19323404255319152,97,51,2.6893617021276595
CONT_005,2026-09-10 17:53:31.813540,Tomato,8.94,74.3,0.21,WARNING,2026-09-10,17,3,Thursday,1.0600000000000005,NORMAL,NORMAL,MEDIUM,3,MEDIUM,MEDIUM,11.204625668449196,20.93,-1.87,87.44355614973261,100.0,60.03,0.18794117647058825,0.59,62,40,2.8181818181818183,10.869106753812636,87.4238779956427,0.1841830065359477,88,39,2.821350762527233
CONT_004,2026-09-10 17:53:33.818224,Mango,12.8,87.1,0.12,NORMAL,2026-09-10,17,3,Thursday,2.8000000000000007,NORMAL,NORMAL,LOW,2,LOW,LOW,11.374931129476584,20.55,-1.66,87.65203856749311,100.0,60.25,0.19079889807162537,0.59,81,36,2.9421487603305785,11.575468085106383,86.43734042553191,0.19323404255319152,97,51,2.6893617021276595
CONT_004,2026-09-10 17:53:35.821513,Tomato,9.0,62.87,0.23,WARNING,2026-09-10,17,3,Thursday,1.0,NORMAL,LOW,MEDIUM,2,LOW,LOW,11.374931129476584,20.55,-1.66,87.65203856749311,100.0,60.25,0.19079889807162537,0.59,81,36,2.9421487603305785,10.869106753812636,87.4238779956427,0.1841830065359477,88,39,2.821350762527233
CONT_002,2026-09-10 17:53:37.823766,Banana,13.9,87.68,0.19,NORMAL,2026-09-10,17,3,Thursday,3.9000000000000004,NORMAL,NORMAL,LOW,2,LOW,LOW,11.068997050147493,20.03,-1.92,88.139203539823,100.0,61.48,0.18805309734513273,0.6,65,35,2.8997050147492627,13.473140096618359,88.16468599033817,0.1929951690821256,96,41,3.1594202898550723
CONT_002,2026-09-10 17:53:39.826148,Tomato,7.29,100.0,0.21,WARNING,2026-09-10,17,3,Thursday,2.71,NORMAL,CRITICAL,MEDIUM,5,HIGH,HIGH,11.068997050147493,20.03,-1.92,88.139203539823,100.0,61.48,0.18805309734513273,0.6,65,35,2.8997050147492627,10.869106753812636,87.4238779956427,0.1841830065359477,88,39,2.821350762527233
CONT_005,2026-09-10 17:53:41.829464,Mango,4.64,100.0,0.5,ANOMALY,2026-09-10,17,3,Thursday,5.36,LOW,CRITICAL,HIGH,5,HIGH,HIGH,11.204625668449196,20.93,-1.87,87.44355614973261,100.0,60.03,0.18794117647058825,0.59,62,40,2.8181818181818183,11.575468085106383,86.43734042553191,0.19323404255319152,97,51,2.6893617021276595
CONT_004,2026-09-10 17:53:43.832628,Tomato,10.26,92.38,0.11,NORMAL,2026-09-10,17,3,Thursday,0.2599999999999998,NORMAL,WARNING,LOW,3,MEDIUM,MEDIUM,11.374931129476584,20.55,-1.66,87.65203856749311,100.0,60.25,0.19079889807162537,0.59,81,36,2.9421487603305785,10.869106753812636,87.4238779956427,0.1841830065359477,88,39,2.821350762527233
CONT_003,2026-09-10 17:53:45.835821,Banana,13.39,88.37,0.06,NORMAL,2026-09-10,17,3,Thursday,3.3900000000000006,NORMAL,NORMAL,LOW,2,LOW,LOW,11.193441734417345,19.75,-0.44,87.76967479674796,100.0,60.02,0.19691056910569105,0.59,82,37,2.934959349593496,13.473140096618359,88.16468599033817,0.1929951690821256,96,41,3.1594202898550723
CONT_001,2026-09-10 17:53:47.839498,Banana,13.88,94.11,0.15,NORMAL,2026-09-10,17,3,Thursday,3.880000000000001,NORMAL,WARNING,LOW,3,MEDIUM,MEDIUM,11.294,20.58,-1.98,87.60111764705883,100.0,60.11,0.19226470588235295,0.59,62,36,2.8941176470588235,13.473140096618359,88.16468599033817,0.1929951690821256,96,41,3.1594202898550723
CONT_001,2026-09-10 17:53:49.842481,Mango,10.28,89.52,0.14,NORMAL,2026-09-10,17,3,Thursday,0.27999999999999936,NORMAL,NORMAL,LOW,2,LOW,LOW,11.294,20.58,-1.98,87.60111764705883,100.0,60.11,0.19226470588235295,0.59,62,36,2.8941176470588235,11.575468085106383,86.43734042553191,0.19323404255319152,97,51,2.6893617021276595
CONT_001,2026-09-10 17:53:51.845580,Mango,10.31,86.19,0.11,NORMAL,2026-09-10,17,3,Thursday,0.3100000000000005,NORMAL,NORMAL,LOW,2,LOW,LOW,11.294,20.58,-1.98,87.60111764705883,100.0,60.11,0.19226470588235295,0.59,62,36,2.8941176470588235,11.575468085106383,86.43734042553191,0.19323404255319152,97,51,2.6893617021276595
CONT_004,2026-09-10 17:53:53.848650,Banana,13.23,92.35,0.16,NORMAL,2026-09-10,17,3,Thursday,3.2300000000000004,NORMAL,WARNING,LOW,3,MEDIUM,MEDIUM,11.374931129476584,20.55,-1.66,87.65203856749311,100.0,60.25,0.19079889807162537,0.59,81,36,2.9421487603305785,13.473140096618359,88.16468599033817,0.1929951690821256,96,41,3.1594202898550723
CONT_002,2026-09-10 17:53:55.853549,Mango,12.72,86.98,0.16,NORMAL,2026-09-10,17,3,Thursday,2.7200000000000006,NORMAL,NORMAL,LOW,2,LOW,LOW,11.068997050147493,20.03,-1.92,88.139203539823,100.0,61.48,0.18805309734513273,0.6,65,35,2.8997050147492627,11.575468085106383,86.43734042553191,0.19323404255319152,97,51,2.6893617021276595
CONT_005,2026-09-10 17:53:57.855776,Banana,13.17,91.94,0.05,NORMAL,2026-09-10,17,3,Thursday,3.17,NORMAL,WARNING,LOW,3,MEDIUM,MEDIUM,11.204625668449196,20.93,-1.87,87.44355614973261,100.0,60.03,0.18794117647058825,0.59,62,40,2.8181818181818183,13.473140096618359,88.16468599033817,0.1929951690821256,96,41,3.1594202898550723
CONT_003,2026-09-10 17:53:59.859429,Mango,10.18,85.82,0.16,NORMAL,2026-09-10,17,3,Thursday,0.17999999999999972,NORMAL,NORMAL,LOW,2,LOW,LOW,11.193441734417345,19.75,-0.44,87.76967479674796,100.0,60.02,0.19691056910569105,0.59,82,37,2.934959349593496,11.575468085106383,86.43734042553191,0.19323404255319152,97,51,2.6893617021276595
CONT_005,2026-09-10 17:54:01.869255,Mango,19.15,100.0,0.4,ANOMALY,2026-09-10,17,3,Thursday,9.149999999999999,WARNING,CRITICAL,MEDIUM,6,HIGH,HIGH,11.204625668449196,20.93,-1.87,87.44355614973261,100.0,60.03,0.18794117647058825,0.59,62,40,2.8181818181818183,11.575468085106383,86.43734042553191,0.19323404255319152,97,51,2.6893617021276595
CONT_003,2026-09-10 17:54:03.884641,Avocado,6.31,93.21,0.1,NORMAL,2026-09-10,17,3,Thursday,3.6900000000000004,NORMAL,WARNING,LOW,3,MEDIUM,MEDIUM,11.193441734417345,19.75,-0.44,87.76967479674796,100.0,60.02,0.19691056910569105,0.59,82,37,2.934959349593496,9.129162895927601,88.95671945701358,0.19472850678733034,71,53,2.9524886877828056
CONT_003,2026-09-10 17:54:06.384116,Banana,13.14,91.13,0.11,NORMAL,2026-09-10,17,3,Thursday,3.1400000000000006,NORMAL,WARNING,LOW,3,MEDIUM,MEDIUM,11.193441734417345,19.75,-0.44,87.76967479674796,100.0,60.02,0.19691056910569105,0.59,82,37,2.934959349593496,13.473140096618359,88.16468599033817,0.1929951690821256,96,41,3.1594202898550723
CONT_003,2026-09-10 17:54:08.394373,Avocado,5.76,94.66,0.18,NORMAL,2026-09-10,17,3,Thursday,4.24,NORMAL,WARNING,LOW,3,MEDIUM,MEDIUM,11.193441734417345,19.75,-0.44,87.76967479674796,100.0,60.02,0.19691056910569105,0.59,82,37,2.934959349593496,9.129162895927601,88.95671945701358,0.19472850678733034,71,53,2.9524886877828056
CONT_001,2026-09-10 17:54:10.396846,Banana,16.29,100.0,0.23,WARNING,2026-09-10,17,3,Thursday,6.289999999999999,WARNING,CRITICAL,MEDIUM,6,HIGH,HIGH,11.294,20.58,-1.98,87.60111764705883,100.0,60.11,0.19226470588235295,0.59,62,36,2.8941176470588235,13.473140096618359,88.16468599033817,0.1929951690821256,96,41,3.1594202898550723
CONT_001,2026-09-10 17:54:12.407154,Banana,16.5,60.23,0.31,WARNING,2026-09-10,17,3,Thursday,6.5,WARNING,LOW,MEDIUM,3,MEDIUM,MEDIUM,11.294,20.58,-1.98,87.60111764705883,100.0,60.11,0.19226470588235295,0.59,62,36,2.8941176470588235,13.473140096618359,88.16468599033817,0.1929951690821256,96,41,3.1594202898550723
CONT_001,2026-09-10 17:54:14.412574,Tomato,10.63,89.61,0.17,NORMAL,2026-09-10,17,3,Thursday,0.6300000000000008,NORMAL,NORMAL,LOW,2,LOW,LOW,11.294,20.58,-1.98,87.60111764705883,100.0,60.11,0.19226470588235295,0.59,62,36,2.8941176470588235,10.869106753812636,87.4238779956427,0.1841830065359477,88,39,2.821350762527233
CONT_004,2026-09-10 17:54:16.432822,Banana,13.43,91.93,0.14,NORMAL,2026-09-10,17,3,Thursday,3.4299999999999997,NORMAL,WARNING,LOW,3,MEDIUM,MEDIUM,11.374931129476584,20.55,-1.66,87.65203856749311,100.0,60.25,0.19079889807162537,0.59,81,36,2.9421487603305785,13.473140096618359,88.16468599033817,0.1929951690821256,96,41,3.1594202898550723
CONT_004,2026-09-10 17:54:18.441835,Mango,10.03,85.69,0.06,NORMAL,2026-09-10,17,3,Thursday,0.02999999999999936,NORMAL,NORMAL,LOW,2,LOW,LOW,11.374931129476584,20.55,-1.66,87.65203856749311,100.0,60.25,0.19079889807162537,0.59,81,36,2.9421487603305785,11.575468085106383,86.43734042553191,0.19323404255319152,97,51,2.6893617021276595
CONT_005,2026-09-10 17:54:20.458482,Tomato,11.8,94.36,0.16,NORMAL,2026-09-10,17,3,Thursday,1.8000000000000007,NORMAL,WARNING,LOW,3,MEDIUM,MEDIUM,11.204625668449196,20.93,-1.87,87.44355614973261,100.0,60.03,0.18794117647058825,0.59,62,40,2.8181818181818183,10.869106753812636,87.4238779956427,0.1841830065359477,88,39,2.821350762527233
CONT_005,2026-09-10 17:54:23.043876,Tomato,10.93,85.15,0.18,NORMAL,2026-09-10,17,3,Thursday,0.9299999999999997,NORMAL,NORMAL,LOW,2,LOW,LOW,11.204625668449196,20.93,-1.87,87.44355614973261,100.0,60.03,0.18794117647058825,0.59,62,40,2.8181818181818183,10.869106753812636,87.4238779956427,0.1841830065359477,88,39,2.821350762527233
CONT_003,2026-09-10 17:54:25.205153,Avocado,5.76,85.37,0.18,NORMAL,2026-09-10,17,3,Thursday,4.24,NORMAL,NORMAL,LOW,2,LOW,LOW,11.193441734417345,19.75,-0.44,87.76967479674796,100.0,60.02,0.19691056910569105,0.59,82,37,2.934959349593496,9.129162895927601,88.95671945701358,0.19472850678733034,71,53,2.9524886877828056
CONT_005,2026-09-10 17:54:27.208804,Tomato,16.94,67.42,0.39,ANOMALY,2026-09-10,17,3,Thursday,6.940000000000001,WARNING,LOW,MEDIUM,3,MEDIUM,MEDIUM,11.204625668449196,20.93,-1.87,87.44355614973261,100.0,60.03,0.18794117647058825,0.59,62,40,2.8181818181818183,10.869106753812636,87.4238779956427,0.1841830065359477,88,39,2.821350762527233
CONT_002,2026-09-10 17:54:29.211842,Avocado,8.99,88.54,0.12,NORMAL,2026-09-10,17,3,Thursday,1.0099999999999998,NORMAL,NORMAL,LOW,2,LOW,LOW,11.068997050147493,20.03,-1.92,88.139203539823,100.0,61.48,0.18805309734513273,0.6,65,35,2.8997050147492627,9.129162895927601,88.95671945701358,0.19472850678733034,71,53,2.9524886877828056
CONT_003,2026-09-10 17:54:31.218125,Tomato,10.2,86.76,0.07,NORMAL,2026-09-10,17,3,Thursday,0.1999999999999993,NORMAL,NORMAL,LOW,2,LOW,LOW,11.193441734417345,19.75,-0.44,87.76967479674796,100.0,60.02,0.19691056910569105,0.59,82,37,2.934959349593496,10.869106753812636,87.4238779956427,0.1841830065359477,88,39,2.821350762527233
CONT_002,2026-09-10 17:54:33.223064,Mango,10.81,87.72,0.11,NORMAL,2026-09-10,17,3,Thursday,0.8100000000000005,NORMAL,NORMAL,LOW,2,LOW,LOW,11.068997050147493,20.03,-1.92,88.139203539823,100.0,61.48,0.18805309734513273,0.6,65,35,2.8997050147492627,11.575468085106383,86.43734042553191,0.19323404255319152,97,51,2.6893617021276595
CONT_002,2026-09-10 17:54:35.227061,Avocado,8.08,89.28,0.18,NORMAL,2026-09-10,17,3,Thursday,1.92,NORMAL,NORMAL,LOW,2,LOW,LOW,11.068997050147493,20.03,-1.92,88.139203539823,100.0,61.48,0.18805309734513273,0.6,65,35,2.8997050147492627,9.129162895927601,88.95671945701358,0.19472850678733034,71,53,2.9524886877828056
CONT_004,2026-09-10 17:54:37.235824,Mango,11.77,87.33,0.09,NORMAL,2026-09-10,17,3,Thursday,1.7699999999999996,NORMAL,NORMAL,LOW,2,LOW,LOW,11.374931129476584,20.55,-1.66,87.65203856749311,100.0,60.25,0.19079889807162537,0.59,81,36,2.9421487603305785,11.575468085106383,86.43734042553191,0.19323404255319152,97,51,2.6893617021276595
CONT_005,2026-09-10 17:54:39.251370,Tomato,11.16,87.8,0.06,NORMAL,2026-09-10,17,3,Thursday,1.1600000000000001,NORMAL,NORMAL,LOW,2,LOW,LOW,11.204625668449196,20.93,-1.87,87.44355614973261,100.0,60.03,0.18794117647058825,0.59,62,40,2.8181818181818183,10.869106753812636,87.4238779956427,0.1841830065359477,88,39,2.821350762527233
CONT_001,2026-09-10 17:54:41.261548,Mango,12.06,86.31,0.06,NORMAL,2026-09-10,17,3,Thursday,2.0600000000000005,NORMAL,NORMAL,LOW,2,LOW,LOW,11.294,20.58,-1.98,87.60111764705883,100.0,60.11,0.19226470588235295,0.59,62,36,2.8941176470588235,11.575468085106383,86.43734042553191,0.19323404255319152,97,51,2.6893617021276595
CONT_001,2026-09-10 17:54:43.273912,Mango,11.36,89.33,0.07,NORMAL,2026-09-10,17,3,Thursday,1.3599999999999994,NORMAL,NORMAL,LOW,2,LOW,LOW,11.294,20.58,-1.98,87.60111764705883,100.0,60.11,0.19226470588235295,0.59,62,36,2.8941176470588235,11.575468085106383,86.43734042553191,0.19323404255319152,97,51,2.6893617021276595
CONT_002,2026-09-10 17:54:45.279805,Tomato,11.12,92.13,0.07,NORMAL,2026-09-10,17,3,Thursday,1.1199999999999992,NORMAL,WARNING,LOW,3,MEDIUM,MEDIUM,11.068997050147493,20.03,-1.92,88.139203539823,100.0,61.48,0.18805309734513273,0.6,65,35,2.8997050147492627,10.869106753812636,87.4238779956427,0.1841830065359477,88,39,2.821350762527233
CONT_003,2026-09-10 17:54:47.286753,Banana,13.06,89.95,0.1,NORMAL,2026-09-10,17,3,Thursday,3.0600000000000005,NORMAL,NORMAL,LOW,2,LOW,LOW,11.193441734417345,19.75,-0.44,87.76967479674796,100.0,60.02,0.19691056910569105,0.59,82,37,2.934959349593496,13.473140096618359,88.16468599033817,0.1929951690821256,96,41,3.1594202898550723
CONT_004,2026-09-10 17:54:49.290600,Tomato,11.56,93.14,0.16,NORMAL,2026-09-10,17,3,Thursday,1.5600000000000005,NORMAL,WARNING,LOW,3,MEDIUM,MEDIUM,11.374931129476584,20.55,-1.66,87.65203856749311,100.0,60.25,0.19079889807162537,0.59,81,36,2.9421487603305785,10.869106753812636,87.4238779956427,0.1841830065359477,88,39,2.821350762527233
CONT_004,2026-09-10 17:54:51.293347,Tomato,10.75,87.98,0.08,NORMAL,2026-09-10,17,3,Thursday,0.75,NORMAL,NORMAL,LOW,2,LOW,LOW,11.374931129476584,20.55,-1.66,87.65203856749311,100.0,60.25,0.19079889807162537,0.59,81,36,2.9421487603305785,10.869106753812636,87.4238779956427,0.1841830065359477,88,39,2.821350762527233
CONT_001,2026-09-10 17:54:53.296558,Mango,11.99,87.96,0.15,NORMAL,2026-09-10,17,3,Thursday,1.9900000000000002,NORMAL,NORMAL,LOW,2,LOW,LOW,11.294,20.58,-1.98,87.60111764705883,100.0,60.11,0.19226470588235295,0.59,62,36,2.8941176470588235,11.575468085106383,86.43734042553191,0.19323404255319152,97,51,2.6893617021276595
CONT_004,2026-09-10 17:54:55.301253,Mango,11.7,86.17,0.18,NORMAL,2026-09-10,17,3,Thursday,1.6999999999999993,NORMAL,NORMAL,LOW,2,LOW,LOW,11.374931129476584,20.55,-1.66,87.65203856749311,100.0,60.25,0.19079889807162537,0.59,81,36,2.9421487603305785,11.575468085106383,86.43734042553191,0.19323404255319152,97,51,2.6893617021276595
CONT_003,2026-09-10 17:54:57.303433,Avocado,15.75,100.0,0.3,WARNING,2026-09-10,17,3,Thursday,5.75,WARNING,CRITICAL,MEDIUM,6,HIGH,HIGH,11.193441734417345,19.75,-0.44,87.76967479674796,100.0,60.02,0.19691056910569105,0.59,82,37,2.934959349593496,9.129162895927601,88.95671945701358,0.19472850678733034,71,53,2.9524886877828056
CONT_002,2026-09-10 17:54:59.305386,Tomato,10.71,89.89,0.08,NORMAL,2026-09-10,17,3,Thursday,0.7100000000000009,NORMAL,NORMAL,LOW,2,LOW,LOW,11.068997050147493,20.03,-1.92,88.139203539823,100.0,61.48,0.18805309734513273,0.6,65,35,2.8997050147492627,10.869106753812636,87.4238779956427,0.1841830065359477,88,39,2.821350762527233
CONT_005,2026-09-10 17:55:01.307882,Banana,13.32,94.05,0.17,NORMAL,2026-09-10,17,3,Thursday,3.3200000000000003,NORMAL,WARNING,LOW,3,MEDIUM,MEDIUM,11.204625668449196,20.93,-1.87,87.44355614973261,100.0,60.03,0.18794117647058825,0.59,62,40,2.8181818181818183,13.473140096618359,88.16468599033817,0.1929951690821256,96,41,3.1594202898550723
CONT_005,2026-09-10 17:55:03.310455,Tomato,11.09,88.2,0.14,NORMAL,2026-09-10,17,3,Thursday,1.0899999999999999,NORMAL,NORMAL,LOW,2,LOW,LOW,11.204625668449196,20.93,-1.87,87.44355614973261,100.0,60.03,0.18794117647058825,0.59,62,40,2.8181818181818183,10.869106753812636,87.4238779956427,0.1841830065359477,88,39,2.821350762527233
CONT_005,2026-09-10 17:55:05.313468,Mango,10.39,87.61,0.19,NORMAL,2026-09-10,17,3,Thursday,0.39000000000000057,NORMAL,NORMAL,LOW,2,LOW,LOW,11.204625668449196,20.93,-1.87,87.44355614973261,100.0,60.03,0.18794117647058825,0.59,62,40,2.8181818181818183,11.575468085106383,86.43734042553191,0.19323404255319152,97,51,2.6893617021276595
CONT_003,2026-09-10 17:55:07.319951,Banana,16.37,66.16,0.27,WARNING,2026-09-10,17,3,Thursday,6.370000000000001,WARNING,LOW,MEDIUM,3,MEDIUM,MEDIUM,11.193441734417345,19.75,-0.44,87.76967479674796,100.0,60.02,0.19691056910569105,0.59,82,37,2.934959349593496,13.473140096618359,88.16468599033817,0.1929951690821256,96,41,3.1594202898550723
CONT_001,2026-09-10 17:55:09.328621,Tomato,11.26,86.84,0.08,NORMAL,2026-09-10,17,3,Thursday,1.2599999999999998,NORMAL,NORMAL,LOW,2,LOW,LOW,11.294,20.58,-1.98,87.60111764705883,100.0,60.11,0.19226470588235295,0.59,62,36,2.8941176470588235,10.869106753812636,87.4238779956427,0.1841830065359477,88,39,2.821350762527233
CONT_005,2026-09-10 17:55:11.344576,Avocado,-1.87,100.0,0.54,ANOMALY,2026-09-10,17,3,Thursday,11.870000000000001,LOW,CRITICAL,HIGH,5,HIGH,HIGH,11.204625668449196,20.93,-1.87,87.44355614973261,100.0,60.03,0.18794117647058825,0.59,62,40,2.8181818181818183,9.129162895927601,88.95671945701358,0.19472850678733034,71,53,2.9524886877828056
CONT_005,2026-09-10 17:55:13.352664,Avocado,2.38,60.03,0.31,WARNING,2026-09-10,17,3,Thursday,7.62,LOW,LOW,MEDIUM,1,LOW,LOW,11.204625668449196,20.93,-1.87,87.44355614973261,100.0,60.03,0.18794117647058825,0.59,62,40,2.8181818181818183,9.129162895927601,88.95671945701358,0.19472850678733034,71,53,2.9524886877828056
CONT_005,2026-09-10 17:55:15.356992,Mango,12.94,89.41,0.16,NORMAL,2026-09-10,17,3,Thursday,2.9399999999999995,NORMAL,NORMAL,LOW,2,LOW,LOW,11.204625668449196,20.93,-1.87,87.44355614973261,100.0,60.03,0.18794117647058825,0.59,62,40,2.8181818181818183,11.575468085106383,86.43734042553191,0.19323404255319152,97,51,2.6893617021276595
CONT_003,2026-09-10 17:55:17.361651,Banana,13.12,87.82,0.19,NORMAL,2026-09-10,17,3,Thursday,3.119999999999999,NORMAL,NORMAL,LOW,2,LOW,LOW,11.193441734417345,19.75,-0.44,87.76967479674796,100.0,60.02,0.19691056910569105,0.59,82,37,2.934959349593496,13.473140096618359,88.16468599033817,0.1929951690821256,96,41,3.1594202898550723
CONT_005,2026-09-10 17:55:19.366465,Banana,15.58,62.07,0.27,WARNING,2026-09-10,17,3,Thursday,5.58,WARNING,LOW,MEDIUM,3,MEDIUM,MEDIUM,11.204625668449196,20.93,-1.87,87.44355614973261,100.0,60.03,0.18794117647058825,0.59,62,40,2.8181818181818183,13.473140096618359,88.16468599033817,0.1929951690821256,96,41,3.1594202898550723
CONT_002,2026-09-10 17:55:21.391597,Mango,10.91,88.14,0.17,NORMAL,2026-09-10,17,3,Thursday,0.9100000000000001,NORMAL,NORMAL,LOW,2,LOW,LOW,11.068997050147493,20.03,-1.92,88.139203539823,100.0,61.48,0.18805309734513273,0.6,65,35,2.8997050147492627,11.575468085106383,86.43734042553191,0.19323404255319152,97,51,2.6893617021276595
CONT_004,2026-09-10 17:55:23.408059,Banana,13.93,85.99,0.14,NORMAL,2026-09-10,17,3,Thursday,3.9299999999999997,NORMAL,NORMAL,LOW,2,LOW,LOW,11.374931129476584,20.55,-1.66,87.65203856749311,100.0,60.25,0.19079889807162537,0.59,81,36,2.9421487603305785,13.473140096618359,88.16468599033817,0.1929951690821256,96,41,3.1594202898550723
CONT_005,2026-09-10 17:55:25.411275,Tomato,11.82,93.78,0.13,NORMAL,2026-09-10,17,3,Thursday,1.8200000000000003,NORMAL,WARNING,LOW,3,MEDIUM,MEDIUM,11.204625668449196,20.93,-1.87,87.44355614973261,100.0,60.03,0.18794117647058825,0.59,62,40,2.8181818181818183,10.869106753812636,87.4238779956427,0.1841830065359477,88,39,2.821350762527233
CONT_003,2026-09-10 17:55:27.418156,Mango,10.69,86.68,0.12,NORMAL,2026-09-10,17,3,Thursday,0.6899999999999995,NORMAL,NORMAL,LOW,2,LOW,LOW,11.193441734417345,19.75,-0.44,87.76967479674796,100.0,60.02,0.19691056910569105,0.59,82,37,2.934959349593496,11.575468085106383,86.43734042553191,0.19323404255319152,97,51,2.6893617021276595
CONT_003,2026-09-10 17:55:29.423576,Banana,13.76,94.97,0.11,NORMAL,2026-09-10,17,3,Thursday,3.76,NORMAL,WARNING,LOW,3,MEDIUM,MEDIUM,11.193441734417345,19.75,-0.44,87.76967479674796,100.0,60.02,0.19691056910569105,0.59,82,37,2.934959349593496,13.473140096618359,88.16468599033817,0.1929951690821256,96,41,3.1594202898550723
CONT_001,2026-09-10 17:55:31.427084,Avocado,10.32,90.76,0.1,NORMAL,2026-09-10,17,3,Thursday,0.3200000000000003,NORMAL,WARNING,LOW,3,MEDIUM,MEDIUM,11.294,20.58,-1.98,87.60111764705883,100.0,60.11,0.19226470588235295,0.59,62,36,2.8941176470588235,9.129162895927601,88.95671945701358,0.19472850678733034,71,53,2.9524886877828056
CONT_003,2026-09-10 17:55:33.454689,Tomato,10.77,88.15,0.17,NORMAL,2026-09-10,17,3,Thursday,0.7699999999999996,NORMAL,NORMAL,LOW,2,LOW,LOW,11.193441734417345,19.75,-0.44,87.76967479674796,100.0,60.02,0.19691056910569105,0.59,82,37,2.934959349593496,10.869106753812636,87.4238779956427,0.1841830065359477,88,39,2.821350762527233
CONT_005,2026-09-10 17:55:35.476424,Mango,12.74,87.62,0.06,NORMAL,2026-09-10,17,3,Thursday,2.74,NORMAL,NORMAL,LOW,2,LOW,LOW,11.204625668449196,20.93,-1.87,87.44355614973261,100.0,60.03,0.18794117647058825,0.59,62,40,2.8181818181818183,11.575468085106383,86.43734042553191,0.19323404255319152,97,51,2.6893617021276595
CONT_001,2026-09-10 17:55:37.488451,Tomato,11.45,86.08,0.19,NORMAL,2026-09-10,17,3,Thursday,1.4499999999999993,NORMAL,NORMAL,LOW,2,LOW,LOW,11.294,20.58,-1.98,87.60111764705883,100.0,60.11,0.19226470588235295,0.59,62,36,2.8941176470588235,10.869106753812636,87.4238779956427,0.1841830065359477,88,39,2.821350762527233
CONT_002,2026-09-10 17:55:39.492477,Tomato,11.19,90.91,0.07,NORMAL,2026-09-10,17,3,Thursday,1.1899999999999995,NORMAL,WARNING,LOW,3,MEDIUM,MEDIUM,11.068997050147493,20.03,-1.92,88.139203539823,100.0,61.48,0.18805309734513273,0.6,65,35,2.8997050147492627,10.869106753812636,87.4238779956427,0.1841830065359477,88,39,2.821350762527233
CONT_005,2026-09-10 17:55:41.673497,Tomato,11.97,90.37,0.11,NORMAL,2026-09-10,17,3,Thursday,1.9700000000000006,NORMAL,WARNING,LOW,3,MEDIUM,MEDIUM,11.204625668449196,20.93,-1.87,87.44355614973261,100.0,60.03,0.18794117647058825,0.59,62,40,2.8181818181818183,10.869106753812636,87.4238779956427,0.1841830065359477,88,39,2.821350762527233
CONT_004,2026-09-10 17:55:43.681273,Mango,15.35,100.0,0.31,WARNING,2026-09-10,17,3,Thursday,5.35,WARNING,CRITICAL,MEDIUM,6,HIGH,HIGH,11.374931129476584,20.55,-1.66,87.65203856749311,100.0,60.25,0.19079889807162537,0.59,81,36,2.9421487603305785,11.575468085106383,86.43734042553191,0.19323404255319152,97,51,2.6893617021276595
CONT_005,2026-09-10 17:55:45.686698,Mango,8.78,72.38,0.2,WARNING,2026-09-10,17,3,Thursday,1.2200000000000006,NORMAL,NORMAL,LOW,2,LOW,LOW,11.204625668449196,20.93,-1.87,87.44355614973261,100.0,60.03,0.18794117647058825,0.59,62,40,2.8181818181818183,11.575468085106383,86.43734042553191,0.19323404255319152,97,51,2.6893617021276595
CONT_001,2026-09-10 17:55:47.691495,Avocado,19.96,100.0,0.52,ANOMALY,2026-09-10,17,3,Thursday,9.96,WARNING,CRITICAL,HIGH,7,CRITICAL,CRITICAL,11.294,20.58,-1.98,87.60111764705883,100.0,60.11,0.19226470588235295,0.59,62,36,2.8941176470588235,9.129162895927601,88.95671945701358,0.19472850678733034,71,53,2.9524886877828056
CONT_005,2026-09-10 17:55:49.698931,Tomato,10.38,88.17,0.19,NORMAL,2026-09-10,17,3,Thursday,0.3800000000000008,NORMAL,NORMAL,LOW,2,LOW,LOW,11.204625668449196,20.93,-1.87,87.44355614973261,100.0,60.03,0.18794117647058825,0.59,62,40,2.8181818181818183,10.869106753812636,87.4238779956427,0.1841830065359477,88,39,2.821350762527233
CONT_001,2026-09-10 17:55:51.705013,Banana,13.37,86.36,0.09,NORMAL,2026-09-10,17,3,Thursday,3.369999999999999,NORMAL,NORMAL,LOW,2,LOW,LOW,11.294,20.58,-1.98,87.60111764705883,100.0,60.11,0.19226470588235295,0.59,62,36,2.8941176470588235,13.473140096618359,88.16468599033817,0.1929951690821256,96,41,3.1594202898550723
CONT_005,2026-09-10 17:55:53.708629,Mango,12.64,87.94,0.12,NORMAL,2026-09-10,17,3,Thursday,2.6400000000000006,NORMAL,NORMAL,LOW,2,LOW,LOW,11.204625668449196,20.93,-1.87,87.44355614973261,100.0,60.03,0.18794117647058825,0.59,62,40,2.8181818181818183,11.575468085106383,86.43734042553191,0.19323404255319152,97,51,2.6893617021276595
CONT_003,2026-09-10 17:55:55.712034,Mango,7.95,100.0,0.33,WARNING,2026-09-10,17,3,Thursday,2.05,NORMAL,CRITICAL,MEDIUM,5,HIGH,HIGH,11.193441734417345,19.75,-0.44,87.76967479674796,100.0,60.02,0.19691056910569105,0.59,82,37,2.934959349593496,11.575468085106383,86.43734042553191,0.19323404255319152,97,51,2.6893617021276595
CONT_004,2026-09-10 17:55:57.718383,Avocado,8.45,94.57,0.15,NORMAL,2026-09-10,17,3,Thursday,1.5500000000000007,NORMAL,WARNING,LOW,3,MEDIUM,MEDIUM,11.374931129476584,20.55,-1.66,87.65203856749311,100.0,60.25,0.19079889807162537,0.59,81,36,2.9421487603305785,9.129162895927601,88.95671945701358,0.19472850678733034,71,53,2.9524886877828056
CONT_005,2026-09-10 17:55:59.722632,Banana,13.58,92.34,0.12,NORMAL,2026-09-10,17,3,Thursday,3.58,NORMAL,WARNING,LOW,3,MEDIUM,MEDIUM,11.204625668449196,20.93,-1.87,87.44355614973261,100.0,60.03,0.18794117647058825,0.59,62,40,2.8181818181818183,13.473140096618359,88.16468599033817,0.1929951690821256,96,41,3.1594202898550723
CONT_001,2026-09-10 17:56:01.726967,Avocado,1.41,100.0,0.58,ANOMALY,2026-09-10,17,3,Thursday,8.59,LOW,CRITICAL,HIGH,5,HIGH,HIGH,11.294,20.58,-1.98,87.60111764705883,100.0,60.11,0.19226470588235295,0.59,62,36,2.8941176470588235,9.129162895927601,88.95671945701358,0.19472850678733034,71,53,2.9524886877828056
CONT_005,2026-09-10 17:56:03.733960,Tomato,17.45,60.58,0.5,ANOMALY,2026-09-10,17,3,Thursday,7.449999999999999,WARNING,LOW,HIGH,4,MEDIUM,MEDIUM,11.204625668449196,20.93,-1.87,87.44355614973261,100.0,60.03,0.18794117647058825,0.59,62,40,2.8181818181818183,10.869106753812636,87.4238779956427,0.1841830065359477,88,39,2.821350762527233
CONT_005,2026-09-10 17:56:05.737751,Mango,11.76,89.76,0.07,NORMAL,2026-09-10,17,3,Thursday,1.7599999999999998,NORMAL,NORMAL,LOW,2,LOW,LOW,11.204625668449196,20.93,-1.87,87.44355614973261,100.0,60.03,0.18794117647058825,0.59,62,40,2.8181818181818183,11.575468085106383,86.43734042553191,0.19323404255319152,97,51,2.6893617021276595
CONT_005,2026-09-10 17:56:07.742278,Mango,10.17,87.13,0.17,NORMAL,2026-09-10,17,3,Thursday,0.16999999999999993,NORMAL,NORMAL,LOW,2,LOW,LOW,11.204625668449196,20.93,-1.87,87.44355614973261,100.0,60.03,0.18794117647058825,0.59,62,40,2.8181818181818183,11.575468085106383,86.43734042553191,0.19323404255319152,97,51,2.6893617021276595
CONT_002,2026-09-10 17:56:09.769764,Avocado,5.05,90.45,0.15,NORMAL,2026-09-10,17,3,Thursday,4.95,NORMAL,WARNING,LOW,3,MEDIUM,MEDIUM,11.068997050147493,20.03,-1.92,88.139203539823,100.0,61.48,0.18805309734513273,0.6,65,35,2.8997050147492627,9.129162895927601,88.95671945701358,0.19472850678733034,71,53,2.9524886877828056
CONT_002,2026-09-10 17:56:11.776242,Tomato,11.25,90.25,0.06,NORMAL,2026-09-10,17,3,Thursday,1.25,NORMAL,WARNING,LOW,3,MEDIUM,MEDIUM,11.068997050147493,20.03,-1.92,88.139203539823,100.0,61.48,0.18805309734513273,0.6,65,35,2.8997050147492627,10.869106753812636,87.4238779956427,0.1841830065359477,88,39,2.821350762527233
CONT_003,2026-09-10 17:56:13.780701,Tomato,11.66,89.22,0.12,NORMAL,2026-09-10,17,3,Thursday,1.6600000000000001,NORMAL,NORMAL,LOW,2,LOW,LOW,11.193441734417345,19.75,-0.44,87.76967479674796,100.0,60.02,0.19691056910569105,0.59,82,37,2.934959349593496,10.869106753812636,87.4238779956427,0.1841830065359477,88,39,2.821350762527233
CONT_005,2026-09-10 17:56:15.785097,Banana,13.84,93.61,0.17,NORMAL,2026-09-10,17,3,Thursday,3.84,NORMAL,WARNING,LOW,3,MEDIUM,MEDIUM,11.204625668449196,20.93,-1.87,87.44355614973261,100.0,60.03,0.18794117647058825,0.59,62,40,2.8181818181818183,13.473140096618359,88.16468599033817,0.1929951690821256,96,41,3.1594202898550723
CONT_003,2026-09-10 17:56:17.789708,Avocado,11.64,89.35,0.19,NORMAL,2026-09-10,17,3,Thursday,1.6400000000000006,NORMAL,NORMAL,LOW,2,LOW,LOW,11.193441734417345,19.75,-0.44,87.76967479674796,100.0,60.02,0.19691056910569105,0.59,82,37,2.934959349593496,9.129162895927601,88.95671945701358,0.19472850678733034,71,53,2.9524886877828056
CONT_003,2026-09-10 17:56:19.792245,Banana,13.5,89.25,0.14,NORMAL,2026-09-10,17,3,Thursday,3.5,NORMAL,NORMAL,LOW,2,LOW,LOW,11.193441734417345,19.75,-0.44,87.76967479674796,100.0,60.02,0.19691056910569105,0.59,82,37,2.934959349593496,13.473140096618359,88.16468599033817,0.1929951690821256,96,41,3.1594202898550723
CONT_001,2026-09-10 17:56:21.795233,Mango,11.15,86.54,0.12,NORMAL,2026-09-10,17,3,Thursday,1.1500000000000004,NORMAL,NORMAL,LOW,2,LOW,LOW,11.294,20.58,-1.98,87.60111764705883,100.0,60.11,0.19226470588235295,0.59,62,36,2.8941176470588235,11.575468085106383,86.43734042553191,0.19323404255319152,97,51,2.6893617021276595
CONT_004,2026-09-10 17:56:23.801479,Tomato,14.68,100.0,0.21,WARNING,2026-09-10,17,3,Thursday,4.68,NORMAL,CRITICAL,MEDIUM,5,HIGH,HIGH,11.374931129476584,20.55,-1.66,87.65203856749311,100.0,60.25,0.19079889807162537,0.59,81,36,2.9421487603305785,10.869106753812636,87.4238779956427,0.1841830065359477,88,39,2.821350762527233
CONT_002,2026-09-10 17:56:25.806191,Tomato,10.45,91.3,0.15,NORMAL,2026-09-10,17,3,Thursday,0.4499999999999993,NORMAL,WARNING,LOW,3,MEDIUM,MEDIUM,11.068997050147493,20.03,-1.92,88.139203539823,100.0,61.48,0.18805309734513273,0.6,65,35,2.8997050147492627,10.869106753812636,87.4238779956427,0.1841830065359477,88,39,2.821350762527233
CONT_003,2026-09-10 17:56:27.810079,Banana,14.0,92.28,0.12,NORMAL,2026-09-10,17,3,Thursday,4.0,NORMAL,WARNING,LOW,3,MEDIUM,MEDIUM,11.193441734417345,19.75,-0.44,87.76967479674796,100.0,60.02,0.19691056910569105,0.59,82,37,2.934959349593496,13.473140096618359,88.16468599033817,0.1929951690821256,96,41,3.1594202898550723
CONT_001,2026-09-10 17:56:29.872367,Avocado,18.94,100.0,0.54,ANOMALY,2026-09-10,17,3,Thursday,8.940000000000001,WARNING,CRITICAL,HIGH,7,CRITICAL,CRITICAL,11.294,20.58,-1.98,87.60111764705883,100.0,60.11,0.19226470588235295,0.59,62,36,2.8941176470588235,9.129162895927601,88.95671945701358,0.19472850678733034,71,53,2.9524886877828056
CONT_005,2026-09-10 17:56:31.881399,Avocado,15.72,100.0,0.32,WARNING,2026-09-10,17,3,Thursday,5.720000000000001,WARNING,CRITICAL,MEDIUM,6,HIGH,HIGH,11.204625668449196,20.93,-1.87,87.44355614973261,100.0,60.03,0.18794117647058825,0.59,62,40,2.8181818181818183,9.129162895927601,88.95671945701358,0.19472850678733034,71,53,2.9524886877828056
CONT_003,2026-09-10 17:56:33.885104,Mango,8.64,60.08,0.28,WARNING,2026-09-10,17,3,Thursday,1.3599999999999994,NORMAL,LOW,MEDIUM,2,LOW,LOW,11.193441734417345,19.75,-0.44,87.76967479674796,100.0,60.02,0.19691056910569105,0.59,82,37,2.934959349593496,11.575468085106383,86.43734042553191,0.19323404255319152,97,51,2.6893617021276595
CONT_002,2026-09-10 17:56:35.953575,Mango,12.14,88.82,0.08,NORMAL,2026-09-10,17,3,Thursday,2.1400000000000006,NORMAL,NORMAL,LOW,2,LOW,LOW,11.068997050147493,20.03,-1.92,88.139203539823,100.0,61.48,0.18805309734513273,0.6,65,35,2.8997050147492627,11.575468085106383,86.43734042553191,0.19323404255319152,97,51,2.6893617021276595
CONT_004,2026-09-10 17:56:37.972673,Avocado,8.25,93.84,0.17,NORMAL,2026-09-10,17,3,Thursday,1.75,NORMAL,WARNING,LOW,3,MEDIUM,MEDIUM,11.374931129476584,20.55,-1.66,87.65203856749311,100.0,60.25,0.19079889807162537,0.59,81,36,2.9421487603305785,9.129162895927601,88.95671945701358,0.19472850678733034,71,53,2.9524886877828056
CONT_001,2026-09-10 17:56:39.975527,Banana,13.24,91.8,0.13,NORMAL,2026-09-10,17,3,Thursday,3.24,NORMAL,WARNING,LOW,3,MEDIUM,MEDIUM,11.294,20.58,-1.98,87.60111764705883,100.0,60.11,0.19226470588235295,0.59,62,36,2.8941176470588235,13.473140096618359,88.16468599033817,0.1929951690821256,96,41,3.1594202898550723
CONT_003,2026-09-10 17:56:41.982278,Mango,14.14,100.0,0.24,WARNING,2026-09-10,17,3,Thursday,4.140000000000001,NORMAL,CRITICAL,MEDIUM,5,HIGH,HIGH,11.193441734417345,19.75,-0.44,87.76967479674796,100.0,60.02,0.19691056910569105,0.59,82,37,2.934959349593496,11.575468085106383,86.43734042553191,0.19323404255319152,97,51,2.6893617021276595
CONT_005,2026-09-10 17:56:43.985179,Mango,10.47,88.01,0.11,NORMAL,2026-09-10,17,3,Thursday,0.47000000000000064,NORMAL,NORMAL,LOW,2,LOW,LOW,11.204625668449196,20.93,-1.87,87.44355614973261,100.0,60.03,0.18794117647058825,0.59,62,40,2.8181818181818183,11.575468085106383,86.43734042553191,0.19323404255319152,97,51,2.6893617021276595
CONT_005,2026-09-10 17:56:45.987885,Banana,11.21,100.0,0.27,WARNING,2026-09-10,17,3,Thursday,1.2100000000000009,NORMAL,CRITICAL,MEDIUM,5,HIGH,HIGH,11.204625668449196,20.93,-1.87,87.44355614973261,100.0,60.03,0.18794117647058825,0.59,62,40,2.8181818181818183,13.473140096618359,88.16468599033817,0.1929951690821256,96,41,3.1594202898550723
CONT_003,2026-09-10 17:56:47.990964,Mango,12.79,87.55,0.13,NORMAL,2026-09-10,17,3,Thursday,2.789999999999999,NORMAL,NORMAL,LOW,2,LOW,LOW,11.193441734417345,19.75,-0.44,87.76967479674796,100.0,60.02,0.19691056910569105,0.59,82,37,2.934959349593496,11.575468085106383,86.43734042553191,0.19323404255319152,97,51,2.6893617021276595
CONT_001,2026-09-10 17:56:49.998235,Banana,13.79,90.94,0.1,NORMAL,2026-09-10,17,3,Thursday,3.789999999999999,NORMAL,WARNING,LOW,3,MEDIUM,MEDIUM,11.294,20.58,-1.98,87.60111764705883,100.0,60.11,0.19226470588235295,0.59,62,36,2.8941176470588235,13.473140096618359,88.16468599033817,0.1929951690821256,96,41,3.1594202898550723
CONT_001,2026-09-10 17:56:52.001070,Mango,10.78,87.54,0.13,NORMAL,2026-09-10,17,3,Thursday,0.7799999999999994,NORMAL,NORMAL,LOW,2,LOW,LOW,11.294,20.58,-1.98,87.60111764705883,100.0,60.11,0.19226470588235295,0.59,62,36,2.8941176470588235,11.575468085106383,86.43734042553191,0.19323404255319152,97,51,2.6893617021276595
CONT_001,2026-09-10 17:56:54.004122,Tomato,11.18,92.96,0.07,NORMAL,2026-09-10,17,3,Thursday,1.1799999999999997,NORMAL,WARNING,LOW,3,MEDIUM,MEDIUM,11.294,20.58,-1.98,87.60111764705883,100.0,60.11,0.19226470588235295,0.59,62,36,2.8941176470588235,10.869106753812636,87.4238779956427,0.1841830065359477,88,39,2.821350762527233
CONT_003,2026-09-10 17:56:56.102358,Mango,12.15,87.17,0.07,NORMAL,2026-09-10,17,3,Thursday,2.1500000000000004,NORMAL,NORMAL,LOW,2,LOW,LOW,11.193441734417345,19.75,-0.44,87.76967479674796,100.0,60.02,0.19691056910569105,0.59,82,37,2.934959349593496,11.575468085106383,86.43734042553191,0.19323404255319152,97,51,2.6893617021276595
CONT_002,2026-09-10 17:56:58.121333,Avocado,12.61,88.55,0.18,NORMAL,2026-09-10,17,3,Thursday,2.6099999999999994,NORMAL,NORMAL,LOW,2,LOW,LOW,11.068997050147493,20.03,-1.92,88.139203539823,100.0,61.48,0.18805309734513273,0.6,65,35,2.8997050147492627,9.129162895927601,88.95671945701358,0.19472850678733034,71,53,2.9524886877828056
CONT_002,2026-09-10 17:57:00.224209,Avocado,8.3,93.04,0.1,NORMAL,2026-09-10,17,3,Thursday,1.6999999999999993,NORMAL,WARNING,LOW,3,MEDIUM,MEDIUM,11.068997050147493,20.03,-1.92,88.139203539823,100.0,61.48,0.18805309734513273,0.6,65,35,2.8997050147492627,9.129162895927601,88.95671945701358,0.19472850678733034,71,53,2.9524886877828056
CONT_005,2026-09-10 17:57:02.258702,Tomato,11.43,93.65,0.12,NORMAL,2026-09-10,17,3,Thursday,1.4299999999999997,NORMAL,WARNING,LOW,3,MEDIUM,MEDIUM,11.204625668449196,20.93,-1.87,87.44355614973261,100.0,60.03,0.18794117647058825,0.59,62,40,2.8181818181818183,10.869106753812636,87.4238779956427,0.1841830065359477,88,39,2.821350762527233
CONT_002,2026-09-10 17:57:04.477030,Mango,7.24,100.0,0.2,WARNING,2026-09-10,17,3,Thursday,2.76,NORMAL,CRITICAL,LOW,4,MEDIUM,MEDIUM,11.068997050147493,20.03,-1.92,88.139203539823,100.0,61.48,0.18805309734513273,0.6,65,35,2.8997050147492627,11.575468085106383,86.43734042553191,0.19323404255319152,97,51,2.6893617021276595
CONT_003,2026-09-10 17:57:06.484761,Avocado,5.97,94.83,0.12,NORMAL,2026-09-10,17,3,Thursday,4.03,NORMAL,WARNING,LOW,3,MEDIUM,MEDIUM,11.193441734417345,19.75,-0.44,87.76967479674796,100.0,60.02,0.19691056910569105,0.59,82,37,2.934959349593496,9.129162895927601,88.95671945701358,0.19472850678733034,71,53,2.9524886877828056
CONT_001,2026-09-10 17:57:08.488018,Tomato,10.9,91.41,0.08,NORMAL,2026-09-10,17,3,Thursday,0.9000000000000004,NORMAL,WARNING,LOW,3,MEDIUM,MEDIUM,11.294,20.58,-1.98,87.60111764705883,100.0,60.11,0.19226470588235295,0.59,62,36,2.8941176470588235,10.869106753812636,87.4238779956427,0.1841830065359477,88,39,2.821350762527233
CONT_003,2026-09-10 17:57:10.492141,Mango,18.17,100.0,0.35,ANOMALY,2026-09-10,17,3,Thursday,8.170000000000002,WARNING,CRITICAL,MEDIUM,6,HIGH,HIGH,11.193441734417345,19.75,-0.44,87.76967479674796,100.0,60.02,0.19691056910569105,0.59,82,37,2.934959349593496,11.575468085106383,86.43734042553191,0.19323404255319152,97,51,2.6893617021276595
CONT_003,2026-09-10 17:57:12.500101,Mango,11.97,86.25,0.11,NORMAL,2026-09-10,17,3,Thursday,1.9700000000000006,NORMAL,NORMAL,LOW,2,LOW,LOW,11.193441734417345,19.75,-0.44,87.76967479674796,100.0,60.02,0.19691056910569105,0.59,82,37,2.934959349593496,11.575468085106383,86.43734042553191,0.19323404255319152,97,51,2.6893617021276595
CONT_002,2026-09-10 17:57:14.633837,Avocado,6.57,94.77,0.14,NORMAL,2026-09-10,17,3,Thursday,3.4299999999999997,NORMAL,WARNING,LOW,3,MEDIUM,MEDIUM,11.068997050147493,20.03,-1.92,88.139203539823,100.0,61.48,0.18805309734513273,0.6,65,35,2.8997050147492627,9.129162895927601,88.95671945701358,0.19472850678733034,71,53,2.9524886877828056
CONT_005,2026-09-10 17:57:16.667821,Mango,11.71,87.1,0.14,NORMAL,2026-09-10,17,3,Thursday,1.7100000000000009,NORMAL,NORMAL,LOW,2,LOW,LOW,11.204625668449196,20.93,-1.87,87.44355614973261,100.0,60.03,0.18794117647058825,0.59,62,40,2.8181818181818183,11.575468085106383,86.43734042553191,0.19323404255319152,97,51,2.6893617021276595
CONT_002,2026-09-10 17:57:18.671935,Tomato,10.5,94.6,0.12,NORMAL,2026-09-10,17,3,Thursday,0.5,NORMAL,WARNING,LOW,3,MEDIUM,MEDIUM,11.068997050147493,20.03,-1.92,88.139203539823,100.0,61.48,0.18805309734513273,0.6,65,35,2.8997050147492627,10.869106753812636,87.4238779956427,0.1841830065359477,88,39,2.821350762527233
CONT_003,2026-09-10 17:57:20.682073,Tomato,8.94,73.0,0.33,WARNING,2026-09-10,17,3,Thursday,1.0600000000000005,NORMAL,NORMAL,MEDIUM,3,MEDIUM,MEDIUM,11.193441734417345,19.75,-0.44,87.76967479674796,100.0,60.02,0.19691056910569105,0.59,82,37,2.934959349593496,10.869106753812636,87.4238779956427,0.1841830065359477,88,39,2.821350762527233
CONT_005,2026-09-10 17:57:22.690345,Tomato,11.62,92.89,0.09,NORMAL,2026-09-10,17,3,Thursday,1.6199999999999992,NORMAL,WARNING,LOW,3,MEDIUM,MEDIUM,11.204625668449196,20.93,-1.87,87.44355614973261,100.0,60.03,0.18794117647058825,0.59,62,40,2.8181818181818183,10.869106753812636,87.4238779956427,0.1841830065359477,88,39,2.821350762527233
CONT_005,2026-09-10 17:57:24.694008,Tomato,10.66,92.03,0.2,NORMAL,2026-09-10,17,3,Thursday,0.6600000000000001,NORMAL,WARNING,LOW,3,MEDIUM,MEDIUM,11.204625668449196,20.93,-1.87,87.44355614973261,100.0,60.03,0.18794117647058825,0.59,62,40,2.8181818181818183,10.869106753812636,87.4238779956427,0.1841830065359477,88,39,2.821350762527233
CONT_005,2026-09-10 17:57:26.698882,Mango,10.87,88.83,0.18,NORMAL,2026-09-10,17,3,Thursday,0.8699999999999992,NORMAL,NORMAL,LOW,2,LOW,LOW,11.204625668449196,20.93,-1.87,87.44355614973261,100.0,60.03,0.18794117647058825,0.59,62,40,2.8181818181818183,11.575468085106383,86.43734042553191,0.19323404255319152,97,51,2.6893617021276595
CONT_004,2026-09-10 17:57:28.701996,Tomato,11.92,86.95,0.1,NORMAL,2026-09-10,17,3,Thursday,1.92,NORMAL,NORMAL,LOW,2,LOW,LOW,11.374931129476584,20.55,-1.66,87.65203856749311,100.0,60.25,0.19079889807162537,0.59,81,36,2.9421487603305785,10.869106753812636,87.4238779956427,0.1841830065359477,88,39,2.821350762527233
CONT_004,2026-09-10 17:57:30.704916,Banana,13.55,87.29,0.11,NORMAL,2026-09-10,17,3,Thursday,3.5500000000000007,NORMAL,NORMAL,LOW,2,LOW,LOW,11.374931129476584,20.55,-1.66,87.65203856749311,100.0,60.25,0.19079889807162537,0.59,81,36,2.9421487603305785,13.473140096618359,88.16468599033817,0.1929951690821256,96,41,3.1594202898550723
CONT_003,2026-09-10 17:57:32.708138,Mango,12.51,87.14,0.13,NORMAL,2026-09-10,17,3,Thursday,2.51,NORMAL,NORMAL,LOW,2,LOW,LOW,11.193441734417345,19.75,-0.44,87.76967479674796,100.0,60.02,0.19691056910569105,0.59,82,37,2.934959349593496,11.575468085106383,86.43734042553191,0.19323404255319152,97,51,2.6893617021276595
CONT_003,2026-09-10 17:57:34.715072,Mango,3.64,100.0,0.41,ANOMALY,2026-09-10,17,3,Thursday,6.359999999999999,LOW,CRITICAL,HIGH,5,HIGH,HIGH,11.193441734417345,19.75,-0.44,87.76967479674796,100.0,60.02,0.19691056910569105,0.59,82,37,2.934959349593496,11.575468085106383,86.43734042553191,0.19323404255319152,97,51,2.6893617021276595
CONT_001,2026-09-10 17:57:38.245939,Mango,15.61,100.0,0.34,WARNING,2026-09-10,17,3,Thursday,5.609999999999999,WARNING,CRITICAL,MEDIUM,6,HIGH,HIGH,11.294,20.58,-1.98,87.60111764705883,100.0,60.11,0.19226470588235295,0.59,62,36,2.8941176470588235,11.575468085106383,86.43734042553191,0.19323404255319152,97,51,2.6893617021276595
CONT_001,2026-09-10 17:57:40.250634,Avocado,10.9,93.88,0.09,NORMAL,2026-09-10,17,3,Thursday,0.9000000000000004,NORMAL,WARNING,LOW,3,MEDIUM,MEDIUM,11.294,20.58,-1.98,87.60111764705883,100.0,60.11,0.19226470588235295,0.59,62,36,2.8941176470588235,9.129162895927601,88.95671945701358,0.19472850678733034,71,53,2.9524886877828056
CONT_001,2026-09-10 17:57:42.895767,Avocado,11.66,94.94,0.19,NORMAL,2026-09-10,17,3,Thursday,1.6600000000000001,NORMAL,WARNING,LOW,3,MEDIUM,MEDIUM,11.294,20.58,-1.98,87.60111764705883,100.0,60.11,0.19226470588235295,0.59,62,36,2.8941176470588235,9.129162895927601,88.95671945701358,0.19472850678733034,71,53,2.9524886877828056
CONT_001,2026-09-10 17:57:44.898468,Tomato,11.8,85.75,0.11,NORMAL,2026-09-10,17,3,Thursday,1.8000000000000007,NORMAL,NORMAL,LOW,2,LOW,LOW,11.294,20.58,-1.98,87.60111764705883,100.0,60.11,0.19226470588235295,0.59,62,36,2.8941176470588235,10.869106753812636,87.4238779956427,0.1841830065359477,88,39,2.821350762527233
CONT_005,2026-09-10 17:57:46.901275,Avocado,10.3,85.31,0.18,NORMAL,2026-09-10,17,3,Thursday,0.3000000000000007,NORMAL,NORMAL,LOW,2,LOW,LOW,11.204625668449196,20.93,-1.87,87.44355614973261,100.0,60.03,0.18794117647058825,0.59,62,40,2.8181818181818183,9.129162895927601,88.95671945701358,0.19472850678733034,71,53,2.9524886877828056
CONT_002,2026-09-10 17:57:49.705953,Mango,10.66,89.04,0.05,NORMAL,2026-09-10,17,3,Thursday,0.6600000000000001,NORMAL,NORMAL,LOW,2,LOW,LOW,11.068997050147493,20.03,-1.92,88.139203539823,100.0,61.48,0.18805309734513273,0.6,65,35,2.8997050147492627,11.575468085106383,86.43734042553191,0.19323404255319152,97,51,2.6893617021276595
CONT_005,2026-09-10 17:57:51.717046,Tomato,11.11,86.18,0.1,NORMAL,2026-09-10,17,3,Thursday,1.1099999999999994,NORMAL,NORMAL,LOW,2,LOW,LOW,11.204625668449196,20.93,-1.87,87.44355614973261,100.0,60.03,0.18794117647058825,0.59,62,40,2.8181818181818183,10.869106753812636,87.4238779956427,0.1841830065359477,88,39,2.821350762527233
CONT_002,2026-09-10 17:57:53.719495,Banana,11.93,72.72,0.28,WARNING,2026-09-10,17,3,Thursday,1.9299999999999997,NORMAL,NORMAL,MEDIUM,3,MEDIUM,MEDIUM,11.068997050147493,20.03,-1.92,88.139203539823,100.0,61.48,0.18805309734513273,0.6,65,35,2.8997050147492627,13.473140096618359,88.16468599033817,0.1929951690821256,96,41,3.1594202898550723
CONT_002,2026-09-10 17:57:55.724376,Banana,20.03,62.48,0.53,ANOMALY,2026-09-10,17,3,Thursday,10.030000000000001,CRITICAL,LOW,HIGH,5,HIGH,HIGH,11.068997050147493,20.03,-1.92,88.139203539823,100.0,61.48,0.18805309734513273,0.6,65,35,2.8997050147492627,13.473140096618359,88.16468599033817,0.1929951690821256,96,41,3.1594202898550723
CONT_004,2026-09-10 17:57:57.728800,Mango,14.91,73.01,0.3,WARNING,2026-09-10,17,3,Thursday,4.91,NORMAL,NORMAL,MEDIUM,3,MEDIUM,MEDIUM,11.374931129476584,20.55,-1.66,87.65203856749311,100.0,60.25,0.19079889807162537,0.59,81,36,2.9421487603305785,11.575468085106383,86.43734042553191,0.19323404255319152,97,51,2.6893617021276595
CONT_001,2026-09-10 17:57:59.732279,Avocado,10.86,90.38,0.16,NORMAL,2026-09-10,17,3,Thursday,0.8599999999999994,NORMAL,WARNING,LOW,3,MEDIUM,MEDIUM,11.294,20.58,-1.98,87.60111764705883,100.0,60.11,0.19226470588235295,0.59,62,36,2.8941176470588235,9.129162895927601,88.95671945701358,0.19472850678733034,71,53,2.9524886877828056
CONT_004,2026-09-10 17:58:01.734813,Avocado,11.19,89.88,0.08,NORMAL,2026-09-10,17,3,Thursday,1.1899999999999995,NORMAL,NORMAL,LOW,2,LOW,LOW,11.374931129476584,20.55,-1.66,87.65203856749311,100.0,60.25,0.19079889807162537,0.59,81,36,2.9421487603305785,9.129162895927601,88.95671945701358,0.19472850678733034,71,53,2.9524886877828056
CONT_001,2026-09-10 17:58:03.741360,Banana,13.17,87.6,0.08,NORMAL,2026-09-10,17,3,Thursday,3.17,NORMAL,NORMAL,LOW,2,LOW,LOW,11.294,20.58,-1.98,87.60111764705883,100.0,60.11,0.19226470588235295,0.59,62,36,2.8941176470588235,13.473140096618359,88.16468599033817,0.1929951690821256,96,41,3.1594202898550723
CONT_001,2026-09-10 17:58:05.748425,Banana,13.76,88.21,0.19,NORMAL,2026-09-10,17,3,Thursday,3.76,NORMAL,NORMAL,LOW,2,LOW,LOW,11.294,20.58,-1.98,87.60111764705883,100.0,60.11,0.19226470588235295,0.59,62,36,2.8941176470588235,13.473140096618359,88.16468599033817,0.1929951690821256,96,41,3.1594202898550723
CONT_002,2026-09-10 17:58:07.751463,Banana,13.12,88.82,0.11,NORMAL,2026-09-10,17,3,Thursday,3.119999999999999,NORMAL,NORMAL,LOW,2,LOW,LOW,11.068997050147493,20.03,-1.92,88.139203539823,100.0,61.48,0.18805309734513273,0.6,65,35,2.8997050147492627,13.473140096618359,88.16468599033817,0.1929951690821256,96,41,3.1594202898550723
CONT_004,2026-09-10 17:58:09.753739,Tomato,10.45,86.4,0.09,NORMAL,2026-09-10,17,3,Thursday,0.4499999999999993,NORMAL,NORMAL,LOW,2,LOW,LOW,11.374931129476584,20.55,-1.66,87.65203856749311,100.0,60.25,0.19079889807162537,0.59,81,36,2.9421487603305785,10.869106753812636,87.4238779956427,0.1841830065359477,88,39,2.821350762527233
CONT_002,2026-09-10 17:58:11.757126,Tomato,10.79,90.22,0.16,NORMAL,2026-09-10,17,3,Thursday,0.7899999999999991,NORMAL,WARNING,LOW,3,MEDIUM,MEDIUM,11.068997050147493,20.03,-1.92,88.139203539823,100.0,61.48,0.18805309734513273,0.6,65,35,2.8997050147492627,10.869106753812636,87.4238779956427,0.1841830065359477,88,39,2.821350762527233
CONT_003,2026-09-10 17:58:13.762517,Mango,10.05,85.39,0.11,NORMAL,2026-09-10,17,3,Thursday,0.05000000000000071,NORMAL,NORMAL,LOW,2,LOW,LOW,11.193441734417345,19.75,-0.44,87.76967479674796,100.0,60.02,0.19691056910569105,0.59,82,37,2.934959349593496,11.575468085106383,86.43734042553191,0.19323404255319152,97,51,2.6893617021276595
CONT_002,2026-09-10 17:58:15.767016,Banana,17.22,100.0,0.47,ANOMALY,2026-09-10,17,3,Thursday,7.219999999999999,WARNING,CRITICAL,HIGH,7,CRITICAL,CRITICAL,11.068997050147493,20.03,-1.92,88.139203539823,100.0,61.48,0.18805309734513273,0.6,65,35,2.8997050147492627,13.473140096618359,88.16468599033817,0.1929951690821256,96,41,3.1594202898550723
CONT_002,2026-09-10 17:58:17.770045,Tomato,7.77,66.98,0.27,WARNING,2026-09-10,17,3,Thursday,2.2300000000000004,NORMAL,LOW,MEDIUM,2,LOW,LOW,11.068997050147493,20.03,-1.92,88.139203539823,100.0,61.48,0.18805309734513273,0.6,65,35,2.8997050147492627,10.869106753812636,87.4238779956427,0.1841830065359477,88,39,2.821350762527233
CONT_001,2026-09-10 17:58:19.772398,Avocado,8.99,86.11,0.14,NORMAL,2026-09-10,17,3,Thursday,1.0099999999999998,NORMAL,NORMAL,LOW,2,LOW,LOW,11.294,20.58,-1.98,87.60111764705883,100.0,60.11,0.19226470588235295,0.59,62,36,2.8941176470588235,9.129162895927601,88.95671945701358,0.19472850678733034,71,53,2.9524886877828056
CONT_005,2026-09-10 17:58:21.778704,Avocado,6.88,92.24,0.15,NORMAL,2026-09-10,17,3,Thursday,3.12,NORMAL,WARNING,LOW,3,MEDIUM,MEDIUM,11.204625668449196,20.93,-1.87,87.44355614973261,100.0,60.03,0.18794117647058825,0.59,62,40,2.8181818181818183,9.129162895927601,88.95671945701358,0.19472850678733034,71,53,2.9524886877828056
CONT_004,2026-09-10 17:58:23.784876,Mango,10.63,88.27,0.19,NORMAL,2026-09-10,17,3,Thursday,0.6300000000000008,NORMAL,NORMAL,LOW,2,LOW,LOW,11.374931129476584,20.55,-1.66,87.65203856749311,100.0,60.25,0.19079889807162537,0.59,81,36,2.9421487603305785,11.575468085106383,86.43734042553191,0.19323404255319152,97,51,2.6893617021276595
CONT_001,2026-09-10 17:58:25.807834,Mango,12.12,85.66,0.16,NORMAL,2026-09-10,17,3,Thursday,2.119999999999999,NORMAL,NORMAL,LOW,2,LOW,LOW,11.294,20.58,-1.98,87.60111764705883,100.0,60.11,0.19226470588235295,0.59,62,36,2.8941176470588235,11.575468085106383,86.43734042553191,0.19323404255319152,97,51,2.6893617021276595
CONT_003,2026-09-10 17:58:27.960975,Avocado,10.45,91.65,0.17,NORMAL,2026-09-10,17,3,Thursday,0.4499999999999993,NORMAL,WARNING,LOW,3,MEDIUM,MEDIUM,11.193441734417345,19.75,-0.44,87.76967479674796,100.0,60.02,0.19691056910569105,0.59,82,37,2.934959349593496,9.129162895927601,88.95671945701358,0.19472850678733034,71,53,2.9524886877828056
CONT_003,2026-09-10 17:58:29.965010,Mango,12.93,89.76,0.19,NORMAL,2026-09-10,17,3,Thursday,2.9299999999999997,NORMAL,NORMAL,LOW,2,LOW,LOW,11.193441734417345,19.75,-0.44,87.76967479674796,100.0,60.02,0.19691056910569105,0.59,82,37,2.934959349593496,11.575468085106383,86.43734042553191,0.19323404255319152,97,51,2.6893617021276595
CONT_004,2026-09-10 17:58:31.969114,Banana,13.83,87.64,0.13,NORMAL,2026-09-10,17,3,Thursday,3.83,NORMAL,NORMAL,LOW,2,LOW,LOW,11.374931129476584,20.55,-1.66,87.65203856749311,100.0,60.25,0.19079889807162537,0.59,81,36,2.9421487603305785,13.473140096618359,88.16468599033817,0.1929951690821256,96,41,3.1594202898550723
CONT_002,2026-09-10 17:58:33.973629,Tomato,6.2,74.32,0.55,ANOMALY,2026-09-10,17,3,Thursday,3.8,NORMAL,NORMAL,HIGH,4,MEDIUM,MEDIUM,11.068997050147493,20.03,-1.92,88.139203539823,100.0,61.48,0.18805309734513273,0.6,65,35,2.8997050147492627,10.869106753812636,87.4238779956427,0.1841830065359477,88,39,2.821350762527233
CONT_001,2026-09-10 17:58:35.976265,Mango,11.04,85.06,0.1,NORMAL,2026-09-10,17,3,Thursday,1.0399999999999991,NORMAL,NORMAL,LOW,2,LOW,LOW,11.294,20.58,-1.98,87.60111764705883,100.0,60.11,0.19226470588235295,0.59,62,36,2.8941176470588235,11.575468085106383,86.43734042553191,0.19323404255319152,97,51,2.6893617021276595
CONT_002,2026-09-10 17:58:37.983107,Banana,13.29,87.97,0.08,NORMAL,2026-09-10,17,3,Thursday,3.289999999999999,NORMAL,NORMAL,LOW,2,LOW,LOW,11.068997050147493,20.03,-1.92,88.139203539823,100.0,61.48,0.18805309734513273,0.6,65,35,2.8997050147492627,13.473140096618359,88.16468599033817,0.1929951690821256,96,41,3.1594202898550723
CONT_003,2026-09-10 17:58:39.986515,Tomato,11.27,85.68,0.19,NORMAL,2026-09-10,17,3,Thursday,1.2699999999999996,NORMAL,NORMAL,LOW,2,LOW,LOW,11.193441734417345,19.75,-0.44,87.76967479674796,100.0,60.02,0.19691056910569105,0.59,82,37,2.934959349593496,10.869106753812636,87.4238779956427,0.1841830065359477,88,39,2.821350762527233
CONT_002,2026-09-10 17:58:41.989852,Banana,19.84,100.0,0.37,ANOMALY,2026-09-10,17,3,Thursday,9.84,WARNING,CRITICAL,MEDIUM,6,HIGH,HIGH,11.068997050147493,20.03,-1.92,88.139203539823,100.0,61.48,0.18805309734513273,0.6,65,35,2.8997050147492627,13.473140096618359,88.16468599033817,0.1929951690821256,96,41,3.1594202898550723
CONT_002,2026-09-10 17:58:43.997398,Tomato,8.88,100.0,0.29,WARNING,2026-09-10,17,3,Thursday,1.1199999999999992,NORMAL,CRITICAL,MEDIUM,5,HIGH,HIGH,11.068997050147493,20.03,-1.92,88.139203539823,100.0,61.48,0.18805309734513273,0.6,65,35,2.8997050147492627,10.869106753812636,87.4238779956427,0.1841830065359477,88,39,2.821350762527233
CONT_003,2026-09-10 17:58:46.001017,Mango,12.34,86.84,0.06,NORMAL,2026-09-10,17,3,Thursday,2.34,NORMAL,NORMAL,LOW,2,LOW,LOW,11.193441734417345,19.75,-0.44,87.76967479674796,100.0,60.02,0.19691056910569105,0.59,82,37,2.934959349593496,11.575468085106383,86.43734042553191,0.19323404255319152,97,51,2.6893617021276595
CONT_001,2026-09-10 17:58:48.251800,Tomato,11.84,86.92,0.18,NORMAL,2026-09-10,17,3,Thursday,1.8399999999999999,NORMAL,NORMAL,LOW,2,LOW,LOW,11.294,20.58,-1.98,87.60111764705883,100.0,60.11,0.19226470588235295,0.59,62,36,2.8941176470588235,10.869106753812636,87.4238779956427,0.1841830065359477,88,39,2.821350762527233
CONT_004,2026-09-10 17:58:50.258402,Avocado,11.62,89.85,0.11,NORMAL,2026-09-10,17,3,Thursday,1.6199999999999992,NORMAL,NORMAL,LOW,2,LOW,LOW,11.374931129476584,20.55,-1.66,87.65203856749311,100.0,60.25,0.19079889807162537,0.59,81,36,2.9421487603305785,9.129162895927601,88.95671945701358,0.19472850678733034,71,53,2.9524886877828056
CONT_003,2026-09-10 17:58:52.374580,Banana,13.81,88.54,0.17,NORMAL,2026-09-10,17,3,Thursday,3.8100000000000005,NORMAL,NORMAL,LOW,2,LOW,LOW,11.193441734417345,19.75,-0.44,87.76967479674796,100.0,60.02,0.19691056910569105,0.59,82,37,2.934959349593496,13.473140096618359,88.16468599033817,0.1929951690821256,96,41,3.1594202898550723
CONT_003,2026-09-10 17:58:54.381345,Tomato,10.93,93.29,0.14,NORMAL,2026-09-10,17,3,Thursday,0.9299999999999997,NORMAL,WARNING,LOW,3,MEDIUM,MEDIUM,11.193441734417345,19.75,-0.44,87.76967479674796,100.0,60.02,0.19691056910569105,0.59,82,37,2.934959349593496,10.869106753812636,87.4238779956427,0.1841830065359477,88,39,2.821350762527233
CONT_001,2026-09-10 17:58:56.385425,Avocado,12.94,90.43,0.13,NORMAL,2026-09-10,17,3,Thursday,2.9399999999999995,NORMAL,WARNING,LOW,3,MEDIUM,MEDIUM,11.294,20.58,-1.98,87.60111764705883,100.0,60.11,0.19226470588235295,0.59,62,36,2.8941176470588235,9.129162895927601,88.95671945701358,0.19472850678733034,71,53,2.9524886877828056
CONT_005,2026-09-10 17:58:58.387427,Avocado,9.77,91.55,0.08,NORMAL,2026-09-10,17,3,Thursday,0.23000000000000043,NORMAL,WARNING,LOW,3,MEDIUM,MEDIUM,11.204625668449196,20.93,-1.87,87.44355614973261,100.0,60.03,0.18794117647058825,0.59,62,40,2.8181818181818183,9.129162895927601,88.95671945701358,0.19472850678733034,71,53,2.9524886877828056
CONT_003,2026-09-10 17:59:00.414042,Tomato,10.45,88.17,0.08,NORMAL,2026-09-10,17,3,Thursday,0.4499999999999993,NORMAL,NORMAL,LOW,2,LOW,LOW,11.193441734417345,19.75,-0.44,87.76967479674796,100.0,60.02,0.19691056910569105,0.59,82,37,2.934959349593496,10.869106753812636,87.4238779956427,0.1841830065359477,88,39,2.821350762527233
CONT_001,2026-09-10 17:59:02.434296,Banana,13.97,94.22,0.06,NORMAL,2026-09-10,17,3,Thursday,3.9700000000000006,NORMAL,WARNING,LOW,3,MEDIUM,MEDIUM,11.294,20.58,-1.98,87.60111764705883,100.0,60.11,0.19226470588235295,0.59,62,36,2.8941176470588235,13.473140096618359,88.16468599033817,0.1929951690821256,96,41,3.1594202898550723
CONT_002,2026-09-10 17:59:04.450639,Tomato,16.04,100.0,0.6,ANOMALY,2026-09-10,17,3,Thursday,6.039999999999999,WARNING,CRITICAL,HIGH,7,CRITICAL,CRITICAL,11.068997050147493,20.03,-1.92,88.139203539823,100.0,61.48,0.18805309734513273,0.6,65,35,2.8997050147492627,10.869106753812636,87.4238779956427,0.1841830065359477,88,39,2.821350762527233
CONT_002,2026-09-10 17:59:06.455132,Mango,10.77,88.89,0.1,NORMAL,2026-09-10,17,3,Thursday,0.7699999999999996,NORMAL,NORMAL,LOW,2,LOW,LOW,11.068997050147493,20.03,-1.92,88.139203539823,100.0,61.48,0.18805309734513273,0.6,65,35,2.8997050147492627,11.575468085106383,86.43734042553191,0.19323404255319152,97,51,2.6893617021276595
CONT_004,2026-09-10 17:59:08.458424,Mango,10.86,86.29,0.13,NORMAL,2026-09-10,17,3,Thursday,0.8599999999999994,NORMAL,NORMAL,LOW,2,LOW,LOW,11.374931129476584,20.55,-1.66,87.65203856749311,100.0,60.25,0.19079889807162537,0.59,81,36,2.9421487603305785,11.575468085106383,86.43734042553191,0.19323404255319152,97,51,2.6893617021276595
CONT_004,2026-09-10 17:59:10.465378,Mango,12.0,85.65,0.2,NORMAL,2026-09-10,17,3,Thursday,2.0,NORMAL,NORMAL,LOW,2,LOW,LOW,11.374931129476584,20.55,-1.66,87.65203856749311,100.0,60.25,0.19079889807162537,0.59,81,36,2.9421487603305785,11.575468085106383,86.43734042553191,0.19323404255319152,97,51,2.6893617021276595
CONT_001,2026-09-10 17:59:12.467538,Avocado,5.17,89.11,0.12,NORMAL,2026-09-10,17,3,Thursday,4.83,NORMAL,NORMAL,LOW,2,LOW,LOW,11.294,20.58,-1.98,87.60111764705883,100.0,60.11,0.19226470588235295,0.59,62,36,2.8941176470588235,9.129162895927601,88.95671945701358,0.19472850678733034,71,53,2.9524886877828056
CONT_004,2026-09-10 17:59:14.471081,Banana,15.81,65.69,0.32,WARNING,2026-09-10,17,3,Thursday,5.8100000000000005,WARNING,LOW,MEDIUM,3,MEDIUM,MEDIUM,11.374931129476584,20.55,-1.66,87.65203856749311,100.0,60.25,0.19079889807162537,0.59,81,36,2.9421487603305785,13.473140096618359,88.16468599033817,0.1929951690821256,96,41,3.1594202898550723
CONT_003,2026-09-10 17:59:16.473502,Avocado,3.57,100.0,0.3,WARNING,2026-09-10,17,3,Thursday,6.43,LOW,CRITICAL,MEDIUM,4,MEDIUM,MEDIUM,11.193441734417345,19.75,-0.44,87.76967479674796,100.0,60.02,0.19691056910569105,0.59,82,37,2.934959349593496,9.129162895927601,88.95671945701358,0.19472850678733034,71,53,2.9524886877828056
CONT_003,2026-09-10 17:59:18.479974,Mango,4.58,100.0,0.53,ANOMALY,2026-09-10,17,3,Thursday,5.42,LOW,CRITICAL,HIGH,5,HIGH,HIGH,11.193441734417345,19.75,-0.44,87.76967479674796,100.0,60.02,0.19691056910569105,0.59,82,37,2.934959349593496,11.575468085106383,86.43734042553191,0.19323404255319152,97,51,2.6893617021276595
CONT_002,2026-09-10 17:59:20.482213,Mango,16.82,100.0,0.37,ANOMALY,2026-09-10,17,3,Thursday,6.82,WARNING,CRITICAL,MEDIUM,6,HIGH,HIGH,11.068997050147493,20.03,-1.92,88.139203539823,100.0,61.48,0.18805309734513273,0.6,65,35,2.8997050147492627,11.575468085106383,86.43734042553191,0.19323404255319152,97,51,2.6893617021276595
CONT_004,2026-09-10 17:59:22.485272,Mango,11.5,85.51,0.16,NORMAL,2026-09-10,17,3,Thursday,1.5,NORMAL,NORMAL,LOW,2,LOW,LOW,11.374931129476584,20.55,-1.66,87.65203856749311,100.0,60.25,0.19079889807162537,0.59,81,36,2.9421487603305785,11.575468085106383,86.43734042553191,0.19323404255319152,97,51,2.6893617021276595
CONT_001,2026-09-10 17:59:24.487828,Mango,14.11,62.06,0.2,WARNING,2026-09-10,17,3,Thursday,4.109999999999999,NORMAL,LOW,LOW,1,LOW,LOW,11.294,20.58,-1.98,87.60111764705883,100.0,60.11,0.19226470588235295,0.59,62,36,2.8941176470588235,11.575468085106383,86.43734042553191,0.19323404255319152,97,51,2.6893617021276595
CONT_005,2026-09-10 17:59:26.495393,Banana,11.76,100.0,0.3,WARNING,2026-09-10,17,3,Thursday,1.7599999999999998,NORMAL,CRITICAL,MEDIUM,5,HIGH,HIGH,11.204625668449196,20.93,-1.87,87.44355614973261,100.0,60.03,0.18794117647058825,0.59,62,40,2.8181818181818183,13.473140096618359,88.16468599033817,0.1929951690821256,96,41,3.1594202898550723
CONT_003,2026-09-10 17:59:28.501614,Mango,12.12,86.66,0.19,NORMAL,2026-09-10,17,3,Thursday,2.119999999999999,NORMAL,NORMAL,LOW,2,LOW,LOW,11.193441734417345,19.75,-0.44,87.76967479674796,100.0,60.02,0.19691056910569105,0.59,82,37,2.934959349593496,11.575468085106383,86.43734042553191,0.19323404255319152,97,51,2.6893617021276595
CONT_005,2026-09-10 17:59:30.504887,Banana,13.08,90.64,0.08,NORMAL,2026-09-10,17,3,Thursday,3.08,NORMAL,WARNING,LOW,3,MEDIUM,MEDIUM,11.204625668449196,20.93,-1.87,87.44355614973261,100.0,60.03,0.18794117647058825,0.59,62,40,2.8181818181818183,13.473140096618359,88.16468599033817,0.1929951690821256,96,41,3.1594202898550723
CONT_001,2026-09-10 17:59:32.508249,Avocado,19.56,100.0,0.46,ANOMALY,2026-09-10,17,3,Thursday,9.559999999999999,WARNING,CRITICAL,HIGH,7,CRITICAL,CRITICAL,11.294,20.58,-1.98,87.60111764705883,100.0,60.11,0.19226470588235295,0.59,62,36,2.8941176470588235,9.129162895927601,88.95671945701358,0.19472850678733034,71,53,2.9524886877828056
CONT_002,2026-09-10 17:59:34.513323,Mango,12.76,88.68,0.14,NORMAL,2026-09-10,17,3,Thursday,2.76,NORMAL,NORMAL,LOW,2,LOW,LOW,11.068997050147493,20.03,-1.92,88.139203539823,100.0,61.48,0.18805309734513273,0.6,65,35,2.8997050147492627,11.575468085106383,86.43734042553191,0.19323404255319152,97,51,2.6893617021276595
CONT_003,2026-09-10 17:59:36.519410,Mango,12.72,87.31,0.13,NORMAL,2026-09-10,17,3,Thursday,2.7200000000000006,NORMAL,NORMAL,LOW,2,LOW,LOW,11.193441734417345,19.75,-0.44,87.76967479674796,100.0,60.02,0.19691056910569105,0.59,82,37,2.934959349593496,11.575468085106383,86.43734042553191,0.19323404255319152,97,51,2.6893617021276595
CONT_001,2026-09-10 17:59:38.523782,Banana,13.86,90.55,0.18,NORMAL,2026-09-10,17,3,Thursday,3.8599999999999994,NORMAL,WARNING,LOW,3,MEDIUM,MEDIUM,11.294,20.58,-1.98,87.60111764705883,100.0,60.11,0.19226470588235295,0.59,62,36,2.8941176470588235,13.473140096618359,88.16468599033817,0.1929951690821256,96,41,3.1594202898550723
CONT_005,2026-09-10 17:59:40.528960,Tomato,11.13,92.69,0.08,NORMAL,2026-09-10,17,3,Thursday,1.1300000000000008,NORMAL,WARNING,LOW,3,MEDIUM,MEDIUM,11.204625668449196,20.93,-1.87,87.44355614973261,100.0,60.03,0.18794117647058825,0.59,62,40,2.8181818181818183,10.869106753812636,87.4238779956427,0.1841830065359477,88,39,2.821350762527233
CONT_002,2026-09-10 17:59:42.531407,Tomato,11.17,88.58,0.08,NORMAL,2026-09-10,17,3,Thursday,1.17,NORMAL,NORMAL,LOW,2,LOW,LOW,11.068997050147493,20.03,-1.92,88.139203539823,100.0,61.48,0.18805309734513273,0.6,65,35,2.8997050147492627,10.869106753812636,87.4238779956427,0.1841830065359477,88,39,2.821350762527233
CONT_002,2026-09-10 17:59:44.534381,Tomato,10.39,87.68,0.13,NORMAL,2026-09-10,17,3,Thursday,0.39000000000000057,NORMAL,NORMAL,LOW,2,LOW,LOW,11.068997050147493,20.03,-1.92,88.139203539823,100.0,61.48,0.18805309734513273,0.6,65,35,2.8997050147492627,10.869106753812636,87.4238779956427,0.1841830065359477,88,39,2.821350762527233
CONT_001,2026-09-10 17:59:46.537292,Tomato,10.34,87.91,0.17,NORMAL,2026-09-10,17,3,Thursday,0.33999999999999986,NORMAL,NORMAL,LOW,2,LOW,LOW,11.294,20.58,-1.98,87.60111764705883,100.0,60.11,0.19226470588235295,0.59,62,36,2.8941176470588235,10.869106753812636,87.4238779956427,0.1841830065359477,88,39,2.821350762527233
CONT_005,2026-09-10 17:59:48.545860,Mango,19.05,100.0,0.44,ANOMALY,2026-09-10,17,3,Thursday,9.05,WARNING,CRITICAL,HIGH,7,CRITICAL,CRITICAL,11.204625668449196,20.93,-1.87,87.44355614973261,100.0,60.03,0.18794117647058825,0.59,62,40,2.8181818181818183,11.575468085106383,86.43734042553191,0.19323404255319152,97,51,2.6893617021276595
CONT_002,2026-09-10 17:59:50.551016,Tomato,10.28,89.08,0.19,NORMAL,2026-09-10,17,3,Thursday,0.27999999999999936,NORMAL,NORMAL,LOW,2,LOW,LOW,11.068997050147493,20.03,-1.92,88.139203539823,100.0,61.48,0.18805309734513273,0.6,65,35,2.8997050147492627,10.869106753812636,87.4238779956427,0.1841830065359477,88,39,2.821350762527233
CONT_001,2026-09-10 17:59:52.554426,Banana,13.51,92.81,0.06,NORMAL,2026-09-10,17,3,Thursday,3.51,NORMAL,WARNING,LOW,3,MEDIUM,MEDIUM,11.294,20.58,-1.98,87.60111764705883,100.0,60.11,0.19226470588235295,0.59,62,36,2.8941176470588235,13.473140096618359,88.16468599033817,0.1929951690821256,96,41,3.1594202898550723
CONT_004,2026-09-10 17:59:54.557957,Banana,13.12,90.37,0.13,NORMAL,2026-09-10,17,3,Thursday,3.119999999999999,NORMAL,WARNING,LOW,3,MEDIUM,MEDIUM,11.374931129476584,20.55,-1.66,87.65203856749311,100.0,60.25,0.19079889807162537,0.59,81,36,2.9421487603305785,13.473140096618359,88.16468599033817,0.1929951690821256,96,41,3.1594202898550723
CONT_003,2026-09-10 17:59:56.562781,Mango,17.95,100.0,0.44,ANOMALY,2026-09-10,17,3,Thursday,7.949999999999999,WARNING,CRITICAL,HIGH,7,CRITICAL,CRITICAL,11.193441734417345,19.75,-0.44,87.76967479674796,100.0,60.02,0.19691056910569105,0.59,82,37,2.934959349593496,11.575468085106383,86.43734042553191,0.19323404255319152,97,51,2.6893617021276595
CONT_002,2026-09-10 17:59:58.565103,Mango,12.22,88.82,0.2,NORMAL,2026-09-10,17,3,Thursday,2.2200000000000006,NORMAL,NORMAL,LOW,2,LOW,LOW,11.068997050147493,20.03,-1.92,88.139203539823,100.0,61.48,0.18805309734513273,0.6,65,35,2.8997050147492627,11.575468085106383,86.43734042553191,0.19323404255319152,97,51,2.6893617021276595
CONT_001,2026-09-10 18:00:00.568942,Mango,11.92,87.85,0.16,NORMAL,2026-09-10,18,3,Thursday,1.92,NORMAL,NORMAL,LOW,2,LOW,LOW,11.294,20.58,-1.98,87.60111764705883,100.0,60.11,0.19226470588235295,0.59,62,36,2.8941176470588235,11.575468085106383,86.43734042553191,0.19323404255319152,97,51,2.6893617021276595
CONT_001,2026-09-10 18:00:02.571817,Tomato,8.73,64.71,0.31,WARNING,2026-09-10,18,3,Thursday,1.2699999999999996,NORMAL,LOW,MEDIUM,2,LOW,LOW,11.294,20.58,-1.98,87.60111764705883,100.0,60.11,0.19226470588235295,0.59,62,36,2.8941176470588235,10.869106753812636,87.4238779956427,0.1841830065359477,88,39,2.821350762527233
CONT_005,2026-09-10 18:00:04.577108,Avocado,1.08,64.95,0.52,ANOMALY,2026-09-10,18,3,Thursday,8.92,LOW,LOW,HIGH,2,LOW,LOW,11.204625668449196,20.93,-1.87,87.44355614973261,100.0,60.03,0.18794117647058825,0.59,62,40,2.8181818181818183,9.129162895927601,88.95671945701358,0.19472850678733034,71,53,2.9524886877828056
CONT_003,2026-09-10 18:00:06.580141,Banana,10.8,62.15,0.25,WARNING,2026-09-10,18,3,Thursday,0.8000000000000007,NORMAL,LOW,MEDIUM,2,LOW,LOW,11.193441734417345,19.75,-0.44,87.76967479674796,100.0,60.02,0.19691056910569105,0.59,82,37,2.934959349593496,13.473140096618359,88.16468599033817,0.1929951690821256,96,41,3.1594202898550723
CONT_003,2026-09-10 18:00:08.582608,Tomato,10.85,90.26,0.08,NORMAL,2026-09-10,18,3,Thursday,0.8499999999999996,NORMAL,WARNING,LOW,3,MEDIUM,MEDIUM,11.193441734417345,19.75,-0.44,87.76967479674796,100.0,60.02,0.19691056910569105,0.59,82,37,2.934959349593496,10.869106753812636,87.4238779956427,0.1841830065359477,88,39,2.821350762527233
CONT_004,2026-09-10 18:00:10.584902,Mango,7.57,100.0,0.29,WARNING,2026-09-10,18,3,Thursday,2.4299999999999997,NORMAL,CRITICAL,MEDIUM,5,HIGH,HIGH,11.374931129476584,20.55,-1.66,87.65203856749311,100.0,60.25,0.19079889807162537,0.59,81,36,2.9421487603305785,11.575468085106383,86.43734042553191,0.19323404255319152,97,51,2.6893617021276595
CONT_003,2026-09-10 18:00:12.620323,Banana,13.03,90.69,0.06,NORMAL,2026-09-10,18,3,Thursday,3.0299999999999994,NORMAL,WARNING,LOW,3,MEDIUM,MEDIUM,11.193441734417345,19.75,-0.44,87.76967479674796,100.0,60.02,0.19691056910569105,0.59,82,37,2.934959349593496,13.473140096618359,88.16468599033817,0.1929951690821256,96,41,3.1594202898550723
CONT_003,2026-09-10 18:00:14.690168,Banana,13.67,92.97,0.2,NORMAL,2026-09-10,18,3,Thursday,3.67,NORMAL,WARNING,LOW,3,MEDIUM,MEDIUM,11.193441734417345,19.75,-0.44,87.76967479674796,100.0,60.02,0.19691056910569105,0.59,82,37,2.934959349593496,13.473140096618359,88.16468599033817,0.1929951690821256,96,41,3.1594202898550723
CONT_001,2026-09-10 18:00:16.698504,Tomato,4.45,100.0,0.57,ANOMALY,2026-09-10,18,3,Thursday,5.55,LOW,CRITICAL,HIGH,5,HIGH,HIGH,11.294,20.58,-1.98,87.60111764705883,100.0,60.11,0.19226470588235295,0.59,62,36,2.8941176470588235,10.869106753812636,87.4238779956427,0.1841830065359477,88,39,2.821350762527233
CONT_005,2026-09-10 18:00:18.712415,Avocado,8.81,88.15,0.19,NORMAL,2026-09-10,18,3,Thursday,1.1899999999999995,NORMAL,NORMAL,LOW,2,LOW,LOW,11.204625668449196,20.93,-1.87,87.44355614973261,100.0,60.03,0.18794117647058825,0.59,62,40,2.8181818181818183,9.129162895927601,88.95671945701358,0.19472850678733034,71,53,2.9524886877828056
CONT_001,2026-09-10 18:00:20.734154,Mango,11.47,88.47,0.05,NORMAL,2026-09-10,18,3,Thursday,1.4700000000000006,NORMAL,NORMAL,LOW,2,LOW,LOW,11.294,20.58,-1.98,87.60111764705883,100.0,60.11,0.19226470588235295,0.59,62,36,2.8941176470588235,11.575468085106383,86.43734042553191,0.19323404255319152,97,51,2.6893617021276595
CONT_005,2026-09-10 18:00:22.736519,Mango,11.21,85.57,0.12,NORMAL,2026-09-10,18,3,Thursday,1.2100000000000009,NORMAL,NORMAL,LOW,2,LOW,LOW,11.204625668449196,20.93,-1.87,87.44355614973261,100.0,60.03,0.18794117647058825,0.59,62,40,2.8181818181818183,11.575468085106383,86.43734042553191,0.19323404255319152,97,51,2.6893617021276595
CONT_004,2026-09-10 18:00:24.740384,Banana,13.41,93.96,0.2,NORMAL,2026-09-10,18,3,Thursday,3.41,NORMAL,WARNING,LOW,3,MEDIUM,MEDIUM,11.374931129476584,20.55,-1.66,87.65203856749311,100.0,60.25,0.19079889807162537,0.59,81,36,2.9421487603305785,13.473140096618359,88.16468599033817,0.1929951690821256,96,41,3.1594202898550723
CONT_002,2026-09-10 18:00:26.745048,Banana,10.49,100.0,0.25,WARNING,2026-09-10,18,3,Thursday,0.4900000000000002,NORMAL,CRITICAL,MEDIUM,5,HIGH,HIGH,11.068997050147493,20.03,-1.92,88.139203539823,100.0,61.48,0.18805309734513273,0.6,65,35,2.8997050147492627,13.473140096618359,88.16468599033817,0.1929951690821256,96,41,3.1594202898550723
CONT_003,2026-09-10 18:00:28.747883,Tomato,10.05,91.4,0.16,NORMAL,2026-09-10,18,3,Thursday,0.05000000000000071,NORMAL,WARNING,LOW,3,MEDIUM,MEDIUM,11.193441734417345,19.75,-0.44,87.76967479674796,100.0,60.02,0.19691056910569105,0.59,82,37,2.934959349593496,10.869106753812636,87.4238779956427,0.1841830065359477,88,39,2.821350762527233
CONT_003,2026-09-10 18:00:30.750519,Banana,16.52,62.74,0.28,WARNING,2026-09-10,18,3,Thursday,6.52,WARNING,LOW,MEDIUM,3,MEDIUM,MEDIUM,11.193441734417345,19.75,-0.44,87.76967479674796,100.0,60.02,0.19691056910569105,0.59,82,37,2.934959349593496,13.473140096618359,88.16468599033817,0.1929951690821256,96,41,3.1594202898550723
CONT_002,2026-09-10 18:00:32.754792,Mango,10.53,87.74,0.11,NORMAL,2026-09-10,18,3,Thursday,0.5299999999999994,NORMAL,NORMAL,LOW,2,LOW,LOW,11.068997050147493,20.03,-1.92,88.139203539823,100.0,61.48,0.18805309734513273,0.6,65,35,2.8997050147492627,11.575468085106383,86.43734042553191,0.19323404255319152,97,51,2.6893617021276595
CONT_001,2026-09-10 18:00:34.757486,Tomato,10.27,87.87,0.13,NORMAL,2026-09-10,18,3,Thursday,0.2699999999999996,NORMAL,NORMAL,LOW,2,LOW,LOW,11.294,20.58,-1.98,87.60111764705883,100.0,60.11,0.19226470588235295,0.59,62,36,2.8941176470588235,10.869106753812636,87.4238779956427,0.1841830065359477,88,39,2.821350762527233
CONT_002,2026-09-10 18:00:36.765355,Tomato,5.65,61.48,0.55,ANOMALY,2026-09-10,18,3,Thursday,4.35,NORMAL,LOW,HIGH,3,MEDIUM,MEDIUM,11.068997050147493,20.03,-1.92,88.139203539823,100.0,61.48,0.18805309734513273,0.6,65,35,2.8997050147492627,10.869106753812636,87.4238779956427,0.1841830065359477,88,39,2.821350762527233
CONT_004,2026-09-10 18:00:38.768842,Tomato,8.64,68.0,0.3,WARNING,2026-09-10,18,3,Thursday,1.3599999999999994,NORMAL,LOW,MEDIUM,2,LOW,LOW,11.374931129476584,20.55,-1.66,87.65203856749311,100.0,60.25,0.19079889807162537,0.59,81,36,2.9421487603305785,10.869106753812636,87.4238779956427,0.1841830065359477,88,39,2.821350762527233
CONT_002,2026-09-10 18:00:40.772012,Banana,13.04,91.37,0.17,NORMAL,2026-09-10,18,3,Thursday,3.039999999999999,NORMAL,WARNING,LOW,3,MEDIUM,MEDIUM,11.068997050147493,20.03,-1.92,88.139203539823,100.0,61.48,0.18805309734513273,0.6,65,35,2.8997050147492627,13.473140096618359,88.16468599033817,0.1929951690821256,96,41,3.1594202898550723
CONT_005,2026-09-10 18:00:42.778250,Banana,15.47,65.71,0.22,WARNING,2026-09-10,18,3,Thursday,5.470000000000001,WARNING,LOW,MEDIUM,3,MEDIUM,MEDIUM,11.204625668449196,20.93,-1.87,87.44355614973261,100.0,60.03,0.18794117647058825,0.59,62,40,2.8181818181818183,13.473140096618359,88.16468599033817,0.1929951690821256,96,41,3.1594202898550723
CONT_004,2026-09-10 18:00:44.781299,Tomato,15.47,62.36,0.51,ANOMALY,2026-09-10,18,3,Thursday,5.470000000000001,WARNING,LOW,HIGH,4,MEDIUM,MEDIUM,11.374931129476584,20.55,-1.66,87.65203856749311,100.0,60.25,0.19079889807162537,0.59,81,36,2.9421487603305785,10.869106753812636,87.4238779956427,0.1841830065359477,88,39,2.821350762527233
CONT_002,2026-09-10 18:00:46.783683,Avocado,5.08,93.2,0.05,NORMAL,2026-09-10,18,3,Thursday,4.92,NORMAL,WARNING,LOW,3,MEDIUM,MEDIUM,11.068997050147493,20.03,-1.92,88.139203539823,100.0,61.48,0.18805309734513273,0.6,65,35,2.8997050147492627,9.129162895927601,88.95671945701358,0.19472850678733034,71,53,2.9524886877828056
CONT_002,2026-09-10 18:00:48.787802,Avocado,15.31,69.01,0.21,WARNING,2026-09-10,18,3,Thursday,5.3100000000000005,WARNING,LOW,MEDIUM,3,MEDIUM,MEDIUM,11.068997050147493,20.03,-1.92,88.139203539823,100.0,61.48,0.18805309734513273,0.6,65,35,2.8997050147492627,9.129162895927601,88.95671945701358,0.19472850678733034,71,53,2.9524886877828056
CONT_005,2026-09-10 18:00:50.809565,Tomato,10.33,89.52,0.09,NORMAL,2026-09-10,18,3,Thursday,0.33000000000000007,NORMAL,NORMAL,LOW,2,LOW,LOW,11.204625668449196,20.93,-1.87,87.44355614973261,100.0,60.03,0.18794117647058825,0.59,62,40,2.8181818181818183,10.869106753812636,87.4238779956427,0.1841830065359477,88,39,2.821350762527233
CONT_005,2026-09-10 18:00:52.815150,Avocado,8.63,85.56,0.07,NORMAL,2026-09-10,18,3,Thursday,1.3699999999999992,NORMAL,NORMAL,LOW,2,LOW,LOW,11.204625668449196,20.93,-1.87,87.44355614973261,100.0,60.03,0.18794117647058825,0.59,62,40,2.8181818181818183,9.129162895927601,88.95671945701358,0.19472850678733034,71,53,2.9524886877828056
CONT_003,2026-09-10 18:00:54.817593,Mango,10.43,85.04,0.19,NORMAL,2026-09-10,18,3,Thursday,0.4299999999999997,NORMAL,NORMAL,LOW,2,LOW,LOW,11.193441734417345,19.75,-0.44,87.76967479674796,100.0,60.02,0.19691056910569105,0.59,82,37,2.934959349593496,11.575468085106383,86.43734042553191,0.19323404255319152,97,51,2.6893617021276595
CONT_005,2026-09-10 18:14:16.191048,Avocado,3.06,100.0,0.32,WARNING,2026-09-10,18,3,Thursday,6.9399999999999995,LOW,CRITICAL,MEDIUM,4,MEDIUM,MEDIUM,11.204625668449196,20.93,-1.87,87.44355614973261,100.0,60.03,0.18794117647058825,0.59,62,40,2.8181818181818183,9.129162895927601,88.95671945701358,0.19472850678733034,71,53,2.9524886877828056
CONT_004,2026-09-10 18:14:18.194061,Tomato,11.68,86.5,0.19,NORMAL,2026-09-10,18,3,Thursday,1.6799999999999997,NORMAL,NORMAL,LOW,2,LOW,LOW,11.374931129476584,20.55,-1.66,87.65203856749311,100.0,60.25,0.19079889807162537,0.59,81,36,2.9421487603305785,10.869106753812636,87.4238779956427,0.1841830065359477,88,39,2.821350762527233
CONT_005,2026-09-10 18:14:20.196963,Avocado,10.61,89.97,0.15,NORMAL,2026-09-10,18,3,Thursday,0.6099999999999994,NORMAL,NORMAL,LOW,2,LOW,LOW,11.204625668449196,20.93,-1.87,87.44355614973261,100.0,60.03,0.18794117647058825,0.59,62,40,2.8181818181818183,9.129162895927601,88.95671945701358,0.19472850678733034,71,53,2.9524886877828056
CONT_001,2026-09-10 18:14:22.278592,Tomato,11.81,94.89,0.07,NORMAL,2026-09-10,18,3,Thursday,1.8100000000000005,NORMAL,WARNING,LOW,3,MEDIUM,MEDIUM,11.294,20.58,-1.98,87.60111764705883,100.0,60.11,0.19226470588235295,0.59,62,36,2.8941176470588235,10.869106753812636,87.4238779956427,0.1841830065359477,88,39,2.821350762527233
CONT_003,2026-09-10 18:14:25.424645,Tomato,8.16,100.0,0.28,WARNING,2026-09-10,18,3,Thursday,1.8399999999999999,NORMAL,CRITICAL,MEDIUM,5,HIGH,HIGH,11.193441734417345,19.75,-0.44,87.76967479674796,100.0,60.02,0.19691056910569105,0.59,82,37,2.934959349593496,10.869106753812636,87.4238779956427,0.1841830065359477,88,39,2.821350762527233
CONT_003,2026-09-10 18:14:27.441269,Banana,15.89,100.0,0.28,WARNING,2026-09-10,18,3,Thursday,5.890000000000001,WARNING,CRITICAL,MEDIUM,6,HIGH,HIGH,11.193441734417345,19.75,-0.44,87.76967479674796,100.0,60.02,0.19691056910569105,0.59,82,37,2.934959349593496,13.473140096618359,88.16468599033817,0.1929951690821256,96,41,3.1594202898550723
CONT_005,2026-09-10 18:14:29.445748,Mango,11.4,85.56,0.2,NORMAL,2026-09-10,18,3,Thursday,1.4000000000000004,NORMAL,NORMAL,LOW,2,LOW,LOW,11.204625668449196,20.93,-1.87,87.44355614973261,100.0,60.03,0.18794117647058825,0.59,62,40,2.8181818181818183,11.575468085106383,86.43734042553191,0.19323404255319152,97,51,2.6893617021276595
CONT_004,2026-09-10 18:14:31.448760,Tomato,11.11,92.35,0.11,NORMAL,2026-09-10,18,3,Thursday,1.1099999999999994,NORMAL,WARNING,LOW,3,MEDIUM,MEDIUM,11.374931129476584,20.55,-1.66,87.65203856749311,100.0,60.25,0.19079889807162537,0.59,81,36,2.9421487603305785,10.869106753812636,87.4238779956427,0.1841830065359477,88,39,2.821350762527233
CONT_005,2026-09-10 18:14:33.454105,Avocado,5.51,89.19,0.06,NORMAL,2026-09-10,18,3,Thursday,4.49,NORMAL,NORMAL,LOW,2,LOW,LOW,11.204625668449196,20.93,-1.87,87.44355614973261,100.0,60.03,0.18794117647058825,0.59,62,40,2.8181818181818183,9.129162895927601,88.95671945701358,0.19472850678733034,71,53,2.9524886877828056
CONT_003,2026-09-10 18:14:35.457467,Mango,7.75,100.0,0.3,WARNING,2026-09-10,18,3,Thursday,2.25,NORMAL,CRITICAL,MEDIUM,5,HIGH,HIGH,11.193441734417345,19.75,-0.44,87.76967479674796,100.0,60.02,0.19691056910569105,0.59,82,37,2.934959349593496,11.575468085106383,86.43734042553191,0.19323404255319152,97,51,2.6893617021276595
CONT_003,2026-09-10 18:14:37.463478,Banana,13.75,87.3,0.18,NORMAL,2026-09-10,18,3,Thursday,3.75,NORMAL,NORMAL,LOW,2,LOW,LOW,11.193441734417345,19.75,-0.44,87.76967479674796,100.0,60.02,0.19691056910569105,0.59,82,37,2.934959349593496,13.473140096618359,88.16468599033817,0.1929951690821256,96,41,3.1594202898550723
CONT_005,2026-09-10 18:14:39.466160,Tomato,10.62,94.46,0.13,NORMAL,2026-09-10,18,3,Thursday,0.6199999999999992,NORMAL,WARNING,LOW,3,MEDIUM,MEDIUM,11.204625668449196,20.93,-1.87,87.44355614973261,100.0,60.03,0.18794117647058825,0.59,62,40,2.8181818181818183,10.869106753812636,87.4238779956427,0.1841830065359477,88,39,2.821350762527233
CONT_002,2026-09-10 18:14:41.470942,Avocado,8.53,90.62,0.14,NORMAL,2026-09-10,18,3,Thursday,1.4700000000000006,NORMAL,WARNING,LOW,3,MEDIUM,MEDIUM,11.068997050147493,20.03,-1.92,88.139203539823,100.0,61.48,0.18805309734513273,0.6,65,35,2.8997050147492627,9.129162895927601,88.95671945701358,0.19472850678733034,71,53,2.9524886877828056
CONT_004,2026-09-10 18:14:43.494469,Banana,15.74,100.0,0.22,WARNING,2026-09-10,18,3,Thursday,5.74,WARNING,CRITICAL,MEDIUM,6,HIGH,HIGH,11.374931129476584,20.55,-1.66,87.65203856749311,100.0,60.25,0.19079889807162537,0.59,81,36,2.9421487603305785,13.473140096618359,88.16468599033817,0.1929951690821256,96,41,3.1594202898550723
CONT_002,2026-09-10 18:14:45.515181,Banana,13.23,92.5,0.07,NORMAL,2026-09-10,18,3,Thursday,3.2300000000000004,NORMAL,WARNING,LOW,3,MEDIUM,MEDIUM,11.068997050147493,20.03,-1.92,88.139203539823,100.0,61.48,0.18805309734513273,0.6,65,35,2.8997050147492627,13.473140096618359,88.16468599033817,0.1929951690821256,96,41,3.1594202898550723
CONT_004,2026-09-10 18:14:47.554296,Mango,15.87,71.06,0.27,WARNING,2026-09-10,18,3,Thursday,5.869999999999999,WARNING,NORMAL,MEDIUM,4,MEDIUM,MEDIUM,11.374931129476584,20.55,-1.66,87.65203856749311,100.0,60.25,0.19079889807162537,0.59,81,36,2.9421487603305785,11.575468085106383,86.43734042553191,0.19323404255319152,97,51,2.6893617021276595
CONT_002,2026-09-10 18:14:49.571284,Banana,10.58,64.32,0.25,WARNING,2026-09-10,18,3,Thursday,0.5800000000000001,NORMAL,LOW,MEDIUM,2,LOW,LOW,11.068997050147493,20.03,-1.92,88.139203539823,100.0,61.48,0.18805309734513273,0.6,65,35,2.8997050147492627,13.473140096618359,88.16468599033817,0.1929951690821256,96,41,3.1594202898550723
CONT_003,2026-09-10 18:14:51.597865,Mango,15.22,100.0,0.3,WARNING,2026-09-10,18,3,Thursday,5.220000000000001,WARNING,CRITICAL,MEDIUM,6,HIGH,HIGH,11.193441734417345,19.75,-0.44,87.76967479674796,100.0,60.02,0.19691056910569105,0.59,82,37,2.934959349593496,11.575468085106383,86.43734042553191,0.19323404255319152,97,51,2.6893617021276595
CONT_001,2026-09-10 18:14:53.602805,Banana,13.46,92.48,0.16,NORMAL,2026-09-10,18,3,Thursday,3.460000000000001,NORMAL,WARNING,LOW,3,MEDIUM,MEDIUM,11.294,20.58,-1.98,87.60111764705883,100.0,60.11,0.19226470588235295,0.59,62,36,2.8941176470588235,13.473140096618359,88.16468599033817,0.1929951690821256,96,41,3.1594202898550723
CONT_004,2026-09-10 18:14:55.622863,Mango,11.7,85.16,0.15,NORMAL,2026-09-10,18,3,Thursday,1.6999999999999993,NORMAL,NORMAL,LOW,2,LOW,LOW,11.374931129476584,20.55,-1.66,87.65203856749311,100.0,60.25,0.19079889807162537,0.59,81,36,2.9421487603305785,11.575468085106383,86.43734042553191,0.19323404255319152,97,51,2.6893617021276595
CONT_001,2026-09-10 18:14:57.654403,Tomato,11.64,94.94,0.06,NORMAL,2026-09-10,18,3,Thursday,1.6400000000000006,NORMAL,WARNING,LOW,3,MEDIUM,MEDIUM,11.294,20.58,-1.98,87.60111764705883,100.0,60.11,0.19226470588235295,0.59,62,36,2.8941176470588235,10.869106753812636,87.4238779956427,0.1841830065359477,88,39,2.821350762527233
CONT_005,2026-09-10 18:14:59.673588,Tomato,10.31,85.43,0.17,NORMAL,2026-09-10,18,3,Thursday,0.3100000000000005,NORMAL,NORMAL,LOW,2,LOW,LOW,11.204625668449196,20.93,-1.87,87.44355614973261,100.0,60.03,0.18794117647058825,0.59,62,40,2.8181818181818183,10.869106753812636,87.4238779956427,0.1841830065359477,88,39,2.821350762527233
CONT_001,2026-09-10 18:15:01.682486,Banana,15.64,60.89,0.28,WARNING,2026-09-10,18,3,Thursday,5.640000000000001,WARNING,LOW,MEDIUM,3,MEDIUM,MEDIUM,11.294,20.58,-1.98,87.60111764705883,100.0,60.11,0.19226470588235295,0.59,62,36,2.8941176470588235,13.473140096618359,88.16468599033817,0.1929951690821256,96,41,3.1594202898550723
CONT_004,2026-09-10 18:15:03.689959,Banana,15.17,71.81,0.27,WARNING,2026-09-10,18,3,Thursday,5.17,WARNING,NORMAL,MEDIUM,4,MEDIUM,MEDIUM,11.374931129476584,20.55,-1.66,87.65203856749311,100.0,60.25,0.19079889807162537,0.59,81,36,2.9421487603305785,13.473140096618359,88.16468599033817,0.1929951690821256,96,41,3.1594202898550723
CONT_003,2026-09-10 18:15:05.694787,Avocado,5.42,91.27,0.06,NORMAL,2026-09-10,18,3,Thursday,4.58,NORMAL,WARNING,LOW,3,MEDIUM,MEDIUM,11.193441734417345,19.75,-0.44,87.76967479674796,100.0,60.02,0.19691056910569105,0.59,82,37,2.934959349593496,9.129162895927601,88.95671945701358,0.19472850678733034,71,53,2.9524886877828056
CONT_002,2026-09-10 18:15:07.699254,Tomato,11.38,92.12,0.07,NORMAL,2026-09-10,18,3,Thursday,1.3800000000000008,NORMAL,WARNING,LOW,3,MEDIUM,MEDIUM,11.068997050147493,20.03,-1.92,88.139203539823,100.0,61.48,0.18805309734513273,0.6,65,35,2.8997050147492627,10.869106753812636,87.4238779956427,0.1841830065359477,88,39,2.821350762527233
CONT_005,2026-09-10 18:15:09.702732,Mango,11.6,88.99,0.18,NORMAL,2026-09-10,18,3,Thursday,1.5999999999999996,NORMAL,NORMAL,LOW,2,LOW,LOW,11.204625668449196,20.93,-1.87,87.44355614973261,100.0,60.03,0.18794117647058825,0.59,62,40,2.8181818181818183,11.575468085106383,86.43734042553191,0.19323404255319152,97,51,2.6893617021276595
CONT_005,2026-09-10 18:15:11.709698,Banana,13.83,92.46,0.11,NORMAL,2026-09-10,18,3,Thursday,3.83,NORMAL,WARNING,LOW,3,MEDIUM,MEDIUM,11.204625668449196,20.93,-1.87,87.44355614973261,100.0,60.03,0.18794117647058825,0.59,62,40,2.8181818181818183,13.473140096618359,88.16468599033817,0.1929951690821256,96,41,3.1594202898550723
CONT_004,2026-09-10 18:15:13.712765,Banana,6.18,62.65,0.52,ANOMALY,2026-09-10,18,3,Thursday,3.8200000000000003,NORMAL,LOW,HIGH,3,MEDIUM,MEDIUM,11.374931129476584,20.55,-1.66,87.65203856749311,100.0,60.25,0.19079889807162537,0.59,81,36,2.9421487603305785,13.473140096618359,88.16468599033817,0.1929951690821256,96,41,3.1594202898550723
CONT_004,2026-09-10 18:15:15.715161,Banana,13.95,88.03,0.1,NORMAL,2026-09-10,18,3,Thursday,3.9499999999999993,NORMAL,NORMAL,LOW,2,LOW,LOW,11.374931129476584,20.55,-1.66,87.65203856749311,100.0,60.25,0.19079889807162537,0.59,81,36,2.9421487603305785,13.473140096618359,88.16468599033817,0.1929951690821256,96,41,3.1594202898550723
CONT_003,2026-09-10 18:15:17.721159,Avocado,14.55,100.0,0.32,WARNING,2026-09-10,18,3,Thursday,4.550000000000001,NORMAL,CRITICAL,MEDIUM,5,HIGH,HIGH,11.193441734417345,19.75,-0.44,87.76967479674796,100.0,60.02,0.19691056910569105,0.59,82,37,2.934959349593496,9.129162895927601,88.95671945701358,0.19472850678733034,71,53,2.9524886877828056
CONT_005,2026-09-10 18:15:19.725955,Banana,13.99,86.56,0.15,NORMAL,2026-09-10,18,3,Thursday,3.99,NORMAL,NORMAL,LOW,2,LOW,LOW,11.204625668449196,20.93,-1.87,87.44355614973261,100.0,60.03,0.18794117647058825,0.59,62,40,2.8181818181818183,13.473140096618359,88.16468599033817,0.1929951690821256,96,41,3.1594202898550723
CONT_004,2026-09-10 18:15:21.729725,Tomato,10.09,86.62,0.14,NORMAL,2026-09-10,18,3,Thursday,0.08999999999999986,NORMAL,NORMAL,LOW,2,LOW,LOW,11.374931129476584,20.55,-1.66,87.65203856749311,100.0,60.25,0.19079889807162537,0.59,81,36,2.9421487603305785,10.869106753812636,87.4238779956427,0.1841830065359477,88,39,2.821350762527233
CONT_001,2026-09-10 18:15:23.732897,Banana,13.22,90.85,0.19,NORMAL,2026-09-10,18,3,Thursday,3.2200000000000006,NORMAL,WARNING,LOW,3,MEDIUM,MEDIUM,11.294,20.58,-1.98,87.60111764705883,100.0,60.11,0.19226470588235295,0.59,62,36,2.8941176470588235,13.473140096618359,88.16468599033817,0.1929951690821256,96,41,3.1594202898550723
CONT_002,2026-09-10 18:15:25.735136,Banana,17.46,72.4,0.5,ANOMALY,2026-09-10,18,3,Thursday,7.460000000000001,WARNING,NORMAL,HIGH,5,HIGH,HIGH,11.068997050147493,20.03,-1.92,88.139203539823,100.0,61.48,0.18805309734513273,0.6,65,35,2.8997050147492627,13.473140096618359,88.16468599033817,0.1929951690821256,96,41,3.1594202898550723
CONT_004,2026-09-10 18:15:27.741867,Banana,16.76,100.0,0.27,WARNING,2026-09-10,18,3,Thursday,6.760000000000002,WARNING,CRITICAL,MEDIUM,6,HIGH,HIGH,11.374931129476584,20.55,-1.66,87.65203856749311,100.0,60.25,0.19079889807162537,0.59,81,36,2.9421487603305785,13.473140096618359,88.16468599033817,0.1929951690821256,96,41,3.1594202898550723
CONT_002,2026-09-10 18:15:29.744824,Mango,18.19,100.0,0.59,ANOMALY,2026-09-10,18,3,Thursday,8.190000000000001,WARNING,CRITICAL,HIGH,7,CRITICAL,CRITICAL,11.068997050147493,20.03,-1.92,88.139203539823,100.0,61.48,0.18805309734513273,0.6,65,35,2.8997050147492627,11.575468085106383,86.43734042553191,0.19323404255319152,97,51,2.6893617021276595
CONT_002,2026-09-10 18:15:31.748488,Banana,13.31,88.1,0.06,NORMAL,2026-09-10,18,3,Thursday,3.3100000000000005,NORMAL,NORMAL,LOW,2,LOW,LOW,11.068997050147493,20.03,-1.92,88.139203539823,100.0,61.48,0.18805309734513273,0.6,65,35,2.8997050147492627,13.473140096618359,88.16468599033817,0.1929951690821256,96,41,3.1594202898550723
CONT_005,2026-09-10 18:15:33.751929,Avocado,7.14,87.29,0.17,NORMAL,2026-09-10,18,3,Thursday,2.8600000000000003,NORMAL,NORMAL,LOW,2,LOW,LOW,11.204625668449196,20.93,-1.87,87.44355614973261,100.0,60.03,0.18794117647058825,0.59,62,40,2.8181818181818183,9.129162895927601,88.95671945701358,0.19472850678733034,71,53,2.9524886877828056
CONT_003,2026-09-10 18:15:35.759918,Mango,14.37,100.0,0.25,WARNING,2026-09-10,18,3,Thursday,4.369999999999999,NORMAL,CRITICAL,MEDIUM,5,HIGH,HIGH,11.193441734417345,19.75,-0.44,87.76967479674796,100.0,60.02,0.19691056910569105,0.59,82,37,2.934959349593496,11.575468085106383,86.43734042553191,0.19323404255319152,97,51,2.6893617021276595
CONT_004,2026-09-10 18:15:37.762993,Avocado,10.09,88.49,0.08,NORMAL,2026-09-10,18,3,Thursday,0.08999999999999986,NORMAL,NORMAL,LOW,2,LOW,LOW,11.374931129476584,20.55,-1.66,87.65203856749311,100.0,60.25,0.19079889807162537,0.59,81,36,2.9421487603305785,9.129162895927601,88.95671945701358,0.19472850678733034,71,53,2.9524886877828056
CONT_001,2026-09-10 18:15:39.766597,Avocado,14.95,74.3,0.25,WARNING,2026-09-10,18,3,Thursday,4.949999999999999,NORMAL,NORMAL,MEDIUM,3,MEDIUM,MEDIUM,11.294,20.58,-1.98,87.60111764705883,100.0,60.11,0.19226470588235295,0.59,62,36,2.8941176470588235,9.129162895927601,88.95671945701358,0.19472850678733034,71,53,2.9524886877828056
CONT_002,2026-09-10 18:15:41.773155,Avocado,8.69,90.09,0.13,NORMAL,2026-09-10,18,3,Thursday,1.3100000000000005,NORMAL,WARNING,LOW,3,MEDIUM,MEDIUM,11.068997050147493,20.03,-1.92,88.139203539823,100.0,61.48,0.18805309734513273,0.6,65,35,2.8997050147492627,9.129162895927601,88.95671945701358,0.19472850678733034,71,53,2.9524886877828056
CONT_004,2026-09-10 18:15:43.776776,Avocado,10.42,86.6,0.09,NORMAL,2026-09-10,18,3,Thursday,0.41999999999999993,NORMAL,NORMAL,LOW,2,LOW,LOW,11.374931129476584,20.55,-1.66,87.65203856749311,100.0,60.25,0.19079889807162537,0.59,81,36,2.9421487603305785,9.129162895927601,88.95671945701358,0.19472850678733034,71,53,2.9524886877828056
CONT_002,2026-09-10 18:15:45.780613,Tomato,11.15,88.37,0.11,NORMAL,2026-09-10,18,3,Thursday,1.1500000000000004,NORMAL,NORMAL,LOW,2,LOW,LOW,11.068997050147493,20.03,-1.92,88.139203539823,100.0,61.48,0.18805309734513273,0.6,65,35,2.8997050147492627,10.869106753812636,87.4238779956427,0.1841830065359477,88,39,2.821350762527233
CONT_002,2026-09-10 18:15:47.783216,Tomato,10.0,88.77,0.11,NORMAL,2026-09-10,18,3,Thursday,0.0,NORMAL,NORMAL,LOW,2,LOW,LOW,11.068997050147493,20.03,-1.92,88.139203539823,100.0,61.48,0.18805309734513273,0.6,65,35,2.8997050147492627,10.869106753812636,87.4238779956427,0.1841830065359477,88,39,2.821350762527233
CONT_001,2026-09-10 18:15:49.789368,Avocado,10.72,93.64,0.15,NORMAL,2026-09-10,18,3,Thursday,0.7200000000000006,NORMAL,WARNING,LOW,3,MEDIUM,MEDIUM,11.294,20.58,-1.98,87.60111764705883,100.0,60.11,0.19226470588235295,0.59,62,36,2.8941176470588235,9.129162895927601,88.95671945701358,0.19472850678733034,71,53,2.9524886877828056
CONT_005,2026-09-10 18:15:51.792031,Avocado,10.25,93.24,0.07,NORMAL,2026-09-10,18,3,Thursday,0.25,NORMAL,WARNING,LOW,3,MEDIUM,MEDIUM,11.204625668449196,20.93,-1.87,87.44355614973261,100.0,60.03,0.18794117647058825,0.59,62,40,2.8181818181818183,9.129162895927601,88.95671945701358,0.19472850678733034,71,53,2.9524886877828056
CONT_004,2026-09-10 18:15:53.798360,Banana,16.73,64.85,0.28,WARNING,2026-09-10,18,3,Thursday,6.73,WARNING,LOW,MEDIUM,3,MEDIUM,MEDIUM,11.374931129476584,20.55,-1.66,87.65203856749311,100.0,60.25,0.19079889807162537,0.59,81,36,2.9421487603305785,13.473140096618359,88.16468599033817,0.1929951690821256,96,41,3.1594202898550723
CONT_003,2026-09-10 18:15:55.801270,Mango,11.16,88.39,0.19,NORMAL,2026-09-10,18,3,Thursday,1.1600000000000001,NORMAL,NORMAL,LOW,2,LOW,LOW,11.193441734417345,19.75,-0.44,87.76967479674796,100.0,60.02,0.19691056910569105,0.59,82,37,2.934959349593496,11.575468085106383,86.43734042553191,0.19323404255319152,97,51,2.6893617021276595
CONT_003,2026-09-10 18:15:57.807739,Avocado,7.48,93.94,0.13,NORMAL,2026-09-10,18,3,Thursday,2.5199999999999996,NORMAL,WARNING,LOW,3,MEDIUM,MEDIUM,11.193441734417345,19.75,-0.44,87.76967479674796,100.0,60.02,0.19691056910569105,0.59,82,37,2.934959349593496,9.129162895927601,88.95671945701358,0.19472850678733034,71,53,2.9524886877828056
CONT_003,2026-09-10 18:15:59.811617,Avocado,12.2,87.81,0.08,NORMAL,2026-09-10,18,3,Thursday,2.1999999999999993,NORMAL,NORMAL,LOW,2,LOW,LOW,11.193441734417345,19.75,-0.44,87.76967479674796,100.0,60.02,0.19691056910569105,0.59,82,37,2.934959349593496,9.129162895927601,88.95671945701358,0.19472850678733034,71,53,2.9524886877828056
CONT_004,2026-09-10 18:16:01.814696,Tomato,11.42,89.72,0.19,NORMAL,2026-09-10,18,3,Thursday,1.42,NORMAL,NORMAL,LOW,2,LOW,LOW,11.374931129476584,20.55,-1.66,87.65203856749311,100.0,60.25,0.19079889807162537,0.59,81,36,2.9421487603305785,10.869106753812636,87.4238779956427,0.1841830065359477,88,39,2.821350762527233
CONT_001,2026-09-10 18:16:03.820707,Avocado,14.67,100.0,0.26,WARNING,2026-09-10,18,3,Thursday,4.67,NORMAL,CRITICAL,MEDIUM,5,HIGH,HIGH,11.294,20.58,-1.98,87.60111764705883,100.0,60.11,0.19226470588235295,0.59,62,36,2.8941176470588235,9.129162895927601,88.95671945701358,0.19472850678733034,71,53,2.9524886877828056
CONT_001,2026-09-10 18:16:05.823492,Avocado,14.11,66.34,0.31,WARNING,2026-09-10,18,3,Thursday,4.109999999999999,NORMAL,LOW,MEDIUM,2,LOW,LOW,11.294,20.58,-1.98,87.60111764705883,100.0,60.11,0.19226470588235295,0.59,62,36,2.8941176470588235,9.129162895927601,88.95671945701358,0.19472850678733034,71,53,2.9524886877828056
CONT_002,2026-09-10 18:16:07.826902,Mango,9.0,68.04,0.21,WARNING,2026-09-10,18,3,Thursday,1.0,NORMAL,LOW,MEDIUM,2,LOW,LOW,11.068997050147493,20.03,-1.92,88.139203539823,100.0,61.48,0.18805309734513273,0.6,65,35,2.8997050147492627,11.575468085106383,86.43734042553191,0.19323404255319152,97,51,2.6893617021276595
CONT_002,2026-09-10 18:16:09.829589,Avocado,8.33,89.58,0.1,NORMAL,2026-09-10,18,3,Thursday,1.67,NORMAL,NORMAL,LOW,2,LOW,LOW,11.068997050147493,20.03,-1.92,88.139203539823,100.0,61.48,0.18805309734513273,0.6,65,35,2.8997050147492627,9.129162895927601,88.95671945701358,0.19472850678733034,71,53,2.9524886877828056
CONT_003,2026-09-10 18:16:11.832840,Mango,10.99,86.94,0.16,NORMAL,2026-09-10,18,3,Thursday,0.9900000000000002,NORMAL,NORMAL,LOW,2,LOW,LOW,11.193441734417345,19.75,-0.44,87.76967479674796,100.0,60.02,0.19691056910569105,0.59,82,37,2.934959349593496,11.575468085106383,86.43734042553191,0.19323404255319152,97,51,2.6893617021276595
CONT_003,2026-09-10 18:16:13.839544,Tomato,6.72,74.62,0.58,ANOMALY,2026-09-10,18,3,Thursday,3.2800000000000002,NORMAL,NORMAL,HIGH,4,MEDIUM,MEDIUM,11.193441734417345,19.75,-0.44,87.76967479674796,100.0,60.02,0.19691056910569105,0.59,82,37,2.934959349593496,10.869106753812636,87.4238779956427,0.1841830065359477,88,39,2.821350762527233
CONT_005,2026-09-10 18:16:15.842639,Mango,11.91,89.14,0.1,NORMAL,2026-09-10,18,3,Thursday,1.9100000000000001,NORMAL,NORMAL,LOW,2,LOW,LOW,11.204625668449196,20.93,-1.87,87.44355614973261,100.0,60.03,0.18794117647058825,0.59,62,40,2.8181818181818183,11.575468085106383,86.43734042553191,0.19323404255319152,97,51,2.6893617021276595
CONT_004,2026-09-10 18:16:17.845963,Tomato,7.18,100.0,0.28,WARNING,2026-09-10,18,3,Thursday,2.8200000000000003,NORMAL,CRITICAL,MEDIUM,5,HIGH,HIGH,11.374931129476584,20.55,-1.66,87.65203856749311,100.0,60.25,0.19079889807162537,0.59,81,36,2.9421487603305785,10.869106753812636,87.4238779956427,0.1841830065359477,88,39,2.821350762527233
CONT_004,2026-09-10 18:16:19.848944,Avocado,6.34,90.75,0.14,NORMAL,2026-09-10,18,3,Thursday,3.66,NORMAL,WARNING,LOW,3,MEDIUM,MEDIUM,11.374931129476584,20.55,-1.66,87.65203856749311,100.0,60.25,0.19079889807162537,0.59,81,36,2.9421487603305785,9.129162895927601,88.95671945701358,0.19472850678733034,71,53,2.9524886877828056
CONT_001,2026-09-10 18:16:21.854815,Tomato,11.2,92.61,0.1,NORMAL,2026-09-10,18,3,Thursday,1.1999999999999993,NORMAL,WARNING,LOW,3,MEDIUM,MEDIUM,11.294,20.58,-1.98,87.60111764705883,100.0,60.11,0.19226470588235295,0.59,62,36,2.8941176470588235,10.869106753812636,87.4238779956427,0.1841830065359477,88,39,2.821350762527233
CONT_003,2026-09-10 18:16:23.863438,Avocado,6.2,93.45,0.12,NORMAL,2026-09-10,18,3,Thursday,3.8,NORMAL,WARNING,LOW,3,MEDIUM,MEDIUM,11.193441734417345,19.75,-0.44,87.76967479674796,100.0,60.02,0.19691056910569105,0.59,82,37,2.934959349593496,9.129162895927601,88.95671945701358,0.19472850678733034,71,53,2.9524886877828056
CONT_002,2026-09-10 18:16:25.865863,Banana,8.82,63.73,0.53,ANOMALY,2026-09-10,18,3,Thursday,1.1799999999999997,NORMAL,LOW,HIGH,3,MEDIUM,MEDIUM,11.068997050147493,20.03,-1.92,88.139203539823,100.0,61.48,0.18805309734513273,0.6,65,35,2.8997050147492627,13.473140096618359,88.16468599033817,0.1929951690821256,96,41,3.1594202898550723
CONT_001,2026-09-10 18:16:27.871770,Mango,15.89,61.46,0.32,WARNING,2026-09-10,18,3,Thursday,5.890000000000001,WARNING,LOW,MEDIUM,3,MEDIUM,MEDIUM,11.294,20.58,-1.98,87.60111764705883,100.0,60.11,0.19226470588235295,0.59,62,36,2.8941176470588235,11.575468085106383,86.43734042553191,0.19323404255319152,97,51,2.6893617021276595
CONT_002,2026-09-10 18:16:29.874541,Tomato,7.58,63.91,0.27,WARNING,2026-09-10,18,3,Thursday,2.42,NORMAL,LOW,MEDIUM,2,LOW,LOW,11.068997050147493,20.03,-1.92,88.139203539823,100.0,61.48,0.18805309734513273,0.6,65,35,2.8997050147492627,10.869106753812636,87.4238779956427,0.1841830065359477,88,39,2.821350762527233
CONT_003,2026-09-10 18:16:31.877587,Tomato,10.93,93.46,0.13,NORMAL,2026-09-10,18,3,Thursday,0.9299999999999997,NORMAL,WARNING,LOW,3,MEDIUM,MEDIUM,11.193441734417345,19.75,-0.44,87.76967479674796,100.0,60.02,0.19691056910569105,0.59,82,37,2.934959349593496,10.869106753812636,87.4238779956427,0.1841830065359477,88,39,2.821350762527233
CONT_002,2026-09-10 18:16:33.880762,Mango,14.5,100.0,0.29,WARNING,2026-09-10,18,3,Thursday,4.5,NORMAL,CRITICAL,MEDIUM,5,HIGH,HIGH,11.068997050147493,20.03,-1.92,88.139203539823,100.0,61.48,0.18805309734513273,0.6,65,35,2.8997050147492627,11.575468085106383,86.43734042553191,0.19323404255319152,97,51,2.6893617021276595
CONT_005,2026-09-10 18:16:35.889923,Tomato,11.05,94.15,0.18,NORMAL,2026-09-10,18,3,Thursday,1.0500000000000007,NORMAL,WARNING,LOW,3,MEDIUM,MEDIUM,11.204625668449196,20.93,-1.87,87.44355614973261,100.0,60.03,0.18794117647058825,0.59,62,40,2.8181818181818183,10.869106753812636,87.4238779956427,0.1841830065359477,88,39,2.821350762527233
CONT_002,2026-09-10 18:16:37.896971,Tomato,13.25,69.61,0.24,WARNING,2026-09-10,18,3,Thursday,3.25,NORMAL,LOW,MEDIUM,2,LOW,LOW,11.068997050147493,20.03,-1.92,88.139203539823,100.0,61.48,0.18805309734513273,0.6,65,35,2.8997050147492627,10.869106753812636,87.4238779956427,0.1841830065359477,88,39,2.821350762527233
CONT_002,2026-09-10 18:16:39.899684,Banana,10.43,70.33,0.27,WARNING,2026-09-10,18,3,Thursday,0.4299999999999997,NORMAL,NORMAL,MEDIUM,3,MEDIUM,MEDIUM,11.068997050147493,20.03,-1.92,88.139203539823,100.0,61.48,0.18805309734513273,0.6,65,35,2.8997050147492627,13.473140096618359,88.16468599033817,0.1929951690821256,96,41,3.1594202898550723
CONT_003,2026-09-10 18:16:41.906212,Banana,13.74,94.11,0.09,NORMAL,2026-09-10,18,3,Thursday,3.74,NORMAL,WARNING,LOW,3,MEDIUM,MEDIUM,11.193441734417345,19.75,-0.44,87.76967479674796,100.0,60.02,0.19691056910569105,0.59,82,37,2.934959349593496,13.473140096618359,88.16468599033817,0.1929951690821256,96,41,3.1594202898550723
CONT_004,2026-09-10 18:16:43.908432,Avocado,9.91,86.94,0.11,NORMAL,2026-09-10,18,3,Thursday,0.08999999999999986,NORMAL,NORMAL,LOW,2,LOW,LOW,11.374931129476584,20.55,-1.66,87.65203856749311,100.0,60.25,0.19079889807162537,0.59,81,36,2.9421487603305785,9.129162895927601,88.95671945701358,0.19472850678733034,71,53,2.9524886877828056
CONT_003,2026-09-10 18:16:45.911220,Banana,13.02,89.59,0.11,NORMAL,2026-09-10,18,3,Thursday,3.0199999999999996,NORMAL,NORMAL,LOW,2,LOW,LOW,11.193441734417345,19.75,-0.44,87.76967479674796,100.0,60.02,0.19691056910569105,0.59,82,37,2.934959349593496,13.473140096618359,88.16468599033817,0.1929951690821256,96,41,3.1594202898550723
CONT_001,2026-09-10 18:16:47.913739,Tomato,10.68,85.77,0.08,NORMAL,2026-09-10,18,3,Thursday,0.6799999999999997,NORMAL,NORMAL,LOW,2,LOW,LOW,11.294,20.58,-1.98,87.60111764705883,100.0,60.11,0.19226470588235295,0.59,62,36,2.8941176470588235,10.869106753812636,87.4238779956427,0.1841830065359477,88,39,2.821350762527233
CONT_003,2026-09-10 18:16:49.920243,Banana,13.85,86.28,0.19,NORMAL,2026-09-10,18,3,Thursday,3.8499999999999996,NORMAL,NORMAL,LOW,2,LOW,LOW,11.193441734417345,19.75,-0.44,87.76967479674796,100.0,60.02,0.19691056910569105,0.59,82,37,2.934959349593496,13.473140096618359,88.16468599033817,0.1929951690821256,96,41,3.1594202898550723
CONT_002,2026-09-10 18:16:51.923193,Avocado,19.1,100.0,0.59,ANOMALY,2026-09-10,18,3,Thursday,9.100000000000001,WARNING,CRITICAL,HIGH,7,CRITICAL,CRITICAL,11.068997050147493,20.03,-1.92,88.139203539823,100.0,61.48,0.18805309734513273,0.6,65,35,2.8997050147492627,9.129162895927601,88.95671945701358,0.19472850678733034,71,53,2.9524886877828056
CONT_005,2026-09-10 18:16:53.925564,Avocado,6.75,94.78,0.08,NORMAL,2026-09-10,18,3,Thursday,3.25,NORMAL,WARNING,LOW,3,MEDIUM,MEDIUM,11.204625668449196,20.93,-1.87,87.44355614973261,100.0,60.03,0.18794117647058825,0.59,62,40,2.8181818181818183,9.129162895927601,88.95671945701358,0.19472850678733034,71,53,2.9524886877828056
CONT_003,2026-09-10 18:16:55.928772,Mango,4.3,100.0,0.52,ANOMALY,2026-09-10,18,3,Thursday,5.7,LOW,CRITICAL,HIGH,5,HIGH,HIGH,11.193441734417345,19.75,-0.44,87.76967479674796,100.0,60.02,0.19691056910569105,0.59,82,37,2.934959349593496,11.575468085106383,86.43734042553191,0.19323404255319152,97,51,2.6893617021276595
CONT_005,2026-09-10 18:16:57.931067,Avocado,6.31,91.26,0.14,NORMAL,2026-09-10,18,3,Thursday,3.6900000000000004,NORMAL,WARNING,LOW,3,MEDIUM,MEDIUM,11.204625668449196,20.93,-1.87,87.44355614973261,100.0,60.03,0.18794117647058825,0.59,62,40,2.8181818181818183,9.129162895927601,88.95671945701358,0.19472850678733034,71,53,2.9524886877828056
CONT_003,2026-09-10 18:16:59.933459,Mango,11.42,89.52,0.18,NORMAL,2026-09-10,18,3,Thursday,1.42,NORMAL,NORMAL,LOW,2,LOW,LOW,11.193441734417345,19.75,-0.44,87.76967479674796,100.0,60.02,0.19691056910569105,0.59,82,37,2.934959349593496,11.575468085106383,86.43734042553191,0.19323404255319152,97,51,2.6893617021276595
CONT_004,2026-09-10 18:17:01.939833,Avocado,10.4,86.21,0.08,NORMAL,2026-09-10,18,3,Thursday,0.40000000000000036,NORMAL,NORMAL,LOW,2,LOW,LOW,11.374931129476584,20.55,-1.66,87.65203856749311,100.0,60.25,0.19079889807162537,0.59,81,36,2.9421487603305785,9.129162895927601,88.95671945701358,0.19472850678733034,71,53,2.9524886877828056
CONT_004,2026-09-10 18:17:03.944890,Avocado,8.58,91.4,0.07,NORMAL,2026-09-10,18,3,Thursday,1.42,NORMAL,WARNING,LOW,3,MEDIUM,MEDIUM,11.374931129476584,20.55,-1.66,87.65203856749311,100.0,60.25,0.19079889807162537,0.59,81,36,2.9421487603305785,9.129162895927601,88.95671945701358,0.19472850678733034,71,53,2.9524886877828056
CONT_001,2026-09-10 18:17:05.948591,Banana,17.73,100.0,0.58,ANOMALY,2026-09-10,18,3,Thursday,7.73,WARNING,CRITICAL,HIGH,7,CRITICAL,CRITICAL,11.294,20.58,-1.98,87.60111764705883,100.0,60.11,0.19226470588235295,0.59,62,36,2.8941176470588235,13.473140096618359,88.16468599033817,0.1929951690821256,96,41,3.1594202898550723
CONT_004,2026-09-10 18:17:07.955222,Mango,12.64,88.97,0.1,NORMAL,2026-09-10,18,3,Thursday,2.6400000000000006,NORMAL,NORMAL,LOW,2,LOW,LOW,11.374931129476584,20.55,-1.66,87.65203856749311,100.0,60.25,0.19079889807162537,0.59,81,36,2.9421487603305785,11.575468085106383,86.43734042553191,0.19323404255319152,97,51,2.6893617021276595
CONT_004,2026-09-10 18:17:09.957898,Mango,10.67,88.26,0.12,NORMAL,2026-09-10,18,3,Thursday,0.6699999999999999,NORMAL,NORMAL,LOW,2,LOW,LOW,11.374931129476584,20.55,-1.66,87.65203856749311,100.0,60.25,0.19079889807162537,0.59,81,36,2.9421487603305785,11.575468085106383,86.43734042553191,0.19323404255319152,97,51,2.6893617021276595
CONT_004,2026-09-10 18:17:11.960335,Tomato,11.0,92.63,0.1,NORMAL,2026-09-10,18,3,Thursday,1.0,NORMAL,WARNING,LOW,3,MEDIUM,MEDIUM,11.374931129476584,20.55,-1.66,87.65203856749311,100.0,60.25,0.19079889807162537,0.59,81,36,2.9421487603305785,10.869106753812636,87.4238779956427,0.1841830065359477,88,39,2.821350762527233
CONT_005,2026-09-10 18:17:13.962978,Tomato,6.96,66.55,0.53,ANOMALY,2026-09-10,18,3,Thursday,3.04,NORMAL,LOW,HIGH,3,MEDIUM,MEDIUM,11.204625668449196,20.93,-1.87,87.44355614973261,100.0,60.03,0.18794117647058825,0.59,62,40,2.8181818181818183,10.869106753812636,87.4238779956427,0.1841830065359477,88,39,2.821350762527233
CONT_002,2026-09-10 18:17:15.971079,Mango,12.1,88.15,0.11,NORMAL,2026-09-10,18,3,Thursday,2.0999999999999996,NORMAL,NORMAL,LOW,2,LOW,LOW,11.068997050147493,20.03,-1.92,88.139203539823,100.0,61.48,0.18805309734513273,0.6,65,35,2.8997050147492627,11.575468085106383,86.43734042553191,0.19323404255319152,97,51,2.6893617021276595
CONT_002,2026-09-10 18:17:17.973783,Mango,12.58,86.87,0.05,NORMAL,2026-09-10,18,3,Thursday,2.58,NORMAL,NORMAL,LOW,2,LOW,LOW,11.068997050147493,20.03,-1.92,88.139203539823,100.0,61.48,0.18805309734513273,0.6,65,35,2.8997050147492627,11.575468085106383,86.43734042553191,0.19323404255319152,97,51,2.6893617021276595
CONT_002,2026-09-10 18:17:19.976677,Banana,11.03,100.0,0.23,WARNING,2026-09-10,18,3,Thursday,1.0299999999999994,NORMAL,CRITICAL,MEDIUM,5,HIGH,HIGH,11.068997050147493,20.03,-1.92,88.139203539823,100.0,61.48,0.18805309734513273,0.6,65,35,2.8997050147492627,13.473140096618359,88.16468599033817,0.1929951690821256,96,41,3.1594202898550723
CONT_003,2026-09-10 18:17:21.979863,Banana,13.21,85.6,0.18,NORMAL,2026-09-10,18,3,Thursday,3.210000000000001,NORMAL,NORMAL,LOW,2,LOW,LOW,11.193441734417345,19.75,-0.44,87.76967479674796,100.0,60.02,0.19691056910569105,0.59,82,37,2.934959349593496,13.473140096618359,88.16468599033817,0.1929951690821256,96,41,3.1594202898550723
CONT_001,2026-09-10 18:17:23.982625,Tomato,5.12,100.0,0.36,ANOMALY,2026-09-10,18,3,Thursday,4.88,NORMAL,CRITICAL,MEDIUM,5,HIGH,HIGH,11.294,20.58,-1.98,87.60111764705883,100.0,60.11,0.19226470588235295,0.59,62,36,2.8941176470588235,10.869106753812636,87.4238779956427,0.1841830065359477,88,39,2.821350762527233
CONT_004,2026-09-10 18:17:25.990329,Avocado,15.38,73.54,0.25,WARNING,2026-09-10,18,3,Thursday,5.380000000000001,WARNING,NORMAL,MEDIUM,4,MEDIUM,MEDIUM,11.374931129476584,20.55,-1.66,87.65203856749311,100.0,60.25,0.19079889807162537,0.59,81,36,2.9421487603305785,9.129162895927601,88.95671945701358,0.19472850678733034,71,53,2.9524886877828056
CONT_004,2026-09-10 18:17:27.993007,Banana,13.48,86.3,0.18,NORMAL,2026-09-10,18,3,Thursday,3.4800000000000004,NORMAL,NORMAL,LOW,2,LOW,LOW,11.374931129476584,20.55,-1.66,87.65203856749311,100.0,60.25,0.19079889807162537,0.59,81,36,2.9421487603305785,13.473140096618359,88.16468599033817,0.1929951690821256,96,41,3.1594202898550723
CONT_003,2026-09-10 18:17:29.995982,Avocado,12.88,93.38,0.1,NORMAL,2026-09-10,18,3,Thursday,2.880000000000001,NORMAL,WARNING,LOW,3,MEDIUM,MEDIUM,11.193441734417345,19.75,-0.44,87.76967479674796,100.0,60.02,0.19691056910569105,0.59,82,37,2.934959349593496,9.129162895927601,88.95671945701358,0.19472850678733034,71,53,2.9524886877828056
CONT_004,2026-09-10 18:17:32.003140,Avocado,16.94,100.0,0.37,ANOMALY,2026-09-10,18,3,Thursday,6.940000000000001,WARNING,CRITICAL,MEDIUM,6,HIGH,HIGH,11.374931129476584,20.55,-1.66,87.65203856749311,100.0,60.25,0.19079889807162537,0.59,81,36,2.9421487603305785,9.129162895927601,88.95671945701358,0.19472850678733034,71,53,2.9524886877828056
CONT_003,2026-09-10 18:17:34.006467,Banana,13.42,94.84,0.13,NORMAL,2026-09-10,18,3,Thursday,3.42,NORMAL,WARNING,LOW,3,MEDIUM,MEDIUM,11.193441734417345,19.75,-0.44,87.76967479674796,100.0,60.02,0.19691056910569105,0.59,82,37,2.934959349593496,13.473140096618359,88.16468599033817,0.1929951690821256,96,41,3.1594202898550723
CONT_003,2026-09-10 18:17:36.009381,Mango,10.03,85.29,0.11,NORMAL,2026-09-10,18,3,Thursday,0.02999999999999936,NORMAL,NORMAL,LOW,2,LOW,LOW,11.193441734417345,19.75,-0.44,87.76967479674796,100.0,60.02,0.19691056910569105,0.59,82,37,2.934959349593496,11.575468085106383,86.43734042553191,0.19323404255319152,97,51,2.6893617021276595
CONT_003,2026-09-10 18:17:38.012352,Tomato,10.48,91.44,0.08,NORMAL,2026-09-10,18,3,Thursday,0.4800000000000004,NORMAL,WARNING,LOW,3,MEDIUM,MEDIUM,11.193441734417345,19.75,-0.44,87.76967479674796,100.0,60.02,0.19691056910569105,0.59,82,37,2.934959349593496,10.869106753812636,87.4238779956427,0.1841830065359477,88,39,2.821350762527233
CONT_001,2026-09-10 18:17:40.016072,Tomato,14.65,67.87,0.21,WARNING,2026-09-10,18,3,Thursday,4.65,NORMAL,LOW,MEDIUM,2,LOW,LOW,11.294,20.58,-1.98,87.60111764705883,100.0,60.11,0.19226470588235295,0.59,62,36,2.8941176470588235,10.869106753812636,87.4238779956427,0.1841830065359477,88,39,2.821350762527233
CONT_005,2026-09-10 18:17:42.021886,Banana,18.63,100.0,0.5,ANOMALY,2026-09-10,18,3,Thursday,8.629999999999999,WARNING,CRITICAL,HIGH,7,CRITICAL,CRITICAL,11.204625668449196,20.93,-1.87,87.44355614973261,100.0,60.03,0.18794117647058825,0.59,62,40,2.8181818181818183,13.473140096618359,88.16468599033817,0.1929951690821256,96,41,3.1594202898550723
CONT_004,2026-09-10 18:17:44.025497,Banana,13.73,92.65,0.05,NORMAL,2026-09-10,18,3,Thursday,3.7300000000000004,NORMAL,WARNING,LOW,3,MEDIUM,MEDIUM,11.374931129476584,20.55,-1.66,87.65203856749311,100.0,60.25,0.19079889807162537,0.59,81,36,2.9421487603305785,13.473140096618359,88.16468599033817,0.1929951690821256,96,41,3.1594202898550723
CONT_004,2026-09-10 18:17:46.029101,Mango,8.44,62.75,0.29,WARNING,2026-09-10,18,3,Thursday,1.5600000000000005,NORMAL,LOW,MEDIUM,2,LOW,LOW,11.374931129476584,20.55,-1.66,87.65203856749311,100.0,60.25,0.19079889807162537,0.59,81,36,2.9421487603305785,11.575468085106383,86.43734042553191,0.19323404255319152,97,51,2.6893617021276595
CONT_003,2026-09-10 18:17:48.032446,Tomato,10.68,85.8,0.16,NORMAL,2026-09-10,18,3,Thursday,0.6799999999999997,NORMAL,NORMAL,LOW,2,LOW,LOW,11.193441734417345,19.75,-0.44,87.76967479674796,100.0,60.02,0.19691056910569105,0.59,82,37,2.934959349593496,10.869106753812636,87.4238779956427,0.1841830065359477,88,39,2.821350762527233
CONT_001,2026-09-10 18:17:50.040824,Mango,15.95,100.0,0.29,WARNING,2026-09-10,18,3,Thursday,5.949999999999999,WARNING,CRITICAL,MEDIUM,6,HIGH,HIGH,11.294,20.58,-1.98,87.60111764705883,100.0,60.11,0.19226470588235295,0.59,62,36,2.8941176470588235,11.575468085106383,86.43734042553191,0.19323404255319152,97,51,2.6893617021276595
CONT_001,2026-09-10 18:17:52.044974,Tomato,7.42,100.0,0.34,WARNING,2026-09-10,18,3,Thursday,2.58,NORMAL,CRITICAL,MEDIUM,5,HIGH,HIGH,11.294,20.58,-1.98,87.60111764705883,100.0,60.11,0.19226470588235295,0.59,62,36,2.8941176470588235,10.869106753812636,87.4238779956427,0.1841830065359477,88,39,2.821350762527233
CONT_004,2026-09-10 18:17:54.054991,Tomato,8.55,60.66,0.34,WARNING,2026-09-10,18,3,Thursday,1.4499999999999993,NORMAL,LOW,MEDIUM,2,LOW,LOW,11.374931129476584,20.55,-1.66,87.65203856749311,100.0,60.25,0.19079889807162537,0.59,81,36,2.9421487603305785,10.869106753812636,87.4238779956427,0.1841830065359477,88,39,2.821350762527233
CONT_004,2026-09-10 18:17:56.059752,Tomato,14.4,61.33,0.33,WARNING,2026-09-10,18,3,Thursday,4.4,NORMAL,LOW,MEDIUM,2,LOW,LOW,11.374931129476584,20.55,-1.66,87.65203856749311,100.0,60.25,0.19079889807162537,0.59,81,36,2.9421487603305785,10.869106753812636,87.4238779956427,0.1841830065359477,88,39,2.821350762527233
CONT_003,2026-09-10 18:17:58.062878,Avocado,12.76,93.01,0.1,NORMAL,2026-09-10,18,3,Thursday,2.76,NORMAL,WARNING,LOW,3,MEDIUM,MEDIUM,11.193441734417345,19.75,-0.44,87.76967479674796,100.0,60.02,0.19691056910569105,0.59,82,37,2.934959349593496,9.129162895927601,88.95671945701358,0.19472850678733034,71,53,2.9524886877828056
CONT_002,2026-09-10 18:18:00.065240,Avocado,5.57,85.63,0.12,NORMAL,2026-09-10,18,3,Thursday,4.43,NORMAL,NORMAL,LOW,2,LOW,LOW,11.068997050147493,20.03,-1.92,88.139203539823,100.0,61.48,0.18805309734513273,0.6,65,35,2.8997050147492627,9.129162895927601,88.95671945701358,0.19472850678733034,71,53,2.9524886877828056
CONT_002,2026-09-10 18:18:02.073651,Mango,12.23,86.49,0.1,NORMAL,2026-09-10,18,3,Thursday,2.2300000000000004,NORMAL,NORMAL,LOW,2,LOW,LOW,11.068997050147493,20.03,-1.92,88.139203539823,100.0,61.48,0.18805309734513273,0.6,65,35,2.8997050147492627,11.575468085106383,86.43734042553191,0.19323404255319152,97,51,2.6893617021276595
CONT_005,2026-09-10 18:18:04.076996,Tomato,10.33,86.06,0.06,NORMAL,2026-09-10,18,3,Thursday,0.33000000000000007,NORMAL,NORMAL,LOW,2,LOW,LOW,11.204625668449196,20.93,-1.87,87.44355614973261,100.0,60.03,0.18794117647058825,0.59,62,40,2.8181818181818183,10.869106753812636,87.4238779956427,0.1841830065359477,88,39,2.821350762527233
CONT_002,2026-09-10 18:18:06.080275,Avocado,2.55,100.0,0.2,WARNING,2026-09-10,18,3,Thursday,7.45,LOW,CRITICAL,LOW,3,MEDIUM,MEDIUM,11.068997050147493,20.03,-1.92,88.139203539823,100.0,61.48,0.18805309734513273,0.6,65,35,2.8997050147492627,9.129162895927601,88.95671945701358,0.19472850678733034,71,53,2.9524886877828056
CONT_005,2026-09-10 18:18:08.083548,Tomato,10.9,92.94,0.14,NORMAL,2026-09-10,18,3,Thursday,0.9000000000000004,NORMAL,WARNING,LOW,3,MEDIUM,MEDIUM,11.204625668449196,20.93,-1.87,87.44355614973261,100.0,60.03,0.18794117647058825,0.59,62,40,2.8181818181818183,10.869106753812636,87.4238779956427,0.1841830065359477,88,39,2.821350762527233
CONT_001,2026-09-10 18:18:10.101426,Mango,14.83,100.0,0.26,WARNING,2026-09-10,18,3,Thursday,4.83,NORMAL,CRITICAL,MEDIUM,5,HIGH,HIGH,11.294,20.58,-1.98,87.60111764705883,100.0,60.11,0.19226470588235295,0.59,62,36,2.8941176470588235,11.575468085106383,86.43734042553191,0.19323404255319152,97,51,2.6893617021276595
CONT_002,2026-09-10 18:18:12.108505,Mango,11.35,88.32,0.16,NORMAL,2026-09-10,18,3,Thursday,1.3499999999999996,NORMAL,NORMAL,LOW,2,LOW,LOW,11.068997050147493,20.03,-1.92,88.139203539823,100.0,61.48,0.18805309734513273,0.6,65,35,2.8997050147492627,11.575468085106383,86.43734042553191,0.19323404255319152,97,51,2.6893617021276595
CONT_003,2026-09-10 18:18:14.112698,Banana,13.57,85.24,0.06,NORMAL,2026-09-10,18,3,Thursday,3.5700000000000003,NORMAL,NORMAL,LOW,2,LOW,LOW,11.193441734417345,19.75,-0.44,87.76967479674796,100.0,60.02,0.19691056910569105,0.59,82,37,2.934959349593496,13.473140096618359,88.16468599033817,0.1929951690821256,96,41,3.1594202898550723
CONT_001,2026-09-10 18:18:16.115012,Mango,11.12,88.84,0.19,NORMAL,2026-09-10,18,3,Thursday,1.1199999999999992,NORMAL,NORMAL,LOW,2,LOW,LOW,11.294,20.58,-1.98,87.60111764705883,100.0,60.11,0.19226470588235295,0.59,62,36,2.8941176470588235,11.575468085106383,86.43734042553191,0.19323404255319152,97,51,2.6893617021276595
CONT_001,2026-09-10 18:18:18.117399,Avocado,5.2,86.44,0.1,NORMAL,2026-09-10,18,3,Thursday,4.8,NORMAL,NORMAL,LOW,2,LOW,LOW,11.294,20.58,-1.98,87.60111764705883,100.0,60.11,0.19226470588235295,0.59,62,36,2.8941176470588235,9.129162895927601,88.95671945701358,0.19472850678733034,71,53,2.9524886877828056
CONT_001,2026-09-10 18:18:20.120263,Banana,13.27,92.54,0.11,NORMAL,2026-09-10,18,3,Thursday,3.2699999999999996,NORMAL,WARNING,LOW,3,MEDIUM,MEDIUM,11.294,20.58,-1.98,87.60111764705883,100.0,60.11,0.19226470588235295,0.59,62,36,2.8941176470588235,13.473140096618359,88.16468599033817,0.1929951690821256,96,41,3.1594202898550723
CONT_003,2026-09-10 18:18:22.127916,Avocado,5.83,85.96,0.08,NORMAL,2026-09-10,18,3,Thursday,4.17,NORMAL,NORMAL,LOW,2,LOW,LOW,11.193441734417345,19.75,-0.44,87.76967479674796,100.0,60.02,0.19691056910569105,0.59,82,37,2.934959349593496,9.129162895927601,88.95671945701358,0.19472850678733034,71,53,2.9524886877828056
CONT_001,2026-09-10 18:20:05.782098,Mango,10.46,86.41,0.08,NORMAL,2026-09-10,18,3,Thursday,0.46000000000000085,NORMAL,NORMAL,LOW,2,LOW,LOW,11.294,20.58,-1.98,87.60111764705883,100.0,60.11,0.19226470588235295,0.59,62,36,2.8941176470588235,11.575468085106383,86.43734042553191,0.19323404255319152,97,51,2.6893617021276595
CONT_003,2026-09-10 18:20:07.840801,Avocado,6.56,94.18,0.14,NORMAL,2026-09-10,18,3,Thursday,3.4400000000000004,NORMAL,WARNING,LOW,3,MEDIUM,MEDIUM,11.193441734417345,19.75,-0.44,87.76967479674796,100.0,60.02,0.19691056910569105,0.59,82,37,2.934959349593496,9.129162895927601,88.95671945701358,0.19472850678733034,71,53,2.9524886877828056
CONT_001,2026-09-10 18:20:09.843202,Tomato,11.87,85.27,0.11,NORMAL,2026-09-10,18,3,Thursday,1.8699999999999992,NORMAL,NORMAL,LOW,2,LOW,LOW,11.294,20.58,-1.98,87.60111764705883,100.0,60.11,0.19226470588235295,0.59,62,36,2.8941176470588235,10.869106753812636,87.4238779956427,0.1841830065359477,88,39,2.821350762527233
CONT_005,2026-09-10 18:20:11.846109,Banana,13.04,90.13,0.11,NORMAL,2026-09-10,18,3,Thursday,3.039999999999999,NORMAL,WARNING,LOW,3,MEDIUM,MEDIUM,11.204625668449196,20.93,-1.87,87.44355614973261,100.0,60.03,0.18794117647058825,0.59,62,40,2.8181818181818183,13.473140096618359,88.16468599033817,0.1929951690821256,96,41,3.1594202898550723
CONT_005,2026-09-10 18:20:13.850527,Tomato,11.44,86.02,0.16,NORMAL,2026-09-10,18,3,Thursday,1.4399999999999995,NORMAL,NORMAL,LOW,2,LOW,LOW,11.204625668449196,20.93,-1.87,87.44355614973261,100.0,60.03,0.18794117647058825,0.59,62,40,2.8181818181818183,10.869106753812636,87.4238779956427,0.1841830065359477,88,39,2.821350762527233
CONT_004,2026-09-10 18:20:15.853709,Mango,11.34,87.09,0.17,NORMAL,2026-09-10,18,3,Thursday,1.3399999999999999,NORMAL,NORMAL,LOW,2,LOW,LOW,11.374931129476584,20.55,-1.66,87.65203856749311,100.0,60.25,0.19079889807162537,0.59,81,36,2.9421487603305785,11.575468085106383,86.43734042553191,0.19323404255319152,97,51,2.6893617021276595
CONT_001,2026-09-10 18:20:17.857098,Tomato,11.77,90.9,0.19,NORMAL,2026-09-10,18,3,Thursday,1.7699999999999996,NORMAL,WARNING,LOW,3,MEDIUM,MEDIUM,11.294,20.58,-1.98,87.60111764705883,100.0,60.11,0.19226470588235295,0.59,62,36,2.8941176470588235,10.869106753812636,87.4238779956427,0.1841830065359477,88,39,2.821350762527233
CONT_004,2026-09-10 18:20:19.859583,Mango,12.21,89.01,0.1,NORMAL,2026-09-10,18,3,Thursday,2.210000000000001,NORMAL,NORMAL,LOW,2,LOW,LOW,11.374931129476584,20.55,-1.66,87.65203856749311,100.0,60.25,0.19079889807162537,0.59,81,36,2.9421487603305785,11.575468085106383,86.43734042553191,0.19323404255319152,97,51,2.6893617021276595
CONT_003,2026-09-10 18:20:21.862694,Mango,11.81,85.46,0.06,NORMAL,2026-09-10,18,3,Thursday,1.8100000000000005,NORMAL,NORMAL,LOW,2,LOW,LOW,11.193441734417345,19.75,-0.44,87.76967479674796,100.0,60.02,0.19691056910569105,0.59,82,37,2.934959349593496,11.575468085106383,86.43734042553191,0.19323404255319152,97,51,2.6893617021276595
CONT_002,2026-09-10 18:20:23.869238,Tomato,17.63,62.04,0.48,ANOMALY,2026-09-10,18,3,Thursday,7.629999999999999,WARNING,LOW,HIGH,4,MEDIUM,MEDIUM,11.068997050147493,20.03,-1.92,88.139203539823,100.0,61.48,0.18805309734513273,0.6,65,35,2.8997050147492627,10.869106753812636,87.4238779956427,0.1841830065359477,88,39,2.821350762527233
CONT_005,2026-09-10 18:20:25.886258,Avocado,6.14,94.08,0.07,NORMAL,2026-09-10,18,3,Thursday,3.8600000000000003,NORMAL,WARNING,LOW,3,MEDIUM,MEDIUM,11.204625668449196,20.93,-1.87,87.44355614973261,100.0,60.03,0.18794117647058825,0.59,62,40,2.8181818181818183,9.129162895927601,88.95671945701358,0.19472850678733034,71,53,2.9524886877828056
CONT_003,2026-09-10 18:20:27.889895,Tomato,10.52,88.26,0.19,NORMAL,2026-09-10,18,3,Thursday,0.5199999999999996,NORMAL,NORMAL,LOW,2,LOW,LOW,11.193441734417345,19.75,-0.44,87.76967479674796,100.0,60.02,0.19691056910569105,0.59,82,37,2.934959349593496,10.869106753812636,87.4238779956427,0.1841830065359477,88,39,2.821350762527233
CONT_005,2026-09-10 18:20:29.893332,Mango,10.97,88.53,0.06,NORMAL,2026-09-10,18,3,Thursday,0.9700000000000006,NORMAL,NORMAL,LOW,2,LOW,LOW,11.204625668449196,20.93,-1.87,87.44355614973261,100.0,60.03,0.18794117647058825,0.59,62,40,2.8181818181818183,11.575468085106383,86.43734042553191,0.19323404255319152,97,51,2.6893617021276595
CONT_003,2026-09-10 18:20:31.896235,Tomato,11.99,90.44,0.1,NORMAL,2026-09-10,18,3,Thursday,1.9900000000000002,NORMAL,WARNING,LOW,3,MEDIUM,MEDIUM,11.193441734417345,19.75,-0.44,87.76967479674796,100.0,60.02,0.19691056910569105,0.59,82,37,2.934959349593496,10.869106753812636,87.4238779956427,0.1841830065359477,88,39,2.821350762527233
CONT_002,2026-09-10 18:20:33.902175,Banana,13.15,92.91,0.18,NORMAL,2026-09-10,18,3,Thursday,3.1500000000000004,NORMAL,WARNING,LOW,3,MEDIUM,MEDIUM,11.068997050147493,20.03,-1.92,88.139203539823,100.0,61.48,0.18805309734513273,0.6,65,35,2.8997050147492627,13.473140096618359,88.16468599033817,0.1929951690821256,96,41,3.1594202898550723
CONT_001,2026-09-10 18:20:35.906371,Banana,13.67,85.81,0.18,NORMAL,2026-09-10,18,3,Thursday,3.67,NORMAL,NORMAL,LOW,2,LOW,LOW,11.294,20.58,-1.98,87.60111764705883,100.0,60.11,0.19226470588235295,0.59,62,36,2.8941176470588235,13.473140096618359,88.16468599033817,0.1929951690821256,96,41,3.1594202898550723
CONT_005,2026-09-10 18:20:37.909247,Banana,13.98,91.61,0.08,NORMAL,2026-09-10,18,3,Thursday,3.9800000000000004,NORMAL,WARNING,LOW,3,MEDIUM,MEDIUM,11.204625668449196,20.93,-1.87,87.44355614973261,100.0,60.03,0.18794117647058825,0.59,62,40,2.8181818181818183,13.473140096618359,88.16468599033817,0.1929951690821256,96,41,3.1594202898550723
CONT_005,2026-09-10 18:20:39.924640,Avocado,2.93,100.0,0.34,WARNING,2026-09-10,18,3,Thursday,7.07,LOW,CRITICAL,MEDIUM,4,MEDIUM,MEDIUM,11.204625668449196,20.93,-1.87,87.44355614973261,100.0,60.03,0.18794117647058825,0.59,62,40,2.8181818181818183,9.129162895927601,88.95671945701358,0.19472850678733034,71,53,2.9524886877828056
CONT_005,2026-09-10 18:20:41.950253,Tomato,11.89,90.53,0.07,NORMAL,2026-09-10,18,3,Thursday,1.8900000000000006,NORMAL,WARNING,LOW,3,MEDIUM,MEDIUM,11.204625668449196,20.93,-1.87,87.44355614973261,100.0,60.03,0.18794117647058825,0.59,62,40,2.8181818181818183,10.869106753812636,87.4238779956427,0.1841830065359477,88,39,2.821350762527233
CONT_002,2026-09-10 18:20:43.952971,Tomato,15.55,100.0,0.5,ANOMALY,2026-09-10,18,3,Thursday,5.550000000000001,WARNING,CRITICAL,HIGH,7,CRITICAL,CRITICAL,11.068997050147493,20.03,-1.92,88.139203539823,100.0,61.48,0.18805309734513273,0.6,65,35,2.8997050147492627,10.869106753812636,87.4238779956427,0.1841830065359477,88,39,2.821350762527233
CONT_005,2026-09-10 18:20:45.955424,Banana,13.17,91.39,0.11,NORMAL,2026-09-10,18,3,Thursday,3.17,NORMAL,WARNING,LOW,3,MEDIUM,MEDIUM,11.204625668449196,20.93,-1.87,87.44355614973261,100.0,60.03,0.18794117647058825,0.59,62,40,2.8181818181818183,13.473140096618359,88.16468599033817,0.1929951690821256,96,41,3.1594202898550723
CONT_001,2026-09-10 18:20:47.958026,Banana,13.47,90.57,0.19,NORMAL,2026-09-10,18,3,Thursday,3.4700000000000006,NORMAL,WARNING,LOW,3,MEDIUM,MEDIUM,11.294,20.58,-1.98,87.60111764705883,100.0,60.11,0.19226470588235295,0.59,62,36,2.8941176470588235,13.473140096618359,88.16468599033817,0.1929951690821256,96,41,3.1594202898550723
CONT_004,2026-09-10 18:20:49.960847,Avocado,7.0,92.7,0.06,NORMAL,2026-09-10,18,3,Thursday,3.0,NORMAL,WARNING,LOW,3,MEDIUM,MEDIUM,11.374931129476584,20.55,-1.66,87.65203856749311,100.0,60.25,0.19079889807162537,0.59,81,36,2.9421487603305785,9.129162895927601,88.95671945701358,0.19472850678733034,71,53,2.9524886877828056
CONT_004,2026-09-10 18:20:51.967185,Avocado,6.07,91.05,0.09,NORMAL,2026-09-10,18,3,Thursday,3.9299999999999997,NORMAL,WARNING,LOW,3,MEDIUM,MEDIUM,11.374931129476584,20.55,-1.66,87.65203856749311,100.0,60.25,0.19079889807162537,0.59,81,36,2.9421487603305785,9.129162895927601,88.95671945701358,0.19472850678733034,71,53,2.9524886877828056
CONT_004,2026-09-10 18:20:53.969718,Avocado,7.04,88.39,0.11,NORMAL,2026-09-10,18,3,Thursday,2.96,NORMAL,NORMAL,LOW,2,LOW,LOW,11.374931129476584,20.55,-1.66,87.65203856749311,100.0,60.25,0.19079889807162537,0.59,81,36,2.9421487603305785,9.129162895927601,88.95671945701358,0.19472850678733034,71,53,2.9524886877828056
CONT_001,2026-09-10 18:20:55.972907,Banana,10.55,100.0,0.2,WARNING,2026-09-10,18,3,Thursday,0.5500000000000007,NORMAL,CRITICAL,LOW,4,MEDIUM,MEDIUM,11.294,20.58,-1.98,87.60111764705883,100.0,60.11,0.19226470588235295,0.59,62,36,2.8941176470588235,13.473140096618359,88.16468599033817,0.1929951690821256,96,41,3.1594202898550723
CONT_003,2026-09-10 18:20:57.975814,Banana,13.21,87.23,0.14,NORMAL,2026-09-10,18,3,Thursday,3.210000000000001,NORMAL,NORMAL,LOW,2,LOW,LOW,11.193441734417345,19.75,-0.44,87.76967479674796,100.0,60.02,0.19691056910569105,0.59,82,37,2.934959349593496,13.473140096618359,88.16468599033817,0.1929951690821256,96,41,3.1594202898550723
CONT_001,2026-09-10 18:20:59.979033,Avocado,6.84,91.35,0.16,NORMAL,2026-09-10,18,3,Thursday,3.16,NORMAL,WARNING,LOW,3,MEDIUM,MEDIUM,11.294,20.58,-1.98,87.60111764705883,100.0,60.11,0.19226470588235295,0.59,62,36,2.8941176470588235,9.129162895927601,88.95671945701358,0.19472850678733034,71,53,2.9524886877828056
CONT_003,2026-09-10 18:21:01.988723,Mango,10.56,86.33,0.14,NORMAL,2026-09-10,18,3,Thursday,0.5600000000000005,NORMAL,NORMAL,LOW,2,LOW,LOW,11.193441734417345,19.75,-0.44,87.76967479674796,100.0,60.02,0.19691056910569105,0.59,82,37,2.934959349593496,11.575468085106383,86.43734042553191,0.19323404255319152,97,51,2.6893617021276595
CONT_003,2026-09-10 18:21:04.017016,Avocado,11.11,89.6,0.12,NORMAL,2026-09-10,18,3,Thursday,1.1099999999999994,NORMAL,NORMAL,LOW,2,LOW,LOW,11.193441734417345,19.75,-0.44,87.76967479674796,100.0,60.02,0.19691056910569105,0.59,82,37,2.934959349593496,9.129162895927601,88.95671945701358,0.19472850678733034,71,53,2.9524886877828056
CONT_005,2026-09-10 18:21:06.020767,Tomato,11.36,86.07,0.18,NORMAL,2026-09-10,18,3,Thursday,1.3599999999999994,NORMAL,NORMAL,LOW,2,LOW,LOW,11.204625668449196,20.93,-1.87,87.44355614973261,100.0,60.03,0.18794117647058825,0.59,62,40,2.8181818181818183,10.869106753812636,87.4238779956427,0.1841830065359477,88,39,2.821350762527233
CONT_003,2026-09-10 18:21:08.024678,Banana,11.87,60.25,0.3,WARNING,2026-09-10,18,3,Thursday,1.8699999999999992,NORMAL,LOW,MEDIUM,2,LOW,LOW,11.193441734417345,19.75,-0.44,87.76967479674796,100.0,60.02,0.19691056910569105,0.59,82,37,2.934959349593496,13.473140096618359,88.16468599033817,0.1929951690821256,96,41,3.1594202898550723
CONT_001,2026-09-10 18:21:10.027759,Avocado,5.99,92.93,0.15,NORMAL,2026-09-10,18,3,Thursday,4.01,NORMAL,WARNING,LOW,3,MEDIUM,MEDIUM,11.294,20.58,-1.98,87.60111764705883,100.0,60.11,0.19226470588235295,0.59,62,36,2.8941176470588235,9.129162895927601,88.95671945701358,0.19472850678733034,71,53,2.9524886877828056
CONT_002,2026-09-10 18:21:12.036349,Banana,13.09,86.06,0.1,NORMAL,2026-09-10,18,3,Thursday,3.09,NORMAL,NORMAL,LOW,2,LOW,LOW,11.068997050147493,20.03,-1.92,88.139203539823,100.0,61.48,0.18805309734513273,0.6,65,35,2.8997050147492627,13.473140096618359,88.16468599033817,0.1929951690821256,96,41,3.1594202898550723
CONT_005,2026-09-10 18:21:14.039009,Tomato,11.91,92.1,0.2,NORMAL,2026-09-10,18,3,Thursday,1.9100000000000001,NORMAL,WARNING,LOW,3,MEDIUM,MEDIUM,11.204625668449196,20.93,-1.87,87.44355614973261,100.0,60.03,0.18794117647058825,0.59,62,40,2.8181818181818183,10.869106753812636,87.4238779956427,0.1841830065359477,88,39,2.821350762527233
CONT_003,2026-09-10 18:21:16.041580,Avocado,15.46,67.77,0.26,WARNING,2026-09-10,18,3,Thursday,5.460000000000001,WARNING,LOW,MEDIUM,3,MEDIUM,MEDIUM,11.193441734417345,19.75,-0.44,87.76967479674796,100.0,60.02,0.19691056910569105,0.59,82,37,2.934959349593496,9.129162895927601,88.95671945701358,0.19472850678733034,71,53,2.9524886877828056
CONT_001,2026-09-10 18:21:18.045404,Tomato,11.46,92.61,0.12,NORMAL,2026-09-10,18,3,Thursday,1.4600000000000009,NORMAL,WARNING,LOW,3,MEDIUM,MEDIUM,11.294,20.58,-1.98,87.60111764705883,100.0,60.11,0.19226470588235295,0.59,62,36,2.8941176470588235,10.869106753812636,87.4238779956427,0.1841830065359477,88,39,2.821350762527233
CONT_001,2026-09-10 18:21:20.051386,Mango,12.01,87.44,0.13,NORMAL,2026-09-10,18,3,Thursday,2.01,NORMAL,NORMAL,LOW,2,LOW,LOW,11.294,20.58,-1.98,87.60111764705883,100.0,60.11,0.19226470588235295,0.59,62,36,2.8941176470588235,11.575468085106383,86.43734042553191,0.19323404255319152,97,51,2.6893617021276595
CONT_004,2026-09-10 18:21:22.055400,Banana,13.82,94.25,0.06,NORMAL,2026-09-10,18,3,Thursday,3.8200000000000003,NORMAL,WARNING,LOW,3,MEDIUM,MEDIUM,11.374931129476584,20.55,-1.66,87.65203856749311,100.0,60.25,0.19079889807162537,0.59,81,36,2.9421487603305785,13.473140096618359,88.16468599033817,0.1929951690821256,96,41,3.1594202898550723
CONT_003,2026-09-10 18:21:24.058478,Banana,13.94,92.69,0.16,NORMAL,2026-09-10,18,3,Thursday,3.9399999999999995,NORMAL,WARNING,LOW,3,MEDIUM,MEDIUM,11.193441734417345,19.75,-0.44,87.76967479674796,100.0,60.02,0.19691056910569105,0.59,82,37,2.934959349593496,13.473140096618359,88.16468599033817,0.1929951690821256,96,41,3.1594202898550723
CONT_001,2026-09-10 18:21:26.061713,Banana,13.37,91.35,0.18,NORMAL,2026-09-10,18,3,Thursday,3.369999999999999,NORMAL,WARNING,LOW,3,MEDIUM,MEDIUM,11.294,20.58,-1.98,87.60111764705883,100.0,60.11,0.19226470588235295,0.59,62,36,2.8941176470588235,13.473140096618359,88.16468599033817,0.1929951690821256,96,41,3.1594202898550723
CONT_004,2026-09-10 18:21:28.066628,Mango,8.63,73.85,0.22,WARNING,2026-09-10,18,3,Thursday,1.3699999999999992,NORMAL,NORMAL,MEDIUM,3,MEDIUM,MEDIUM,11.374931129476584,20.55,-1.66,87.65203856749311,100.0,60.25,0.19079889807162537,0.59,81,36,2.9421487603305785,11.575468085106383,86.43734042553191,0.19323404255319152,97,51,2.6893617021276595
CONT_002,2026-09-10 18:21:30.070183,Tomato,11.91,90.69,0.09,NORMAL,2026-09-10,18,3,Thursday,1.9100000000000001,NORMAL,WARNING,LOW,3,MEDIUM,MEDIUM,11.068997050147493,20.03,-1.92,88.139203539823,100.0,61.48,0.18805309734513273,0.6,65,35,2.8997050147492627,10.869106753812636,87.4238779956427,0.1841830065359477,88,39,2.821350762527233
CONT_002,2026-09-10 18:21:32.072701,Tomato,11.61,88.03,0.17,NORMAL,2026-09-10,18,3,Thursday,1.6099999999999994,NORMAL,NORMAL,LOW,2,LOW,LOW,11.068997050147493,20.03,-1.92,88.139203539823,100.0,61.48,0.18805309734513273,0.6,65,35,2.8997050147492627,10.869106753812636,87.4238779956427,0.1841830065359477,88,39,2.821350762527233
CONT_005,2026-09-10 18:21:34.075573,Tomato,7.78,65.65,0.32,WARNING,2026-09-10,18,3,Thursday,2.2199999999999998,NORMAL,LOW,MEDIUM,2,LOW,LOW,11.204625668449196,20.93,-1.87,87.44355614973261,100.0,60.03,0.18794117647058825,0.59,62,40,2.8181818181818183,10.869106753812636,87.4238779956427,0.1841830065359477,88,39,2.821350762527233
CONT_005,2026-09-10 18:21:36.081466,Mango,15.62,100.0,0.32,WARNING,2026-09-10,18,3,Thursday,5.619999999999999,WARNING,CRITICAL,MEDIUM,6,HIGH,HIGH,11.204625668449196,20.93,-1.87,87.44355614973261,100.0,60.03,0.18794117647058825,0.59,62,40,2.8181818181818183,11.575468085106383,86.43734042553191,0.19323404255319152,97,51,2.6893617021276595
CONT_003,2026-09-10 18:21:38.084319,Mango,11.18,89.9,0.09,NORMAL,2026-09-10,18,3,Thursday,1.1799999999999997,NORMAL,NORMAL,LOW,2,LOW,LOW,11.193441734417345,19.75,-0.44,87.76967479674796,100.0,60.02,0.19691056910569105,0.59,82,37,2.934959349593496,11.575468085106383,86.43734042553191,0.19323404255319152,97,51,2.6893617021276595
CONT_003,2026-09-10 18:21:40.087580,Banana,10.62,100.0,0.32,WARNING,2026-09-10,18,3,Thursday,0.6199999999999992,NORMAL,CRITICAL,MEDIUM,5,HIGH,HIGH,11.193441734417345,19.75,-0.44,87.76967479674796,100.0,60.02,0.19691056910569105,0.59,82,37,2.934959349593496,13.473140096618359,88.16468599033817,0.1929951690821256,96,41,3.1594202898550723
CONT_002,2026-09-10 18:21:42.089924,Avocado,8.91,89.82,0.12,NORMAL,2026-09-10,18,3,Thursday,1.0899999999999999,NORMAL,NORMAL,LOW,2,LOW,LOW,11.068997050147493,20.03,-1.92,88.139203539823,100.0,61.48,0.18805309734513273,0.6,65,35,2.8997050147492627,9.129162895927601,88.95671945701358,0.19472850678733034,71,53,2.9524886877828056
CONT_002,2026-09-10 18:21:44.094129,Banana,13.16,94.41,0.14,NORMAL,2026-09-10,18,3,Thursday,3.16,NORMAL,WARNING,LOW,3,MEDIUM,MEDIUM,11.068997050147493,20.03,-1.92,88.139203539823,100.0,61.48,0.18805309734513273,0.6,65,35,2.8997050147492627,13.473140096618359,88.16468599033817,0.1929951690821256,96,41,3.1594202898550723
CONT_004,2026-09-10 18:21:46.102084,Avocado,6.51,90.24,0.1,NORMAL,2026-09-10,18,3,Thursday,3.49,NORMAL,WARNING,LOW,3,MEDIUM,MEDIUM,11.374931129476584,20.55,-1.66,87.65203856749311,100.0,60.25,0.19079889807162537,0.59,81,36,2.9421487603305785,9.129162895927601,88.95671945701358,0.19472850678733034,71,53,2.9524886877828056
CONT_003,2026-09-10 18:21:48.115980,Mango,8.66,100.0,0.29,WARNING,2026-09-10,18,3,Thursday,1.3399999999999999,NORMAL,CRITICAL,MEDIUM,5,HIGH,HIGH,11.193441734417345,19.75,-0.44,87.76967479674796,100.0,60.02,0.19691056910569105,0.59,82,37,2.934959349593496,11.575468085106383,86.43734042553191,0.19323404255319152,97,51,2.6893617021276595
CONT_002,2026-09-10 18:21:50.120449,Mango,7.79,100.0,0.29,WARNING,2026-09-10,18,3,Thursday,2.21,NORMAL,CRITICAL,MEDIUM,5,HIGH,HIGH,11.068997050147493,20.03,-1.92,88.139203539823,100.0,61.48,0.18805309734513273,0.6,65,35,2.8997050147492627,11.575468085106383,86.43734042553191,0.19323404255319152,97,51,2.6893617021276595
CONT_001,2026-09-10 18:21:52.640667,Banana,11.71,100.0,0.3,WARNING,2026-09-10,18,3,Thursday,1.7100000000000009,NORMAL,CRITICAL,MEDIUM,5,HIGH,HIGH,11.294,20.58,-1.98,87.60111764705883,100.0,60.11,0.19226470588235295,0.59,62,36,2.8941176470588235,13.473140096618359,88.16468599033817,0.1929951690821256,96,41,3.1594202898550723
CONT_004,2026-09-10 18:21:54.669409,Mango,10.95,85.6,0.08,NORMAL,2026-09-10,18,3,Thursday,0.9499999999999993,NORMAL,NORMAL,LOW,2,LOW,LOW,11.374931129476584,20.55,-1.66,87.65203856749311,100.0,60.25,0.19079889807162537,0.59,81,36,2.9421487603305785,11.575468085106383,86.43734042553191,0.19323404255319152,97,51,2.6893617021276595
CONT_005,2026-09-10 18:21:56.673747,Avocado,12.97,92.82,0.19,NORMAL,2026-09-10,18,3,Thursday,2.9700000000000006,NORMAL,WARNING,LOW,3,MEDIUM,MEDIUM,11.204625668449196,20.93,-1.87,87.44355614973261,100.0,60.03,0.18794117647058825,0.59,62,40,2.8181818181818183,9.129162895927601,88.95671945701358,0.19472850678733034,71,53,2.9524886877828056
CONT_005,2026-09-10 18:21:58.676765,Mango,7.16,100.0,0.32,WARNING,2026-09-10,18,3,Thursday,2.84,NORMAL,CRITICAL,MEDIUM,5,HIGH,HIGH,11.204625668449196,20.93,-1.87,87.44355614973261,100.0,60.03,0.18794117647058825,0.59,62,40,2.8181818181818183,11.575468085106383,86.43734042553191,0.19323404255319152,97,51,2.6893617021276595
CONT_004,2026-09-10 18:22:00.681027,Tomato,15.36,69.6,0.49,ANOMALY,2026-09-10,18,3,Thursday,5.359999999999999,WARNING,LOW,HIGH,4,MEDIUM,MEDIUM,11.374931129476584,20.55,-1.66,87.65203856749311,100.0,60.25,0.19079889807162537,0.59,81,36,2.9421487603305785,10.869106753812636,87.4238779956427,0.1841830065359477,88,39,2.821350762527233
CONT_005,2026-09-10 18:22:02.684491,Banana,13.29,91.89,0.13,NORMAL,2026-09-10,18,3,Thursday,3.289999999999999,NORMAL,WARNING,LOW,3,MEDIUM,MEDIUM,11.204625668449196,20.93,-1.87,87.44355614973261,100.0,60.03,0.18794117647058825,0.59,62,40,2.8181818181818183,13.473140096618359,88.16468599033817,0.1929951690821256,96,41,3.1594202898550723
CONT_003,2026-09-10 18:22:04.687293,Tomato,10.05,92.23,0.17,NORMAL,2026-09-10,18,3,Thursday,0.05000000000000071,NORMAL,WARNING,LOW,3,MEDIUM,MEDIUM,11.193441734417345,19.75,-0.44,87.76967479674796,100.0,60.02,0.19691056910569105,0.59,82,37,2.934959349593496,10.869106753812636,87.4238779956427,0.1841830065359477,88,39,2.821350762527233
CONT_002,2026-09-10 18:22:06.692239,Tomato,10.24,91.59,0.08,NORMAL,2026-09-10,18,3,Thursday,0.2400000000000002,NORMAL,WARNING,LOW,3,MEDIUM,MEDIUM,11.068997050147493,20.03,-1.92,88.139203539823,100.0,61.48,0.18805309734513273,0.6,65,35,2.8997050147492627,10.869106753812636,87.4238779956427,0.1841830065359477,88,39,2.821350762527233
CONT_002,2026-09-10 18:22:08.699000,Tomato,10.11,87.09,0.2,NORMAL,2026-09-10,18,3,Thursday,0.10999999999999943,NORMAL,NORMAL,LOW,2,LOW,LOW,11.068997050147493,20.03,-1.92,88.139203539823,100.0,61.48,0.18805309734513273,0.6,65,35,2.8997050147492627,10.869106753812636,87.4238779956427,0.1841830065359477,88,39,2.821350762527233
CONT_005,2026-09-10 18:22:10.704668,Tomato,10.58,87.08,0.14,NORMAL,2026-09-10,18,3,Thursday,0.5800000000000001,NORMAL,NORMAL,LOW,2,LOW,LOW,11.204625668449196,20.93,-1.87,87.44355614973261,100.0,60.03,0.18794117647058825,0.59,62,40,2.8181818181818183,10.869106753812636,87.4238779956427,0.1841830065359477,88,39,2.821350762527233
CONT_005,2026-09-10 18:22:12.708512,Mango,5.84,100.0,0.56,ANOMALY,2026-09-10,18,3,Thursday,4.16,NORMAL,CRITICAL,HIGH,6,HIGH,HIGH,11.204625668449196,20.93,-1.87,87.44355614973261,100.0,60.03,0.18794117647058825,0.59,62,40,2.8181818181818183,11.575468085106383,86.43734042553191,0.19323404255319152,97,51,2.6893617021276595
CONT_001,2026-09-10 18:22:14.713345,Tomato,13.4,100.0,0.23,WARNING,2026-09-10,18,3,Thursday,3.4000000000000004,NORMAL,CRITICAL,MEDIUM,5,HIGH,HIGH,11.294,20.58,-1.98,87.60111764705883,100.0,60.11,0.19226470588235295,0.59,62,36,2.8941176470588235,10.869106753812636,87.4238779956427,0.1841830065359477,88,39,2.821350762527233
CONT_005,2026-09-10 18:22:16.716519,Avocado,10.89,89.64,0.09,NORMAL,2026-09-10,18,3,Thursday,0.8900000000000006,NORMAL,NORMAL,LOW,2,LOW,LOW,11.204625668449196,20.93,-1.87,87.44355614973261,100.0,60.03,0.18794117647058825,0.59,62,40,2.8181818181818183,9.129162895927601,88.95671945701358,0.19472850678733034,71,53,2.9524886877828056
CONT_001,2026-09-10 18:22:18.718855,Avocado,10.2,93.63,0.14,NORMAL,2026-09-10,18,3,Thursday,0.1999999999999993,NORMAL,WARNING,LOW,3,MEDIUM,MEDIUM,11.294,20.58,-1.98,87.60111764705883,100.0,60.11,0.19226470588235295,0.59,62,36,2.8941176470588235,9.129162895927601,88.95671945701358,0.19472850678733034,71,53,2.9524886877828056
CONT_003,2026-09-10 18:22:20.721474,Banana,16.76,66.66,0.24,WARNING,2026-09-10,18,3,Thursday,6.760000000000002,WARNING,LOW,MEDIUM,3,MEDIUM,MEDIUM,11.193441734417345,19.75,-0.44,87.76967479674796,100.0,60.02,0.19691056910569105,0.59,82,37,2.934959349593496,13.473140096618359,88.16468599033817,0.1929951690821256,96,41,3.1594202898550723
CONT_001,2026-09-10 18:22:22.724524,Avocado,6.75,89.21,0.06,NORMAL,2026-09-10,18,3,Thursday,3.25,NORMAL,NORMAL,LOW,2,LOW,LOW,11.294,20.58,-1.98,87.60111764705883,100.0,60.11,0.19226470588235295,0.59,62,36,2.8941176470588235,9.129162895927601,88.95671945701358,0.19472850678733034,71,53,2.9524886877828056
CONT_003,2026-09-10 18:22:24.727921,Tomato,11.8,86.32,0.17,NORMAL,2026-09-10,18,3,Thursday,1.8000000000000007,NORMAL,NORMAL,LOW,2,LOW,LOW,11.193441734417345,19.75,-0.44,87.76967479674796,100.0,60.02,0.19691056910569105,0.59,82,37,2.934959349593496,10.869106753812636,87.4238779956427,0.1841830065359477,88,39,2.821350762527233
CONT_005,2026-09-10 18:22:26.733227,Mango,11.32,86.53,0.13,NORMAL,2026-09-10,18,3,Thursday,1.3200000000000003,NORMAL,NORMAL,LOW,2,LOW,LOW,11.204625668449196,20.93,-1.87,87.44355614973261,100.0,60.03,0.18794117647058825,0.59,62,40,2.8181818181818183,11.575468085106383,86.43734042553191,0.19323404255319152,97,51,2.6893617021276595
CONT_003,2026-09-10 18:22:28.771358,Avocado,9.31,94.54,0.15,NORMAL,2026-09-10,18,3,Thursday,0.6899999999999995,NORMAL,WARNING,LOW,3,MEDIUM,MEDIUM,11.193441734417345,19.75,-0.44,87.76967479674796,100.0,60.02,0.19691056910569105,0.59,82,37,2.934959349593496,9.129162895927601,88.95671945701358,0.19472850678733034,71,53,2.9524886877828056
CONT_002,2026-09-10 18:22:30.965054,Mango,12.63,85.13,0.06,NORMAL,2026-09-10,18,3,Thursday,2.630000000000001,NORMAL,NORMAL,LOW,2,LOW,LOW,11.068997050147493,20.03,-1.92,88.139203539823,100.0,61.48,0.18805309734513273,0.6,65,35,2.8997050147492627,11.575468085106383,86.43734042553191,0.19323404255319152,97,51,2.6893617021276595
CONT_001,2026-09-10 18:22:33.260215,Mango,7.2,64.39,0.22,WARNING,2026-09-10,18,3,Thursday,2.8,NORMAL,LOW,MEDIUM,2,LOW,LOW,11.294,20.58,-1.98,87.60111764705883,100.0,60.11,0.19226470588235295,0.59,62,36,2.8941176470588235,11.575468085106383,86.43734042553191,0.19323404255319152,97,51,2.6893617021276595
CONT_005,2026-09-10 18:22:35.273588,Mango,10.75,86.68,0.12,NORMAL,2026-09-10,18,3,Thursday,0.75,NORMAL,NORMAL,LOW,2,LOW,LOW,11.204625668449196,20.93,-1.87,87.44355614973261,100.0,60.03,0.18794117647058825,0.59,62,40,2.8181818181818183,11.575468085106383,86.43734042553191,0.19323404255319152,97,51,2.6893617021276595
CONT_004,2026-09-10 18:22:37.279863,Banana,16.32,100.0,0.21,WARNING,2026-09-10,18,3,Thursday,6.32,WARNING,CRITICAL,MEDIUM,6,HIGH,HIGH,11.374931129476584,20.55,-1.66,87.65203856749311,100.0,60.25,0.19079889807162537,0.59,81,36,2.9421487603305785,13.473140096618359,88.16468599033817,0.1929951690821256,96,41,3.1594202898550723
CONT_004,2026-09-10 18:22:39.285735,Avocado,9.46,92.06,0.17,NORMAL,2026-09-10,18,3,Thursday,0.5399999999999991,NORMAL,WARNING,LOW,3,MEDIUM,MEDIUM,11.374931129476584,20.55,-1.66,87.65203856749311,100.0,60.25,0.19079889807162537,0.59,81,36,2.9421487603305785,9.129162895927601,88.95671945701358,0.19472850678733034,71,53,2.9524886877828056
CONT_002,2026-09-10 18:22:41.289358,Avocado,-1.55,100.0,0.51,ANOMALY,2026-09-10,18,3,Thursday,11.55,LOW,CRITICAL,HIGH,5,HIGH,HIGH,11.068997050147493,20.03,-1.92,88.139203539823,100.0,61.48,0.18805309734513273,0.6,65,35,2.8997050147492627,9.129162895927601,88.95671945701358,0.19472850678733034,71,53,2.9524886877828056
CONT_005,2026-09-10 18:22:43.299245,Mango,10.14,89.92,0.06,NORMAL,2026-09-10,18,3,Thursday,0.14000000000000057,NORMAL,NORMAL,LOW,2,LOW,LOW,11.204625668449196,20.93,-1.87,87.44355614973261,100.0,60.03,0.18794117647058825,0.59,62,40,2.8181818181818183,11.575468085106383,86.43734042553191,0.19323404255319152,97,51,2.6893617021276595
CONT_005,2026-09-10 18:22:45.303581,Banana,11.59,64.5,0.26,WARNING,2026-09-10,18,3,Thursday,1.5899999999999999,NORMAL,LOW,MEDIUM,2,LOW,LOW,11.204625668449196,20.93,-1.87,87.44355614973261,100.0,60.03,0.18794117647058825,0.59,62,40,2.8181818181818183,13.473140096618359,88.16468599033817,0.1929951690821256,96,41,3.1594202898550723
CONT_003,2026-09-10 18:22:47.306661,Mango,8.63,61.74,0.31,WARNING,2026-09-10,18,3,Thursday,1.3699999999999992,NORMAL,LOW,MEDIUM,2,LOW,LOW,11.193441734417345,19.75,-0.44,87.76967479674796,100.0,60.02,0.19691056910569105,0.59,82,37,2.934959349593496,11.575468085106383,86.43734042553191,0.19323404255319152,97,51,2.6893617021276595
CONT_003,2026-09-10 18:22:49.311089,Banana,13.88,91.03,0.15,NORMAL,2026-09-10,18,3,Thursday,3.880000000000001,NORMAL,WARNING,LOW,3,MEDIUM,MEDIUM,11.193441734417345,19.75,-0.44,87.76967479674796,100.0,60.02,0.19691056910569105,0.59,82,37,2.934959349593496,13.473140096618359,88.16468599033817,0.1929951690821256,96,41,3.1594202898550723
CONT_002,2026-09-10 18:22:51.316110,Avocado,15.72,69.4,0.23,WARNING,2026-09-10,18,3,Thursday,5.720000000000001,WARNING,LOW,MEDIUM,3,MEDIUM,MEDIUM,11.068997050147493,20.03,-1.92,88.139203539823,100.0,61.48,0.18805309734513273,0.6,65,35,2.8997050147492627,9.129162895927601,88.95671945701358,0.19472850678733034,71,53,2.9524886877828056
CONT_003,2026-09-10 18:22:53.320150,Banana,13.25,92.69,0.17,NORMAL,2026-09-10,18,3,Thursday,3.25,NORMAL,WARNING,LOW,3,MEDIUM,MEDIUM,11.193441734417345,19.75,-0.44,87.76967479674796,100.0,60.02,0.19691056910569105,0.59,82,37,2.934959349593496,13.473140096618359,88.16468599033817,0.1929951690821256,96,41,3.1594202898550723
CONT_002,2026-09-10 18:22:55.325113,Mango,10.16,89.64,0.14,NORMAL,2026-09-10,18,3,Thursday,0.16000000000000014,NORMAL,NORMAL,LOW,2,LOW,LOW,11.068997050147493,20.03,-1.92,88.139203539823,100.0,61.48,0.18805309734513273,0.6,65,35,2.8997050147492627,11.575468085106383,86.43734042553191,0.19323404255319152,97,51,2.6893617021276595
CONT_005,2026-09-10 18:22:57.329873,Banana,13.16,86.33,0.11,NORMAL,2026-09-10,18,3,Thursday,3.16,NORMAL,NORMAL,LOW,2,LOW,LOW,11.204625668449196,20.93,-1.87,87.44355614973261,100.0,60.03,0.18794117647058825,0.59,62,40,2.8181818181818183,13.473140096618359,88.16468599033817,0.1929951690821256,96,41,3.1594202898550723
CONT_001,2026-09-10 18:22:59.332658,Banana,20.58,64.53,0.58,ANOMALY,2026-09-10,18,3,Thursday,10.579999999999998,CRITICAL,LOW,HIGH,5,HIGH,HIGH,11.294,20.58,-1.98,87.60111764705883,100.0,60.11,0.19226470588235295,0.59,62,36,2.8941176470588235,13.473140096618359,88.16468599033817,0.1929951690821256,96,41,3.1594202898550723
CONT_004,2026-09-10 18:23:01.335375,Banana,11.99,63.82,0.34,WARNING,2026-09-10,18,3,Thursday,1.9900000000000002,NORMAL,LOW,MEDIUM,2,LOW,LOW,11.374931129476584,20.55,-1.66,87.65203856749311,100.0,60.25,0.19079889807162537,0.59,81,36,2.9421487603305785,13.473140096618359,88.16468599033817,0.1929951690821256,96,41,3.1594202898550723
CONT_001,2026-09-10 18:23:03.338834,Avocado,15.95,100.0,0.32,WARNING,2026-09-10,18,3,Thursday,5.949999999999999,WARNING,CRITICAL,MEDIUM,6,HIGH,HIGH,11.294,20.58,-1.98,87.60111764705883,100.0,60.11,0.19226470588235295,0.59,62,36,2.8941176470588235,9.129162895927601,88.95671945701358,0.19472850678733034,71,53,2.9524886877828056
CONT_002,2026-09-10 18:23:05.342673,Mango,11.92,85.8,0.19,NORMAL,2026-09-10,18,3,Thursday,1.92,NORMAL,NORMAL,LOW,2,LOW,LOW,11.068997050147493,20.03,-1.92,88.139203539823,100.0,61.48,0.18805309734513273,0.6,65,35,2.8997050147492627,11.575468085106383,86.43734042553191,0.19323404255319152,97,51,2.6893617021276595
CONT_002,2026-09-10 18:23:07.347928,Mango,10.6,89.93,0.11,NORMAL,2026-09-10,18,3,Thursday,0.5999999999999996,NORMAL,NORMAL,LOW,2,LOW,LOW,11.068997050147493,20.03,-1.92,88.139203539823,100.0,61.48,0.18805309734513273,0.6,65,35,2.8997050147492627,11.575468085106383,86.43734042553191,0.19323404255319152,97,51,2.6893617021276595
CONT_001,2026-09-10 18:23:09.351178,Avocado,6.92,87.39,0.15,NORMAL,2026-09-10,18,3,Thursday,3.08,NORMAL,NORMAL,LOW,2,LOW,LOW,11.294,20.58,-1.98,87.60111764705883,100.0,60.11,0.19226470588235295,0.59,62,36,2.8941176470588235,9.129162895927601,88.95671945701358,0.19472850678733034,71,53,2.9524886877828056
CONT_005,2026-09-10 18:23:11.353986,Banana,13.46,93.01,0.12,NORMAL,2026-09-10,18,3,Thursday,3.460000000000001,NORMAL,WARNING,LOW,3,MEDIUM,MEDIUM,11.204625668449196,20.93,-1.87,87.44355614973261,100.0,60.03,0.18794117647058825,0.59,62,40,2.8181818181818183,13.473140096618359,88.16468599033817,0.1929951690821256,96,41,3.1594202898550723
CONT_003,2026-09-10 18:23:13.357337,Tomato,10.07,93.07,0.1,NORMAL,2026-09-10,18,3,Thursday,0.07000000000000028,NORMAL,WARNING,LOW,3,MEDIUM,MEDIUM,11.193441734417345,19.75,-0.44,87.76967479674796,100.0,60.02,0.19691056910569105,0.59,82,37,2.934959349593496,10.869106753812636,87.4238779956427,0.1841830065359477,88,39,2.821350762527233
CONT_001,2026-09-10 18:23:15.360634,Tomato,11.54,92.1,0.14,NORMAL,2026-09-10,18,3,Thursday,1.5399999999999991,NORMAL,WARNING,LOW,3,MEDIUM,MEDIUM,11.294,20.58,-1.98,87.60111764705883,100.0,60.11,0.19226470588235295,0.59,62,36,2.8941176470588235,10.869106753812636,87.4238779956427,0.1841830065359477,88,39,2.821350762527233
CONT_003,2026-09-10 18:23:17.365191,Mango,11.88,86.27,0.11,NORMAL,2026-09-10,18,3,Thursday,1.8800000000000008,NORMAL,NORMAL,LOW,2,LOW,LOW,11.193441734417345,19.75,-0.44,87.76967479674796,100.0,60.02,0.19691056910569105,0.59,82,37,2.934959349593496,11.575468085106383,86.43734042553191,0.19323404255319152,97,51,2.6893617021276595
CONT_003,2026-09-10 18:23:19.368668,Avocado,12.35,93.26,0.18,NORMAL,2026-09-10,18,3,Thursday,2.3499999999999996,NORMAL,WARNING,LOW,3,MEDIUM,MEDIUM,11.193441734417345,19.75,-0.44,87.76967479674796,100.0,60.02,0.19691056910569105,0.59,82,37,2.934959349593496,9.129162895927601,88.95671945701358,0.19472850678733034,71,53,2.9524886877828056
CONT_001,2026-09-10 18:23:21.371289,Banana,19.52,67.32,0.57,ANOMALY,2026-09-10,18,3,Thursday,9.52,WARNING,LOW,HIGH,4,MEDIUM,MEDIUM,11.294,20.58,-1.98,87.60111764705883,100.0,60.11,0.19226470588235295,0.59,62,36,2.8941176470588235,13.473140096618359,88.16468599033817,0.1929951690821256,96,41,3.1594202898550723
CONT_004,2026-09-10 18:23:23.373532,Avocado,14.15,100.0,0.35,WARNING,2026-09-10,18,3,Thursday,4.15,NORMAL,CRITICAL,MEDIUM,5,HIGH,HIGH,11.374931129476584,20.55,-1.66,87.65203856749311,100.0,60.25,0.19079889807162537,0.59,81,36,2.9421487603305785,9.129162895927601,88.95671945701358,0.19472850678733034,71,53,2.9524886877828056
CONT_005,2026-09-10 18:23:25.376554,Avocado,15.45,100.0,0.29,WARNING,2026-09-10,18,3,Thursday,5.449999999999999,WARNING,CRITICAL,MEDIUM,6,HIGH,HIGH,11.204625668449196,20.93,-1.87,87.44355614973261,100.0,60.03,0.18794117647058825,0.59,62,40,2.8181818181818183,9.129162895927601,88.95671945701358,0.19472850678733034,71,53,2.9524886877828056
CONT_004,2026-09-10 18:23:27.381213,Mango,11.42,89.6,0.14,NORMAL,2026-09-10,18,3,Thursday,1.42,NORMAL,NORMAL,LOW,2,LOW,LOW,11.374931129476584,20.55,-1.66,87.65203856749311,100.0,60.25,0.19079889807162537,0.59,81,36,2.9421487603305785,11.575468085106383,86.43734042553191,0.19323404255319152,97,51,2.6893617021276595
CONT_003,2026-09-10 18:23:29.385158,Banana,13.72,93.92,0.12,NORMAL,2026-09-10,18,3,Thursday,3.7200000000000006,NORMAL,WARNING,LOW,3,MEDIUM,MEDIUM,11.193441734417345,19.75,-0.44,87.76967479674796,100.0,60.02,0.19691056910569105,0.59,82,37,2.934959349593496,13.473140096618359,88.16468599033817,0.1929951690821256,96,41,3.1594202898550723
CONT_003,2026-09-10 18:23:31.387579,Banana,13.31,93.76,0.18,NORMAL,2026-09-10,18,3,Thursday,3.3100000000000005,NORMAL,WARNING,LOW,3,MEDIUM,MEDIUM,11.193441734417345,19.75,-0.44,87.76967479674796,100.0,60.02,0.19691056910569105,0.59,82,37,2.934959349593496,13.473140096618359,88.16468599033817,0.1929951690821256,96,41,3.1594202898550723
CONT_004,2026-09-10 18:23:33.390385,Avocado,8.45,92.14,0.13,NORMAL,2026-09-10,18,3,Thursday,1.5500000000000007,NORMAL,WARNING,LOW,3,MEDIUM,MEDIUM,11.374931129476584,20.55,-1.66,87.65203856749311,100.0,60.25,0.19079889807162537,0.59,81,36,2.9421487603305785,9.129162895927601,88.95671945701358,0.19472850678733034,71,53,2.9524886877828056
CONT_002,2026-09-10 18:23:35.394471,Banana,13.46,90.42,0.07,NORMAL,2026-09-10,18,3,Thursday,3.460000000000001,NORMAL,WARNING,LOW,3,MEDIUM,MEDIUM,11.068997050147493,20.03,-1.92,88.139203539823,100.0,61.48,0.18805309734513273,0.6,65,35,2.8997050147492627,13.473140096618359,88.16468599033817,0.1929951690821256,96,41,3.1594202898550723
CONT_002,2026-09-10 18:23:37.399704,Banana,11.19,100.0,0.2,WARNING,2026-09-10,18,3,Thursday,1.1899999999999995,NORMAL,CRITICAL,LOW,4,MEDIUM,MEDIUM,11.068997050147493,20.03,-1.92,88.139203539823,100.0,61.48,0.18805309734513273,0.6,65,35,2.8997050147492627,13.473140096618359,88.16468599033817,0.1929951690821256,96,41,3.1594202898550723
CONT_003,2026-09-10 18:23:39.402353,Avocado,10.14,86.08,0.19,NORMAL,2026-09-10,18,3,Thursday,0.14000000000000057,NORMAL,NORMAL,LOW,2,LOW,LOW,11.193441734417345,19.75,-0.44,87.76967479674796,100.0,60.02,0.19691056910569105,0.59,82,37,2.934959349593496,9.129162895927601,88.95671945701358,0.19472850678733034,71,53,2.9524886877828056
CONT_004,2026-09-10 18:23:41.405420,Avocado,9.45,90.58,0.06,NORMAL,2026-09-10,18,3,Thursday,0.5500000000000007,NORMAL,WARNING,LOW,3,MEDIUM,MEDIUM,11.374931129476584,20.55,-1.66,87.65203856749311,100.0,60.25,0.19079889807162537,0.59,81,36,2.9421487603305785,9.129162895927601,88.95671945701358,0.19472850678733034,71,53,2.9524886877828056
CONT_001,2026-09-10 18:23:43.408554,Avocado,15.93,100.0,0.31,WARNING,2026-09-10,18,3,Thursday,5.93,WARNING,CRITICAL,MEDIUM,6,HIGH,HIGH,11.294,20.58,-1.98,87.60111764705883,100.0,60.11,0.19226470588235295,0.59,62,36,2.8941176470588235,9.129162895927601,88.95671945701358,0.19472850678733034,71,53,2.9524886877828056
CONT_005,2026-09-10 18:23:45.413567,Mango,12.93,87.35,0.1,NORMAL,2026-09-10,18,3,Thursday,2.9299999999999997,NORMAL,NORMAL,LOW,2,LOW,LOW,11.204625668449196,20.93,-1.87,87.44355614973261,100.0,60.03,0.18794117647058825,0.59,62,40,2.8181818181818183,11.575468085106383,86.43734042553191,0.19323404255319152,97,51,2.6893617021276595
CONT_004,2026-09-10 18:23:47.419085,Avocado,3.27,100.0,0.23,WARNING,2026-09-10,18,3,Thursday,6.73,LOW,CRITICAL,MEDIUM,4,MEDIUM,MEDIUM,11.374931129476584,20.55,-1.66,87.65203856749311,100.0,60.25,0.19079889807162537,0.59,81,36,2.9421487603305785,9.129162895927601,88.95671945701358,0.19472850678733034,71,53,2.9524886877828056
CONT_005,2026-09-10 18:23:49.422758,Avocado,12.25,87.64,0.08,NORMAL,2026-09-10,18,3,Thursday,2.25,NORMAL,NORMAL,LOW,2,LOW,LOW,11.204625668449196,20.93,-1.87,87.44355614973261,100.0,60.03,0.18794117647058825,0.59,62,40,2.8181818181818183,9.129162895927601,88.95671945701358,0.19472850678733034,71,53,2.9524886877828056
CONT_003,2026-09-10 18:23:51.426219,Mango,17.62,64.73,0.59,ANOMALY,2026-09-10,18,3,Thursday,7.620000000000001,WARNING,LOW,HIGH,4,MEDIUM,MEDIUM,11.193441734417345,19.75,-0.44,87.76967479674796,100.0,60.02,0.19691056910569105,0.59,82,37,2.934959349593496,11.575468085106383,86.43734042553191,0.19323404255319152,97,51,2.6893617021276595
CONT_003,2026-09-10 18:23:53.431522,Avocado,7.38,90.61,0.07,NORMAL,2026-09-10,18,3,Thursday,2.62,NORMAL,WARNING,LOW,3,MEDIUM,MEDIUM,11.193441734417345,19.75,-0.44,87.76967479674796,100.0,60.02,0.19691056910569105,0.59,82,37,2.934959349593496,9.129162895927601,88.95671945701358,0.19472850678733034,71,53,2.9524886877828056
CONT_001,2026-09-10 18:23:55.434193,Mango,7.72,64.35,0.31,WARNING,2026-09-10,18,3,Thursday,2.2800000000000002,NORMAL,LOW,MEDIUM,2,LOW,LOW,11.294,20.58,-1.98,87.60111764705883,100.0,60.11,0.19226470588235295,0.59,62,36,2.8941176470588235,11.575468085106383,86.43734042553191,0.19323404255319152,97,51,2.6893617021276595
CONT_001,2026-09-10 18:23:57.437086,Mango,11.12,85.95,0.19,NORMAL,2026-09-10,18,3,Thursday,1.1199999999999992,NORMAL,NORMAL,LOW,2,LOW,LOW,11.294,20.58,-1.98,87.60111764705883,100.0,60.11,0.19226470588235295,0.59,62,36,2.8941176470588235,11.575468085106383,86.43734042553191,0.19323404255319152,97,51,2.6893617021276595
CONT_004,2026-09-10 18:23:59.440254,Tomato,13.5,100.0,0.2,WARNING,2026-09-10,18,3,Thursday,3.5,NORMAL,CRITICAL,LOW,4,MEDIUM,MEDIUM,11.374931129476584,20.55,-1.66,87.65203856749311,100.0,60.25,0.19079889807162537,0.59,81,36,2.9421487603305785,10.869106753812636,87.4238779956427,0.1841830065359477,88,39,2.821350762527233
CONT_004,2026-09-10 18:24:01.443217,Banana,16.72,100.0,0.28,WARNING,2026-09-10,18,3,Thursday,6.719999999999999,WARNING,CRITICAL,MEDIUM,6,HIGH,HIGH,11.374931129476584,20.55,-1.66,87.65203856749311,100.0,60.25,0.19079889807162537,0.59,81,36,2.9421487603305785,13.473140096618359,88.16468599033817,0.1929951690821256,96,41,3.1594202898550723
CONT_004,2026-09-10 18:24:03.449245,Mango,14.49,71.54,0.33,WARNING,2026-09-10,18,3,Thursday,4.49,NORMAL,NORMAL,MEDIUM,3,MEDIUM,MEDIUM,11.374931129476584,20.55,-1.66,87.65203856749311,100.0,60.25,0.19079889807162537,0.59,81,36,2.9421487603305785,11.575468085106383,86.43734042553191,0.19323404255319152,97,51,2.6893617021276595
CONT_003,2026-09-10 18:24:05.451853,Mango,10.25,88.47,0.15,NORMAL,2026-09-10,18,3,Thursday,0.25,NORMAL,NORMAL,LOW,2,LOW,LOW,11.193441734417345,19.75,-0.44,87.76967479674796,100.0,60.02,0.19691056910569105,0.59,82,37,2.934959349593496,11.575468085106383,86.43734042553191,0.19323404255319152,97,51,2.6893617021276595
CONT_003,2026-09-10 18:24:07.454773,Banana,13.88,87.19,0.17,NORMAL,2026-09-10,18,3,Thursday,3.880000000000001,NORMAL,NORMAL,LOW,2,LOW,LOW,11.193441734417345,19.75,-0.44,87.76967479674796,100.0,60.02,0.19691056910569105,0.59,82,37,2.934959349593496,13.473140096618359,88.16468599033817,0.1929951690821256,96,41,3.1594202898550723
CONT_005,2026-09-10 18:24:09.457340,Mango,12.83,86.97,0.19,NORMAL,2026-09-10,18,3,Thursday,2.83,NORMAL,NORMAL,LOW,2,LOW,LOW,11.204625668449196,20.93,-1.87,87.44355614973261,100.0,60.03,0.18794117647058825,0.59,62,40,2.8181818181818183,11.575468085106383,86.43734042553191,0.19323404255319152,97,51,2.6893617021276595
CONT_001,2026-09-10 18:24:11.464605,Mango,10.58,88.77,0.13,NORMAL,2026-09-10,18,3,Thursday,0.5800000000000001,NORMAL,NORMAL,LOW,2,LOW,LOW,11.294,20.58,-1.98,87.60111764705883,100.0,60.11,0.19226470588235295,0.59,62,36,2.8941176470588235,11.575468085106383,86.43734042553191,0.19323404255319152,97,51,2.6893617021276595
CONT_005,2026-09-10 18:24:13.468208,Tomato,10.69,88.62,0.16,NORMAL,2026-09-10,18,3,Thursday,0.6899999999999995,NORMAL,NORMAL,LOW,2,LOW,LOW,11.204625668449196,20.93,-1.87,87.44355614973261,100.0,60.03,0.18794117647058825,0.59,62,40,2.8181818181818183,10.869106753812636,87.4238779956427,0.1841830065359477,88,39,2.821350762527233
CONT_004,2026-09-10 18:24:15.471501,Tomato,11.25,89.88,0.17,NORMAL,2026-09-10,18,3,Thursday,1.25,NORMAL,NORMAL,LOW,2,LOW,LOW,11.374931129476584,20.55,-1.66,87.65203856749311,100.0,60.25,0.19079889807162537,0.59,81,36,2.9421487603305785,10.869106753812636,87.4238779956427,0.1841830065359477,88,39,2.821350762527233
CONT_004,2026-09-10 18:24:17.474095,Mango,10.79,85.75,0.19,NORMAL,2026-09-10,18,3,Thursday,0.7899999999999991,NORMAL,NORMAL,LOW,2,LOW,LOW,11.374931129476584,20.55,-1.66,87.65203856749311,100.0,60.25,0.19079889807162537,0.59,81,36,2.9421487603305785,11.575468085106383,86.43734042553191,0.19323404255319152,97,51,2.6893617021276595
CONT_001,2026-09-10 18:24:19.477171,Avocado,3.89,67.12,0.21,WARNING,2026-09-10,18,3,Thursday,6.109999999999999,LOW,LOW,MEDIUM,1,LOW,LOW,11.294,20.58,-1.98,87.60111764705883,100.0,60.11,0.19226470588235295,0.59,62,36,2.8941176470588235,9.129162895927601,88.95671945701358,0.19472850678733034,71,53,2.9524886877828056
CONT_005,2026-09-10 18:24:21.480845,Banana,13.68,91.12,0.18,NORMAL,2026-09-10,18,3,Thursday,3.6799999999999997,NORMAL,WARNING,LOW,3,MEDIUM,MEDIUM,11.204625668449196,20.93,-1.87,87.44355614973261,100.0,60.03,0.18794117647058825,0.59,62,40,2.8181818181818183,13.473140096618359,88.16468599033817,0.1929951690821256,96,41,3.1594202898550723
CONT_003,2026-09-10 18:24:23.483306,Tomato,13.26,100.0,0.29,WARNING,2026-09-10,18,3,Thursday,3.26,NORMAL,CRITICAL,MEDIUM,5,HIGH,HIGH,11.193441734417345,19.75,-0.44,87.76967479674796,100.0,60.02,0.19691056910569105,0.59,82,37,2.934959349593496,10.869106753812636,87.4238779956427,0.1841830065359477,88,39,2.821350762527233
CONT_003,2026-09-10 18:24:25.486232,Banana,15.39,71.47,0.32,WARNING,2026-09-10,18,3,Thursday,5.390000000000001,WARNING,NORMAL,MEDIUM,4,MEDIUM,MEDIUM,11.193441734417345,19.75,-0.44,87.76967479674796,100.0,60.02,0.19691056910569105,0.59,82,37,2.934959349593496,13.473140096618359,88.16468599033817,0.1929951690821256,96,41,3.1594202898550723
CONT_004,2026-09-10 18:24:27.489173,Tomato,11.02,90.05,0.05,NORMAL,2026-09-10,18,3,Thursday,1.0199999999999996,NORMAL,WARNING,LOW,3,MEDIUM,MEDIUM,11.374931129476584,20.55,-1.66,87.65203856749311,100.0,60.25,0.19079889807162537,0.59,81,36,2.9421487603305785,10.869106753812636,87.4238779956427,0.1841830065359477,88,39,2.821350762527233
CONT_003,2026-09-10 18:24:29.492374,Mango,12.81,85.0,0.14,NORMAL,2026-09-10,18,3,Thursday,2.8100000000000005,NORMAL,NORMAL,LOW,2,LOW,LOW,11.193441734417345,19.75,-0.44,87.76967479674796,100.0,60.02,0.19691056910569105,0.59,82,37,2.934959349593496,11.575468085106383,86.43734042553191,0.19323404255319152,97,51,2.6893617021276595
CONT_002,2026-09-10 18:24:31.501246,Tomato,11.55,93.9,0.18,NORMAL,2026-09-10,18,3,Thursday,1.5500000000000007,NORMAL,WARNING,LOW,3,MEDIUM,MEDIUM,11.068997050147493,20.03,-1.92,88.139203539823,100.0,61.48,0.18805309734513273,0.6,65,35,2.8997050147492627,10.869106753812636,87.4238779956427,0.1841830065359477,88,39,2.821350762527233
CONT_005,2026-09-10 18:24:33.504540,Banana,8.32,100.0,0.4,ANOMALY,2026-09-10,18,3,Thursday,1.6799999999999997,NORMAL,CRITICAL,MEDIUM,5,HIGH,HIGH,11.204625668449196,20.93,-1.87,87.44355614973261,100.0,60.03,0.18794117647058825,0.59,62,40,2.8181818181818183,13.473140096618359,88.16468599033817,0.1929951690821256,96,41,3.1594202898550723
CONT_003,2026-09-10 18:24:35.507614,Mango,12.1,88.52,0.06,NORMAL,2026-09-10,18,3,Thursday,2.0999999999999996,NORMAL,NORMAL,LOW,2,LOW,LOW,11.193441734417345,19.75,-0.44,87.76967479674796,100.0,60.02,0.19691056910569105,0.59,82,37,2.934959349593496,11.575468085106383,86.43734042553191,0.19323404255319152,97,51,2.6893617021276595
CONT_005,2026-09-10 18:24:37.532115,Mango,15.64,100.0,0.31,WARNING,2026-09-10,18,3,Thursday,5.640000000000001,WARNING,CRITICAL,MEDIUM,6,HIGH,HIGH,11.204625668449196,20.93,-1.87,87.44355614973261,100.0,60.03,0.18794117647058825,0.59,62,40,2.8181818181818183,11.575468085106383,86.43734042553191,0.19323404255319152,97,51,2.6893617021276595
CONT_005,2026-09-10 18:24:39.534666,Mango,11.61,85.35,0.1,NORMAL,2026-09-10,18,3,Thursday,1.6099999999999994,NORMAL,NORMAL,LOW,2,LOW,LOW,11.204625668449196,20.93,-1.87,87.44355614973261,100.0,60.03,0.18794117647058825,0.59,62,40,2.8181818181818183,11.575468085106383,86.43734042553191,0.19323404255319152,97,51,2.6893617021276595
CONT_003,2026-09-10 18:24:41.538561,Tomato,10.15,93.82,0.18,NORMAL,2026-09-10,18,3,Thursday,0.15000000000000036,NORMAL,WARNING,LOW,3,MEDIUM,MEDIUM,11.193441734417345,19.75,-0.44,87.76967479674796,100.0,60.02,0.19691056910569105,0.59,82,37,2.934959349593496,10.869106753812636,87.4238779956427,0.1841830065359477,88,39,2.821350762527233
CONT_003,2026-09-10 18:24:43.543931,Tomato,8.47,72.89,0.33,WARNING,2026-09-10,18,3,Thursday,1.5299999999999994,NORMAL,NORMAL,MEDIUM,3,MEDIUM,MEDIUM,11.193441734417345,19.75,-0.44,87.76967479674796,100.0,60.02,0.19691056910569105,0.59,82,37,2.934959349593496,10.869106753812636,87.4238779956427,0.1841830065359477,88,39,2.821350762527233
CONT_004,2026-09-10 18:24:45.548743,Tomato,11.39,87.7,0.12,NORMAL,2026-09-10,18,3,Thursday,1.3900000000000006,NORMAL,NORMAL,LOW,2,LOW,LOW,11.374931129476584,20.55,-1.66,87.65203856749311,100.0,60.25,0.19079889807162537,0.59,81,36,2.9421487603305785,10.869106753812636,87.4238779956427,0.1841830065359477,88,39,2.821350762527233
CONT_001,2026-09-10 18:24:47.554818,Mango,7.38,100.0,0.28,WARNING,2026-09-10,18,3,Thursday,2.62,NORMAL,CRITICAL,MEDIUM,5,HIGH,HIGH,11.294,20.58,-1.98,87.60111764705883,100.0,60.11,0.19226470588235295,0.59,62,36,2.8941176470588235,11.575468085106383,86.43734042553191,0.19323404255319152,97,51,2.6893617021276595
CONT_001,2026-09-10 18:24:49.558184,Banana,13.23,85.5,0.15,NORMAL,2026-09-10,18,3,Thursday,3.2300000000000004,NORMAL,NORMAL,LOW,2,LOW,LOW,11.294,20.58,-1.98,87.60111764705883,100.0,60.11,0.19226470588235295,0.59,62,36,2.8941176470588235,13.473140096618359,88.16468599033817,0.1929951690821256,96,41,3.1594202898550723
CONT_003,2026-09-10 18:24:51.564091,Avocado,10.37,93.02,0.18,NORMAL,2026-09-10,18,3,Thursday,0.3699999999999992,NORMAL,WARNING,LOW,3,MEDIUM,MEDIUM,11.193441734417345,19.75,-0.44,87.76967479674796,100.0,60.02,0.19691056910569105,0.59,82,37,2.934959349593496,9.129162895927601,88.95671945701358,0.19472850678733034,71,53,2.9524886877828056
CONT_004,2026-09-10 18:24:53.566928,Mango,8.57,62.26,0.3,WARNING,2026-09-10,18,3,Thursday,1.4299999999999997,NORMAL,LOW,MEDIUM,2,LOW,LOW,11.374931129476584,20.55,-1.66,87.65203856749311,100.0,60.25,0.19079889807162537,0.59,81,36,2.9421487603305785,11.575468085106383,86.43734042553191,0.19323404255319152,97,51,2.6893617021276595
CONT_002,2026-09-10 18:24:55.569521,Tomato,10.68,93.98,0.17,NORMAL,2026-09-10,18,3,Thursday,0.6799999999999997,NORMAL,WARNING,LOW,3,MEDIUM,MEDIUM,11.068997050147493,20.03,-1.92,88.139203539823,100.0,61.48,0.18805309734513273,0.6,65,35,2.8997050147492627,10.869106753812636,87.4238779956427,0.1841830065359477,88,39,2.821350762527233
CONT_001,2026-09-10 18:24:57.575107,Avocado,0.72,100.0,0.46,ANOMALY,2026-09-10,18,3,Thursday,9.28,LOW,CRITICAL,HIGH,5,HIGH,HIGH,11.294,20.58,-1.98,87.60111764705883,100.0,60.11,0.19226470588235295,0.59,62,36,2.8941176470588235,9.129162895927601,88.95671945701358,0.19472850678733034,71,53,2.9524886877828056
CONT_001,2026-09-10 18:24:59.583713,Avocado,17.88,68.12,0.43,ANOMALY,2026-09-10,18,3,Thursday,7.879999999999999,WARNING,LOW,HIGH,4,MEDIUM,MEDIUM,11.294,20.58,-1.98,87.60111764705883,100.0,60.11,0.19226470588235295,0.59,62,36,2.8941176470588235,9.129162895927601,88.95671945701358,0.19472850678733034,71,53,2.9524886877828056
CONT_001,2026-09-10 18:25:01.585792,Mango,5.5,100.0,0.47,ANOMALY,2026-09-10,18,3,Thursday,4.5,NORMAL,CRITICAL,HIGH,6,HIGH,HIGH,11.294,20.58,-1.98,87.60111764705883,100.0,60.11,0.19226470588235295,0.59,62,36,2.8941176470588235,11.575468085106383,86.43734042553191,0.19323404255319152,97,51,2.6893617021276595
CONT_004,2026-09-10 18:25:03.588873,Mango,10.9,88.51,0.09,NORMAL,2026-09-10,18,3,Thursday,0.9000000000000004,NORMAL,NORMAL,LOW,2,LOW,LOW,11.374931129476584,20.55,-1.66,87.65203856749311,100.0,60.25,0.19079889807162537,0.59,81,36,2.9421487603305785,11.575468085106383,86.43734042553191,0.19323404255319152,97,51,2.6893617021276595
CONT_003,2026-09-10 18:25:05.591631,Avocado,8.11,92.76,0.09,NORMAL,2026-09-10,18,3,Thursday,1.8900000000000006,NORMAL,WARNING,LOW,3,MEDIUM,MEDIUM,11.193441734417345,19.75,-0.44,87.76967479674796,100.0,60.02,0.19691056910569105,0.59,82,37,2.934959349593496,9.129162895927601,88.95671945701358,0.19472850678733034,71,53,2.9524886877828056
CONT_002,2026-09-10 18:25:07.600607,Tomato,11.64,88.73,0.08,NORMAL,2026-09-10,18,3,Thursday,1.6400000000000006,NORMAL,NORMAL,LOW,2,LOW,LOW,11.068997050147493,20.03,-1.92,88.139203539823,100.0,61.48,0.18805309734513273,0.6,65,35,2.8997050147492627,10.869106753812636,87.4238779956427,0.1841830065359477,88,39,2.821350762527233
CONT_001,2026-09-10 18:25:09.604607,Tomato,11.17,85.05,0.08,NORMAL,2026-09-10,18,3,Thursday,1.17,NORMAL,NORMAL,LOW,2,LOW,LOW,11.294,20.58,-1.98,87.60111764705883,100.0,60.11,0.19226470588235295,0.59,62,36,2.8941176470588235,10.869106753812636,87.4238779956427,0.1841830065359477,88,39,2.821350762527233
CONT_003,2026-09-10 18:25:11.613390,Avocado,-0.44,100.0,0.54,ANOMALY,2026-09-10,18,3,Thursday,10.44,LOW,CRITICAL,HIGH,5,HIGH,HIGH,11.193441734417345,19.75,-0.44,87.76967479674796,100.0,60.02,0.19691056910569105,0.59,82,37,2.934959349593496,9.129162895927601,88.95671945701358,0.19472850678733034,71,53,2.9524886877828056
CONT_002,2026-09-10 18:25:13.616784,Mango,10.56,88.73,0.19,NORMAL,2026-09-10,18,3,Thursday,0.5600000000000005,NORMAL,NORMAL,LOW,2,LOW,LOW,11.068997050147493,20.03,-1.92,88.139203539823,100.0,61.48,0.18805309734513273,0.6,65,35,2.8997050147492627,11.575468085106383,86.43734042553191,0.19323404255319152,97,51,2.6893617021276595
CONT_005,2026-09-10 18:25:15.620802,Avocado,-1.35,61.54,0.47,ANOMALY,2026-09-10,18,3,Thursday,11.35,LOW,LOW,HIGH,2,LOW,LOW,11.204625668449196,20.93,-1.87,87.44355614973261,100.0,60.03,0.18794117647058825,0.59,62,40,2.8181818181818183,9.129162895927601,88.95671945701358,0.19472850678733034,71,53,2.9524886877828056
CONT_001,2026-09-10 18:25:17.624379,Mango,3.44,68.3,0.42,ANOMALY,2026-09-10,18,3,Thursday,6.5600000000000005,LOW,LOW,HIGH,2,LOW,LOW,11.294,20.58,-1.98,87.60111764705883,100.0,60.11,0.19226470588235295,0.59,62,36,2.8941176470588235,11.575468085106383,86.43734042553191,0.19323404255319152,97,51,2.6893617021276595
CONT_004,2026-09-10 18:25:19.628859,Tomato,11.38,94.1,0.1,NORMAL,2026-09-10,18,3,Thursday,1.3800000000000008,NORMAL,WARNING,LOW,3,MEDIUM,MEDIUM,11.374931129476584,20.55,-1.66,87.65203856749311,100.0,60.25,0.19079889807162537,0.59,81,36,2.9421487603305785,10.869106753812636,87.4238779956427,0.1841830065359477,88,39,2.821350762527233
CONT_004,2026-09-10 18:25:21.632116,Banana,13.51,91.18,0.09,NORMAL,2026-09-10,18,3,Thursday,3.51,NORMAL,WARNING,LOW,3,MEDIUM,MEDIUM,11.374931129476584,20.55,-1.66,87.65203856749311,100.0,60.25,0.19079889807162537,0.59,81,36,2.9421487603305785,13.473140096618359,88.16468599033817,0.1929951690821256,96,41,3.1594202898550723
CONT_005,2026-09-10 18:25:23.635520,Tomato,10.52,90.94,0.13,NORMAL,2026-09-10,18,3,Thursday,0.5199999999999996,NORMAL,WARNING,LOW,3,MEDIUM,MEDIUM,11.204625668449196,20.93,-1.87,87.44355614973261,100.0,60.03,0.18794117647058825,0.59,62,40,2.8181818181818183,10.869106753812636,87.4238779956427,0.1841830065359477,88,39,2.821350762527233
CONT_002,2026-09-10 18:25:25.639056,Avocado,8.15,91.04,0.1,NORMAL,2026-09-10,18,3,Thursday,1.8499999999999996,NORMAL,WARNING,LOW,3,MEDIUM,MEDIUM,11.068997050147493,20.03,-1.92,88.139203539823,100.0,61.48,0.18805309734513273,0.6,65,35,2.8997050147492627,9.129162895927601,88.95671945701358,0.19472850678733034,71,53,2.9524886877828056
CONT_005,2026-09-10 18:25:27.645994,Mango,15.42,100.0,0.29,WARNING,2026-09-10,18,3,Thursday,5.42,WARNING,CRITICAL,MEDIUM,6,HIGH,HIGH,11.204625668449196,20.93,-1.87,87.44355614973261,100.0,60.03,0.18794117647058825,0.59,62,40,2.8181818181818183,11.575468085106383,86.43734042553191,0.19323404255319152,97,51,2.6893617021276595
CONT_004,2026-09-10 18:25:29.648882,Banana,16.08,61.74,0.34,WARNING,2026-09-10,18,3,Thursday,6.079999999999998,WARNING,LOW,MEDIUM,3,MEDIUM,MEDIUM,11.374931129476584,20.55,-1.66,87.65203856749311,100.0,60.25,0.19079889807162537,0.59,81,36,2.9421487603305785,13.473140096618359,88.16468599033817,0.1929951690821256,96,41,3.1594202898550723
CONT_005,2026-09-10 18:25:31.652264,Banana,13.29,94.63,0.1,NORMAL,2026-09-10,18,3,Thursday,3.289999999999999,NORMAL,WARNING,LOW,3,MEDIUM,MEDIUM,11.204625668449196,20.93,-1.87,87.44355614973261,100.0,60.03,0.18794117647058825,0.59,62,40,2.8181818181818183,13.473140096618359,88.16468599033817,0.1929951690821256,96,41,3.1594202898550723
CONT_003,2026-09-10 18:25:33.654812,Banana,13.49,86.85,0.1,NORMAL,2026-09-10,18,3,Thursday,3.49,NORMAL,NORMAL,LOW,2,LOW,LOW,11.193441734417345,19.75,-0.44,87.76967479674796,100.0,60.02,0.19691056910569105,0.59,82,37,2.934959349593496,13.473140096618359,88.16468599033817,0.1929951690821256,96,41,3.1594202898550723
CONT_003,2026-09-10 18:25:35.657437,Mango,11.29,87.97,0.08,NORMAL,2026-09-10,18,3,Thursday,1.2899999999999991,NORMAL,NORMAL,LOW,2,LOW,LOW,11.193441734417345,19.75,-0.44,87.76967479674796,100.0,60.02,0.19691056910569105,0.59,82,37,2.934959349593496,11.575468085106383,86.43734042553191,0.19323404255319152,97,51,2.6893617021276595
CONT_001,2026-09-10 18:25:37.662915,Mango,10.54,85.22,0.16,NORMAL,2026-09-10,18,3,Thursday,0.5399999999999991,NORMAL,NORMAL,LOW,2,LOW,LOW,11.294,20.58,-1.98,87.60111764705883,100.0,60.11,0.19226470588235295,0.59,62,36,2.8941176470588235,11.575468085106383,86.43734042553191,0.19323404255319152,97,51,2.6893617021276595
CONT_005,2026-09-10 18:25:39.666293,Tomato,11.46,90.73,0.19,NORMAL,2026-09-10,18,3,Thursday,1.4600000000000009,NORMAL,WARNING,LOW,3,MEDIUM,MEDIUM,11.204625668449196,20.93,-1.87,87.44355614973261,100.0,60.03,0.18794117647058825,0.59,62,40,2.8181818181818183,10.869106753812636,87.4238779956427,0.1841830065359477,88,39,2.821350762527233
CONT_002,2026-09-10 18:25:41.697035,Mango,12.42,86.83,0.09,NORMAL,2026-09-10,18,3,Thursday,2.42,NORMAL,NORMAL,LOW,2,LOW,LOW,11.068997050147493,20.03,-1.92,88.139203539823,100.0,61.48,0.18805309734513273,0.6,65,35,2.8997050147492627,11.575468085106383,86.43734042553191,0.19323404255319152,97,51,2.6893617021276595
CONT_001,2026-09-10 18:25:43.713206,Tomato,16.82,100.0,0.54,ANOMALY,2026-09-10,18,3,Thursday,6.82,WARNING,CRITICAL,HIGH,7,CRITICAL,CRITICAL,11.294,20.58,-1.98,87.60111764705883,100.0,60.11,0.19226470588235295,0.59,62,36,2.8941176470588235,10.869106753812636,87.4238779956427,0.1841830065359477,88,39,2.821350762527233
CONT_004,2026-09-10 18:25:45.744357,Banana,10.22,100.0,0.3,WARNING,2026-09-10,18,3,Thursday,0.22000000000000064,NORMAL,CRITICAL,MEDIUM,5,HIGH,HIGH,11.374931129476584,20.55,-1.66,87.65203856749311,100.0,60.25,0.19079889807162537,0.59,81,36,2.9421487603305785,13.473140096618359,88.16468599033817,0.1929951690821256,96,41,3.1594202898550723
CONT_001,2026-09-10 18:25:47.761513,Tomato,10.73,89.38,0.07,NORMAL,2026-09-10,18,3,Thursday,0.7300000000000004,NORMAL,NORMAL,LOW,2,LOW,LOW,11.294,20.58,-1.98,87.60111764705883,100.0,60.11,0.19226470588235295,0.59,62,36,2.8941176470588235,10.869106753812636,87.4238779956427,0.1841830065359477,88,39,2.821350762527233
CONT_003,2026-09-10 18:25:49.765627,Mango,11.28,86.44,0.1,NORMAL,2026-09-10,18,3,Thursday,1.2799999999999994,NORMAL,NORMAL,LOW,2,LOW,LOW,11.193441734417345,19.75,-0.44,87.76967479674796,100.0,60.02,0.19691056910569105,0.59,82,37,2.934959349593496,11.575468085106383,86.43734042553191,0.19323404255319152,97,51,2.6893617021276595
CONT_003,2026-09-10 18:25:51.769952,Mango,12.55,89.22,0.18,NORMAL,2026-09-10,18,3,Thursday,2.5500000000000007,NORMAL,NORMAL,LOW,2,LOW,LOW,11.193441734417345,19.75,-0.44,87.76967479674796,100.0,60.02,0.19691056910569105,0.59,82,37,2.934959349593496,11.575468085106383,86.43734042553191,0.19323404255319152,97,51,2.6893617021276595
CONT_003,2026-09-10 18:25:53.772801,Tomato,10.04,91.7,0.08,NORMAL,2026-09-10,18,3,Thursday,0.03999999999999915,NORMAL,WARNING,LOW,3,MEDIUM,MEDIUM,11.193441734417345,19.75,-0.44,87.76967479674796,100.0,60.02,0.19691056910569105,0.59,82,37,2.934959349593496,10.869106753812636,87.4238779956427,0.1841830065359477,88,39,2.821350762527233
CONT_003,2026-09-10 18:25:55.775700,Mango,15.33,72.73,0.29,WARNING,2026-09-10,18,3,Thursday,5.33,WARNING,NORMAL,MEDIUM,4,MEDIUM,MEDIUM,11.193441734417345,19.75,-0.44,87.76967479674796,100.0,60.02,0.19691056910569105,0.59,82,37,2.934959349593496,11.575468085106383,86.43734042553191,0.19323404255319152,97,51,2.6893617021276595
CONT_004,2026-09-10 18:40:29.497245,Avocado,15.56,100.0,0.3,WARNING,2026-09-10,18,3,Thursday,5.5600000000000005,WARNING,CRITICAL,MEDIUM,6,HIGH,HIGH,11.374931129476584,20.55,-1.66,87.65203856749311,100.0,60.25,0.19079889807162537,0.59,81,36,2.9421487603305785,9.129162895927601,88.95671945701358,0.19472850678733034,71,53,2.9524886877828056
CONT_005,2026-09-10 18:40:31.500793,Mango,12.15,88.81,0.05,NORMAL,2026-09-10,18,3,Thursday,2.1500000000000004,NORMAL,NORMAL,LOW,2,LOW,LOW,11.204625668449196,20.93,-1.87,87.44355614973261,100.0,60.03,0.18794117647058825,0.59,62,40,2.8181818181818183,11.575468085106383,86.43734042553191,0.19323404255319152,97,51,2.6893617021276595
CONT_004,2026-09-10 18:40:33.502763,Banana,15.42,60.87,0.27,WARNING,2026-09-10,18,3,Thursday,5.42,WARNING,LOW,MEDIUM,3,MEDIUM,MEDIUM,11.374931129476584,20.55,-1.66,87.65203856749311,100.0,60.25,0.19079889807162537,0.59,81,36,2.9421487603305785,13.473140096618359,88.16468599033817,0.1929951690821256,96,41,3.1594202898550723
CONT_002,2026-09-10 18:40:35.504202,Banana,15.18,100.0,0.29,WARNING,2026-09-10,18,3,Thursday,5.18,WARNING,CRITICAL,MEDIUM,6,HIGH,HIGH,11.068997050147493,20.03,-1.92,88.139203539823,100.0,61.48,0.18805309734513273,0.6,65,35,2.8997050147492627,13.473140096618359,88.16468599033817,0.1929951690821256,96,41,3.1594202898550723
CONT_002,2026-09-10 18:40:37.523177,Mango,8.26,66.63,0.32,WARNING,2026-09-10,18,3,Thursday,1.7400000000000002,NORMAL,LOW,MEDIUM,2,LOW,LOW,11.068997050147493,20.03,-1.92,88.139203539823,100.0,61.48,0.18805309734513273,0.6,65,35,2.8997050147492627,11.575468085106383,86.43734042553191,0.19323404255319152,97,51,2.6893617021276595
CONT_002,2026-09-10 18:40:39.573457,Avocado,9.73,86.65,0.15,NORMAL,2026-09-10,18,3,Thursday,0.2699999999999996,NORMAL,NORMAL,LOW,2,LOW,LOW,11.068997050147493,20.03,-1.92,88.139203539823,100.0,61.48,0.18805309734513273,0.6,65,35,2.8997050147492627,9.129162895927601,88.95671945701358,0.19472850678733034,71,53,2.9524886877828056
CONT_002,2026-09-10 18:40:41.586056,Tomato,8.3,67.17,0.27,WARNING,2026-09-10,18,3,Thursday,1.6999999999999993,NORMAL,LOW,MEDIUM,2,LOW,LOW,11.068997050147493,20.03,-1.92,88.139203539823,100.0,61.48,0.18805309734513273,0.6,65,35,2.8997050147492627,10.869106753812636,87.4238779956427,0.1841830065359477,88,39,2.821350762527233
CONT_003,2026-09-10 18:40:43.610467,Mango,12.1,89.13,0.18,NORMAL,2026-09-10,18,3,Thursday,2.0999999999999996,NORMAL,NORMAL,LOW,2,LOW,LOW,11.193441734417345,19.75,-0.44,87.76967479674796,100.0,60.02,0.19691056910569105,0.59,82,37,2.934959349593496,11.575468085106383,86.43734042553191,0.19323404255319152,97,51,2.6893617021276595
CONT_001,2026-09-10 18:40:45.743324,Mango,10.43,85.31,0.16,NORMAL,2026-09-10,18,3,Thursday,0.4299999999999997,NORMAL,NORMAL,LOW,2,LOW,LOW,11.294,20.58,-1.98,87.60111764705883,100.0,60.11,0.19226470588235295,0.59,62,36,2.8941176470588235,11.575468085106383,86.43734042553191,0.19323404255319152,97,51,2.6893617021276595
CONT_003,2026-09-10 18:40:47.788479,Banana,16.84,100.0,0.27,WARNING,2026-09-10,18,3,Thursday,6.84,WARNING,CRITICAL,MEDIUM,6,HIGH,HIGH,11.193441734417345,19.75,-0.44,87.76967479674796,100.0,60.02,0.19691056910569105,0.59,82,37,2.934959349593496,13.473140096618359,88.16468599033817,0.1929951690821256,96,41,3.1594202898550723
CONT_004,2026-09-10 18:40:49.814611,Tomato,10.02,85.32,0.19,NORMAL,2026-09-10,18,3,Thursday,0.019999999999999574,NORMAL,NORMAL,LOW,2,LOW,LOW,11.374931129476584,20.55,-1.66,87.65203856749311,100.0,60.25,0.19079889807162537,0.59,81,36,2.9421487603305785,10.869106753812636,87.4238779956427,0.1841830065359477,88,39,2.821350762527233
CONT_002,2026-09-10 18:40:51.819726,Banana,13.04,85.65,0.12,NORMAL,2026-09-10,18,3,Thursday,3.039999999999999,NORMAL,NORMAL,LOW,2,LOW,LOW,11.068997050147493,20.03,-1.92,88.139203539823,100.0,61.48,0.18805309734513273,0.6,65,35,2.8997050147492627,13.473140096618359,88.16468599033817,0.1929951690821256,96,41,3.1594202898550723
CONT_001,2026-09-10 18:40:53.824245,Tomato,10.94,94.76,0.19,NORMAL,2026-09-10,18,3,Thursday,0.9399999999999995,NORMAL,WARNING,LOW,3,MEDIUM,MEDIUM,11.294,20.58,-1.98,87.60111764705883,100.0,60.11,0.19226470588235295,0.59,62,36,2.8941176470588235,10.869106753812636,87.4238779956427,0.1841830065359477,88,39,2.821350762527233
CONT_005,2026-09-10 18:40:55.826948,Tomato,11.43,93.79,0.14,NORMAL,2026-09-10,18,3,Thursday,1.4299999999999997,NORMAL,WARNING,LOW,3,MEDIUM,MEDIUM,11.204625668449196,20.93,-1.87,87.44355614973261,100.0,60.03,0.18794117647058825,0.59,62,40,2.8181818181818183,10.869106753812636,87.4238779956427,0.1841830065359477,88,39,2.821350762527233
CONT_004,2026-09-10 18:40:57.829956,Banana,13.49,86.63,0.1,NORMAL,2026-09-10,18,3,Thursday,3.49,NORMAL,NORMAL,LOW,2,LOW,LOW,11.374931129476584,20.55,-1.66,87.65203856749311,100.0,60.25,0.19079889807162537,0.59,81,36,2.9421487603305785,13.473140096618359,88.16468599033817,0.1929951690821256,96,41,3.1594202898550723
CONT_002,2026-09-10 18:40:59.866878,Avocado,3.52,100.0,0.24,WARNING,2026-09-10,18,3,Thursday,6.48,LOW,CRITICAL,MEDIUM,4,MEDIUM,MEDIUM,11.068997050147493,20.03,-1.92,88.139203539823,100.0,61.48,0.18805309734513273,0.6,65,35,2.8997050147492627,9.129162895927601,88.95671945701358,0.19472850678733034,71,53,2.9524886877828056
CONT_002,2026-09-10 18:41:01.882995,Tomato,11.35,89.92,0.15,NORMAL,2026-09-10,18,3,Thursday,1.3499999999999996,NORMAL,NORMAL,LOW,2,LOW,LOW,11.068997050147493,20.03,-1.92,88.139203539823,100.0,61.48,0.18805309734513273,0.6,65,35,2.8997050147492627,10.869106753812636,87.4238779956427,0.1841830065359477,88,39,2.821350762527233
CONT_002,2026-09-10 18:41:03.979899,Tomato,11.3,90.53,0.05,NORMAL,2026-09-10,18,3,Thursday,1.3000000000000007,NORMAL,WARNING,LOW,3,MEDIUM,MEDIUM,11.068997050147493,20.03,-1.92,88.139203539823,100.0,61.48,0.18805309734513273,0.6,65,35,2.8997050147492627,10.869106753812636,87.4238779956427,0.1841830065359477,88,39,2.821350762527233
CONT_002,2026-09-10 18:41:05.982498,Avocado,14.32,69.04,0.34,WARNING,2026-09-10,18,3,Thursday,4.32,NORMAL,LOW,MEDIUM,2,LOW,LOW,11.068997050147493,20.03,-1.92,88.139203539823,100.0,61.48,0.18805309734513273,0.6,65,35,2.8997050147492627,9.129162895927601,88.95671945701358,0.19472850678733034,71,53,2.9524886877828056
CONT_005,2026-09-10 18:41:07.985472,Mango,15.27,100.0,0.34,WARNING,2026-09-10,18,3,Thursday,5.27,WARNING,CRITICAL,MEDIUM,6,HIGH,HIGH,11.204625668449196,20.93,-1.87,87.44355614973261,100.0,60.03,0.18794117647058825,0.59,62,40,2.8181818181818183,11.575468085106383,86.43734042553191,0.19323404255319152,97,51,2.6893617021276595
CONT_003,2026-09-10 18:41:10.026578,Avocado,0.12,64.78,0.5,ANOMALY,2026-09-10,18,3,Thursday,9.88,LOW,LOW,HIGH,2,LOW,LOW,11.193441734417345,19.75,-0.44,87.76967479674796,100.0,60.02,0.19691056910569105,0.59,82,37,2.934959349593496,9.129162895927601,88.95671945701358,0.19472850678733034,71,53,2.9524886877828056
CONT_001,2026-09-10 18:41:12.370065,Mango,14.17,100.0,0.28,WARNING,2026-09-10,18,3,Thursday,4.17,NORMAL,CRITICAL,MEDIUM,5,HIGH,HIGH,11.294,20.58,-1.98,87.60111764705883,100.0,60.11,0.19226470588235295,0.59,62,36,2.8941176470588235,11.575468085106383,86.43734042553191,0.19323404255319152,97,51,2.6893617021276595
CONT_003,2026-09-10 18:41:14.635424,Banana,13.29,86.14,0.05,NORMAL,2026-09-10,18,3,Thursday,3.289999999999999,NORMAL,NORMAL,LOW,2,LOW,LOW,11.193441734417345,19.75,-0.44,87.76967479674796,100.0,60.02,0.19691056910569105,0.59,82,37,2.934959349593496,13.473140096618359,88.16468599033817,0.1929951690821256,96,41,3.1594202898550723
CONT_002,2026-09-10 18:41:16.653585,Banana,13.72,87.54,0.08,NORMAL,2026-09-10,18,3,Thursday,3.7200000000000006,NORMAL,NORMAL,LOW,2,LOW,LOW,11.068997050147493,20.03,-1.92,88.139203539823,100.0,61.48,0.18805309734513273,0.6,65,35,2.8997050147492627,13.473140096618359,88.16468599033817,0.1929951690821256,96,41,3.1594202898550723
CONT_005,2026-09-10 18:41:18.661235,Avocado,11.18,89.42,0.15,NORMAL,2026-09-10,18,3,Thursday,1.1799999999999997,NORMAL,NORMAL,LOW,2,LOW,LOW,11.204625668449196,20.93,-1.87,87.44355614973261,100.0,60.03,0.18794117647058825,0.59,62,40,2.8181818181818183,9.129162895927601,88.95671945701358,0.19472850678733034,71,53,2.9524886877828056
CONT_003,2026-09-10 18:41:20.667109,Avocado,12.63,87.56,0.18,NORMAL,2026-09-10,18,3,Thursday,2.630000000000001,NORMAL,NORMAL,LOW,2,LOW,LOW,11.193441734417345,19.75,-0.44,87.76967479674796,100.0,60.02,0.19691056910569105,0.59,82,37,2.934959349593496,9.129162895927601,88.95671945701358,0.19472850678733034,71,53,2.9524886877828056
CONT_003,2026-09-10 18:41:22.674102,Tomato,17.22,70.37,0.45,ANOMALY,2026-09-10,18,3,Thursday,7.219999999999999,WARNING,NORMAL,HIGH,5,HIGH,HIGH,11.193441734417345,19.75,-0.44,87.76967479674796,100.0,60.02,0.19691056910569105,0.59,82,37,2.934959349593496,10.869106753812636,87.4238779956427,0.1841830065359477,88,39,2.821350762527233
CONT_003,2026-09-10 18:41:24.775343,Tomato,11.89,90.41,0.16,NORMAL,2026-09-10,18,3,Thursday,1.8900000000000006,NORMAL,WARNING,LOW,3,MEDIUM,MEDIUM,11.193441734417345,19.75,-0.44,87.76967479674796,100.0,60.02,0.19691056910569105,0.59,82,37,2.934959349593496,10.869106753812636,87.4238779956427,0.1841830065359477,88,39,2.821350762527233
CONT_002,2026-09-10 18:41:26.891667,Banana,10.92,100.0,0.32,WARNING,2026-09-10,18,3,Thursday,0.9199999999999999,NORMAL,CRITICAL,MEDIUM,5,HIGH,HIGH,11.068997050147493,20.03,-1.92,88.139203539823,100.0,61.48,0.18805309734513273,0.6,65,35,2.8997050147492627,13.473140096618359,88.16468599033817,0.1929951690821256,96,41,3.1594202898550723
CONT_002,2026-09-10 18:41:28.894808,Tomato,11.84,88.08,0.2,NORMAL,2026-09-10,18,3,Thursday,1.8399999999999999,NORMAL,NORMAL,LOW,2,LOW,LOW,11.068997050147493,20.03,-1.92,88.139203539823,100.0,61.48,0.18805309734513273,0.6,65,35,2.8997050147492627,10.869106753812636,87.4238779956427,0.1841830065359477,88,39,2.821350762527233
CONT_004,2026-09-10 18:41:30.898214,Tomato,10.08,87.88,0.05,NORMAL,2026-09-10,18,3,Thursday,0.08000000000000007,NORMAL,NORMAL,LOW,2,LOW,LOW,11.374931129476584,20.55,-1.66,87.65203856749311,100.0,60.25,0.19079889807162537,0.59,81,36,2.9421487603305785,10.869106753812636,87.4238779956427,0.1841830065359477,88,39,2.821350762527233
CONT_001,2026-09-10 18:41:32.901221,Tomato,7.24,74.39,0.28,WARNING,2026-09-10,18,3,Thursday,2.76,NORMAL,NORMAL,MEDIUM,3,MEDIUM,MEDIUM,11.294,20.58,-1.98,87.60111764705883,100.0,60.11,0.19226470588235295,0.59,62,36,2.8941176470588235,10.869106753812636,87.4238779956427,0.1841830065359477,88,39,2.821350762527233
CONT_005,2026-09-10 18:41:34.906215,Mango,10.56,86.19,0.1,NORMAL,2026-09-10,18,3,Thursday,0.5600000000000005,NORMAL,NORMAL,LOW,2,LOW,LOW,11.204625668449196,20.93,-1.87,87.44355614973261,100.0,60.03,0.18794117647058825,0.59,62,40,2.8181818181818183,11.575468085106383,86.43734042553191,0.19323404255319152,97,51,2.6893617021276595
CONT_002,2026-09-10 18:41:36.909710,Tomato,11.89,87.39,0.12,NORMAL,2026-09-10,18,3,Thursday,1.8900000000000006,NORMAL,NORMAL,LOW,2,LOW,LOW,11.068997050147493,20.03,-1.92,88.139203539823,100.0,61.48,0.18805309734513273,0.6,65,35,2.8997050147492627,10.869106753812636,87.4238779956427,0.1841830065359477,88,39,2.821350762527233
CONT_004,2026-09-10 18:41:38.912115,Avocado,0.18,70.87,0.37,ANOMALY,2026-09-10,18,3,Thursday,9.82,LOW,NORMAL,MEDIUM,2,LOW,LOW,11.374931129476584,20.55,-1.66,87.65203856749311,100.0,60.25,0.19079889807162537,0.59,81,36,2.9421487603305785,9.129162895927601,88.95671945701358,0.19472850678733034,71,53,2.9524886877828056
CONT_002,2026-09-10 18:41:40.916010,Banana,11.36,100.0,0.31,WARNING,2026-09-10,18,3,Thursday,1.3599999999999994,NORMAL,CRITICAL,MEDIUM,5,HIGH,HIGH,11.068997050147493,20.03,-1.92,88.139203539823,100.0,61.48,0.18805309734513273,0.6,65,35,2.8997050147492627,13.473140096618359,88.16468599033817,0.1929951690821256,96,41,3.1594202898550723
CONT_003,2026-09-10 18:41:42.924792,Banana,13.31,86.57,0.19,NORMAL,2026-09-10,18,3,Thursday,3.3100000000000005,NORMAL,NORMAL,LOW,2,LOW,LOW,11.193441734417345,19.75,-0.44,87.76967479674796,100.0,60.02,0.19691056910569105,0.59,82,37,2.934959349593496,13.473140096618359,88.16468599033817,0.1929951690821256,96,41,3.1594202898550723
CONT_002,2026-09-10 18:41:44.928527,Banana,13.56,88.5,0.15,NORMAL,2026-09-10,18,3,Thursday,3.5600000000000005,NORMAL,NORMAL,LOW,2,LOW,LOW,11.068997050147493,20.03,-1.92,88.139203539823,100.0,61.48,0.18805309734513273,0.6,65,35,2.8997050147492627,13.473140096618359,88.16468599033817,0.1929951690821256,96,41,3.1594202898550723
CONT_001,2026-09-10 18:41:46.931064,Mango,12.45,88.36,0.05,NORMAL,2026-09-10,18,3,Thursday,2.4499999999999993,NORMAL,NORMAL,LOW,2,LOW,LOW,11.294,20.58,-1.98,87.60111764705883,100.0,60.11,0.19226470588235295,0.59,62,36,2.8941176470588235,11.575468085106383,86.43734042553191,0.19323404255319152,97,51,2.6893617021276595
CONT_004,2026-09-10 18:41:48.935170,Banana,15.33,70.68,0.34,WARNING,2026-09-10,18,3,Thursday,5.33,WARNING,NORMAL,MEDIUM,4,MEDIUM,MEDIUM,11.374931129476584,20.55,-1.66,87.65203856749311,100.0,60.25,0.19079889807162537,0.59,81,36,2.9421487603305785,13.473140096618359,88.16468599033817,0.1929951690821256,96,41,3.1594202898550723
CONT_003,2026-09-10 18:41:50.939482,Avocado,12.74,86.79,0.13,NORMAL,2026-09-10,18,3,Thursday,2.74,NORMAL,NORMAL,LOW,2,LOW,LOW,11.193441734417345,19.75,-0.44,87.76967479674796,100.0,60.02,0.19691056910569105,0.59,82,37,2.934959349593496,9.129162895927601,88.95671945701358,0.19472850678733034,71,53,2.9524886877828056
CONT_002,2026-09-10 18:41:52.942375,Avocado,9.85,88.02,0.11,NORMAL,2026-09-10,18,3,Thursday,0.15000000000000036,NORMAL,NORMAL,LOW,2,LOW,LOW,11.068997050147493,20.03,-1.92,88.139203539823,100.0,61.48,0.18805309734513273,0.6,65,35,2.8997050147492627,9.129162895927601,88.95671945701358,0.19472850678733034,71,53,2.9524886877828056
CONT_002,2026-09-10 18:41:54.947240,Mango,11.58,89.5,0.06,NORMAL,2026-09-10,18,3,Thursday,1.58,NORMAL,NORMAL,LOW,2,LOW,LOW,11.068997050147493,20.03,-1.92,88.139203539823,100.0,61.48,0.18805309734513273,0.6,65,35,2.8997050147492627,11.575468085106383,86.43734042553191,0.19323404255319152,97,51,2.6893617021276595
CONT_003,2026-09-10 18:41:56.952191,Avocado,7.67,88.95,0.13,NORMAL,2026-09-10,18,3,Thursday,2.33,NORMAL,NORMAL,LOW,2,LOW,LOW,11.193441734417345,19.75,-0.44,87.76967479674796,100.0,60.02,0.19691056910569105,0.59,82,37,2.934959349593496,9.129162895927601,88.95671945701358,0.19472850678733034,71,53,2.9524886877828056
CONT_005,2026-09-10 18:41:58.957866,Mango,7.23,74.72,0.35,WARNING,2026-09-10,18,3,Thursday,2.7699999999999996,NORMAL,NORMAL,MEDIUM,3,MEDIUM,MEDIUM,11.204625668449196,20.93,-1.87,87.44355614973261,100.0,60.03,0.18794117647058825,0.59,62,40,2.8181818181818183,11.575468085106383,86.43734042553191,0.19323404255319152,97,51,2.6893617021276595
CONT_003,2026-09-10 18:42:00.960709,Mango,12.05,87.61,0.17,NORMAL,2026-09-10,18,3,Thursday,2.0500000000000007,NORMAL,NORMAL,LOW,2,LOW,LOW,11.193441734417345,19.75,-0.44,87.76967479674796,100.0,60.02,0.19691056910569105,0.59,82,37,2.934959349593496,11.575468085106383,86.43734042553191,0.19323404255319152,97,51,2.6893617021276595
CONT_004,2026-09-10 18:42:02.963408,Banana,13.95,85.97,0.06,NORMAL,2026-09-10,18,3,Thursday,3.9499999999999993,NORMAL,NORMAL,LOW,2,LOW,LOW,11.374931129476584,20.55,-1.66,87.65203856749311,100.0,60.25,0.19079889807162537,0.59,81,36,2.9421487603305785,13.473140096618359,88.16468599033817,0.1929951690821256,96,41,3.1594202898550723
CONT_002,2026-09-10 18:42:05.033941,Avocado,8.33,91.49,0.09,NORMAL,2026-09-10,18,3,Thursday,1.67,NORMAL,WARNING,LOW,3,MEDIUM,MEDIUM,11.068997050147493,20.03,-1.92,88.139203539823,100.0,61.48,0.18805309734513273,0.6,65,35,2.8997050147492627,9.129162895927601,88.95671945701358,0.19472850678733034,71,53,2.9524886877828056
CONT_004,2026-09-10 18:42:07.049974,Tomato,10.95,89.5,0.19,NORMAL,2026-09-10,18,3,Thursday,0.9499999999999993,NORMAL,NORMAL,LOW,2,LOW,LOW,11.374931129476584,20.55,-1.66,87.65203856749311,100.0,60.25,0.19079889807162537,0.59,81,36,2.9421487603305785,10.869106753812636,87.4238779956427,0.1841830065359477,88,39,2.821350762527233
CONT_004,2026-09-10 18:42:09.052825,Tomato,10.45,91.88,0.13,NORMAL,2026-09-10,18,3,Thursday,0.4499999999999993,NORMAL,WARNING,LOW,3,MEDIUM,MEDIUM,11.374931129476584,20.55,-1.66,87.65203856749311,100.0,60.25,0.19079889807162537,0.59,81,36,2.9421487603305785,10.869106753812636,87.4238779956427,0.1841830065359477,88,39,2.821350762527233
CONT_004,2026-09-10 18:42:11.060948,Banana,13.57,88.76,0.09,NORMAL,2026-09-10,18,3,Thursday,3.5700000000000003,NORMAL,NORMAL,LOW,2,LOW,LOW,11.374931129476584,20.55,-1.66,87.65203856749311,100.0,60.25,0.19079889807162537,0.59,81,36,2.9421487603305785,13.473140096618359,88.16468599033817,0.1929951690821256,96,41,3.1594202898550723
CONT_002,2026-09-10 18:42:13.064629,Tomato,10.23,88.76,0.12,NORMAL,2026-09-10,18,3,Thursday,0.23000000000000043,NORMAL,NORMAL,LOW,2,LOW,LOW,11.068997050147493,20.03,-1.92,88.139203539823,100.0,61.48,0.18805309734513273,0.6,65,35,2.8997050147492627,10.869106753812636,87.4238779956427,0.1841830065359477,88,39,2.821350762527233
CONT_001,2026-09-10 18:42:15.067785,Tomato,11.26,86.21,0.13,NORMAL,2026-09-10,18,3,Thursday,1.2599999999999998,NORMAL,NORMAL,LOW,2,LOW,LOW,11.294,20.58,-1.98,87.60111764705883,100.0,60.11,0.19226470588235295,0.59,62,36,2.8941176470588235,10.869106753812636,87.4238779956427,0.1841830065359477,88,39,2.821350762527233
CONT_005,2026-09-10 18:42:17.073351,Avocado,10.43,87.87,0.12,NORMAL,2026-09-10,18,3,Thursday,0.4299999999999997,NORMAL,NORMAL,LOW,2,LOW,LOW,11.204625668449196,20.93,-1.87,87.44355614973261,100.0,60.03,0.18794117647058825,0.59,62,40,2.8181818181818183,9.129162895927601,88.95671945701358,0.19472850678733034,71,53,2.9524886877828056
CONT_005,2026-09-10 18:42:19.076728,Avocado,12.17,92.06,0.06,NORMAL,2026-09-10,18,3,Thursday,2.17,NORMAL,WARNING,LOW,3,MEDIUM,MEDIUM,11.204625668449196,20.93,-1.87,87.44355614973261,100.0,60.03,0.18794117647058825,0.59,62,40,2.8181818181818183,9.129162895927601,88.95671945701358,0.19472850678733034,71,53,2.9524886877828056
CONT_002,2026-09-10 18:42:21.079440,Banana,13.63,93.12,0.19,NORMAL,2026-09-10,18,3,Thursday,3.630000000000001,NORMAL,WARNING,LOW,3,MEDIUM,MEDIUM,11.068997050147493,20.03,-1.92,88.139203539823,100.0,61.48,0.18805309734513273,0.6,65,35,2.8997050147492627,13.473140096618359,88.16468599033817,0.1929951690821256,96,41,3.1594202898550723
CONT_001,2026-09-10 18:42:23.081971,Banana,15.43,100.0,0.26,WARNING,2026-09-10,18,3,Thursday,5.43,WARNING,CRITICAL,MEDIUM,6,HIGH,HIGH,11.294,20.58,-1.98,87.60111764705883,100.0,60.11,0.19226470588235295,0.59,62,36,2.8941176470588235,13.473140096618359,88.16468599033817,0.1929951690821256,96,41,3.1594202898550723
CONT_003,2026-09-10 18:42:25.256844,Tomato,13.18,100.0,0.25,WARNING,2026-09-10,18,3,Thursday,3.1799999999999997,NORMAL,CRITICAL,MEDIUM,5,HIGH,HIGH,11.193441734417345,19.75,-0.44,87.76967479674796,100.0,60.02,0.19691056910569105,0.59,82,37,2.934959349593496,10.869106753812636,87.4238779956427,0.1841830065359477,88,39,2.821350762527233
CONT_005,2026-09-10 18:42:27.283167,Tomato,7.57,74.69,0.23,WARNING,2026-09-10,18,3,Thursday,2.4299999999999997,NORMAL,NORMAL,MEDIUM,3,MEDIUM,MEDIUM,11.204625668449196,20.93,-1.87,87.44355614973261,100.0,60.03,0.18794117647058825,0.59,62,40,2.8181818181818183,10.869106753812636,87.4238779956427,0.1841830065359477,88,39,2.821350762527233
CONT_005,2026-09-10 18:42:29.289305,Mango,11.93,89.15,0.11,NORMAL,2026-09-10,18,3,Thursday,1.9299999999999997,NORMAL,NORMAL,LOW,2,LOW,LOW,11.204625668449196,20.93,-1.87,87.44355614973261,100.0,60.03,0.18794117647058825,0.59,62,40,2.8181818181818183,11.575468085106383,86.43734042553191,0.19323404255319152,97,51,2.6893617021276595
CONT_002,2026-09-10 18:42:31.293655,Mango,12.46,88.1,0.14,NORMAL,2026-09-10,18,3,Thursday,2.460000000000001,NORMAL,NORMAL,LOW,2,LOW,LOW,11.068997050147493,20.03,-1.92,88.139203539823,100.0,61.48,0.18805309734513273,0.6,65,35,2.8997050147492627,11.575468085106383,86.43734042553191,0.19323404255319152,97,51,2.6893617021276595
CONT_005,2026-09-10 18:42:33.296548,Tomato,10.41,92.11,0.1,NORMAL,2026-09-10,18,3,Thursday,0.41000000000000014,NORMAL,WARNING,LOW,3,MEDIUM,MEDIUM,11.204625668449196,20.93,-1.87,87.44355614973261,100.0,60.03,0.18794117647058825,0.59,62,40,2.8181818181818183,10.869106753812636,87.4238779956427,0.1841830065359477,88,39,2.821350762527233
CONT_001,2026-09-10 18:42:35.300174,Avocado,10.15,91.94,0.07,NORMAL,2026-09-10,18,3,Thursday,0.15000000000000036,NORMAL,WARNING,LOW,3,MEDIUM,MEDIUM,11.294,20.58,-1.98,87.60111764705883,100.0,60.11,0.19226470588235295,0.59,62,36,2.8941176470588235,9.129162895927601,88.95671945701358,0.19472850678733034,71,53,2.9524886877828056
CONT_005,2026-09-10 18:42:37.303608,Tomato,10.46,91.3,0.07,NORMAL,2026-09-10,18,3,Thursday,0.46000000000000085,NORMAL,WARNING,LOW,3,MEDIUM,MEDIUM,11.204625668449196,20.93,-1.87,87.44355614973261,100.0,60.03,0.18794117647058825,0.59,62,40,2.8181818181818183,10.869106753812636,87.4238779956427,0.1841830065359477,88,39,2.821350762527233
CONT_001,2026-09-10 18:42:39.307042,Banana,13.33,86.17,0.09,NORMAL,2026-09-10,18,3,Thursday,3.33,NORMAL,NORMAL,LOW,2,LOW,LOW,11.294,20.58,-1.98,87.60111764705883,100.0,60.11,0.19226470588235295,0.59,62,36,2.8941176470588235,13.473140096618359,88.16468599033817,0.1929951690821256,96,41,3.1594202898550723
CONT_002,2026-09-10 18:42:41.309803,Avocado,5.72,87.07,0.09,NORMAL,2026-09-10,18,3,Thursday,4.28,NORMAL,NORMAL,LOW,2,LOW,LOW,11.068997050147493,20.03,-1.92,88.139203539823,100.0,61.48,0.18805309734513273,0.6,65,35,2.8997050147492627,9.129162895927601,88.95671945701358,0.19472850678733034,71,53,2.9524886877828056
CONT_001,2026-09-10 18:42:43.313996,Banana,13.16,86.95,0.17,NORMAL,2026-09-10,18,3,Thursday,3.16,NORMAL,NORMAL,LOW,2,LOW,LOW,11.294,20.58,-1.98,87.60111764705883,100.0,60.11,0.19226470588235295,0.59,62,36,2.8941176470588235,13.473140096618359,88.16468599033817,0.1929951690821256,96,41,3.1594202898550723
CONT_001,2026-09-10 18:42:45.318963,Mango,10.36,88.24,0.12,NORMAL,2026-09-10,18,3,Thursday,0.35999999999999943,NORMAL,NORMAL,LOW,2,LOW,LOW,11.294,20.58,-1.98,87.60111764705883,100.0,60.11,0.19226470588235295,0.59,62,36,2.8941176470588235,11.575468085106383,86.43734042553191,0.19323404255319152,97,51,2.6893617021276595
CONT_003,2026-09-10 18:42:47.326566,Avocado,14.86,100.0,0.21,WARNING,2026-09-10,18,3,Thursday,4.859999999999999,NORMAL,CRITICAL,MEDIUM,5,HIGH,HIGH,11.193441734417345,19.75,-0.44,87.76967479674796,100.0,60.02,0.19691056910569105,0.59,82,37,2.934959349593496,9.129162895927601,88.95671945701358,0.19472850678733034,71,53,2.9524886877828056
CONT_001,2026-09-10 18:42:49.329388,Avocado,8.76,87.26,0.14,NORMAL,2026-09-10,18,3,Thursday,1.2400000000000002,NORMAL,NORMAL,LOW,2,LOW,LOW,11.294,20.58,-1.98,87.60111764705883,100.0,60.11,0.19226470588235295,0.59,62,36,2.8941176470588235,9.129162895927601,88.95671945701358,0.19472850678733034,71,53,2.9524886877828056
CONT_003,2026-09-10 18:42:51.332057,Tomato,14.02,68.65,0.26,WARNING,2026-09-10,18,3,Thursday,4.02,NORMAL,LOW,MEDIUM,2,LOW,LOW,11.193441734417345,19.75,-0.44,87.76967479674796,100.0,60.02,0.19691056910569105,0.59,82,37,2.934959349593496,10.869106753812636,87.4238779956427,0.1841830065359477,88,39,2.821350762527233
CONT_002,2026-09-10 18:42:53.418796,Mango,10.3,88.65,0.1,NORMAL,2026-09-10,18,3,Thursday,0.3000000000000007,NORMAL,NORMAL,LOW,2,LOW,LOW,11.068997050147493,20.03,-1.92,88.139203539823,100.0,61.48,0.18805309734513273,0.6,65,35,2.8997050147492627,11.575468085106383,86.43734042553191,0.19323404255319152,97,51,2.6893617021276595
CONT_003,2026-09-10 18:42:55.431564,Tomato,11.78,93.12,0.15,NORMAL,2026-09-10,18,3,Thursday,1.7799999999999994,NORMAL,WARNING,LOW,3,MEDIUM,MEDIUM,11.193441734417345,19.75,-0.44,87.76967479674796,100.0,60.02,0.19691056910569105,0.59,82,37,2.934959349593496,10.869106753812636,87.4238779956427,0.1841830065359477,88,39,2.821350762527233
CONT_001,2026-09-10 18:42:57.434885,Banana,13.65,86.9,0.13,NORMAL,2026-09-10,18,3,Thursday,3.6500000000000004,NORMAL,NORMAL,LOW,2,LOW,LOW,11.294,20.58,-1.98,87.60111764705883,100.0,60.11,0.19226470588235295,0.59,62,36,2.8941176470588235,13.473140096618359,88.16468599033817,0.1929951690821256,96,41,3.1594202898550723
CONT_005,2026-09-10 18:42:59.858738,Tomato,7.58,72.81,0.29,WARNING,2026-09-10,18,3,Thursday,2.42,NORMAL,NORMAL,MEDIUM,3,MEDIUM,MEDIUM,11.204625668449196,20.93,-1.87,87.44355614973261,100.0,60.03,0.18794117647058825,0.59,62,40,2.8181818181818183,10.869106753812636,87.4238779956427,0.1841830065359477,88,39,2.821350762527233
CONT_002,2026-09-10 18:43:01.864989,Avocado,12.42,92.67,0.13,NORMAL,2026-09-10,18,3,Thursday,2.42,NORMAL,WARNING,LOW,3,MEDIUM,MEDIUM,11.068997050147493,20.03,-1.92,88.139203539823,100.0,61.48,0.18805309734513273,0.6,65,35,2.8997050147492627,9.129162895927601,88.95671945701358,0.19472850678733034,71,53,2.9524886877828056
CONT_003,2026-09-10 18:43:03.868337,Avocado,9.56,91.82,0.05,NORMAL,2026-09-10,18,3,Thursday,0.4399999999999995,NORMAL,WARNING,LOW,3,MEDIUM,MEDIUM,11.193441734417345,19.75,-0.44,87.76967479674796,100.0,60.02,0.19691056910569105,0.59,82,37,2.934959349593496,9.129162895927601,88.95671945701358,0.19472850678733034,71,53,2.9524886877828056
CONT_001,2026-09-10 18:43:05.873166,Avocado,2.73,68.38,0.24,WARNING,2026-09-10,18,3,Thursday,7.27,LOW,LOW,MEDIUM,1,LOW,LOW,11.294,20.58,-1.98,87.60111764705883,100.0,60.11,0.19226470588235295,0.59,62,36,2.8941176470588235,9.129162895927601,88.95671945701358,0.19472850678733034,71,53,2.9524886877828056
CONT_002,2026-09-10 18:43:07.933612,Mango,12.34,87.99,0.06,NORMAL,2026-09-10,18,3,Thursday,2.34,NORMAL,NORMAL,LOW,2,LOW,LOW,11.068997050147493,20.03,-1.92,88.139203539823,100.0,61.48,0.18805309734513273,0.6,65,35,2.8997050147492627,11.575468085106383,86.43734042553191,0.19323404255319152,97,51,2.6893617021276595
CONT_004,2026-09-10 18:43:09.971192,Avocado,10.69,93.37,0.07,NORMAL,2026-09-10,18,3,Thursday,0.6899999999999995,NORMAL,WARNING,LOW,3,MEDIUM,MEDIUM,11.374931129476584,20.55,-1.66,87.65203856749311,100.0,60.25,0.19079889807162537,0.59,81,36,2.9421487603305785,9.129162895927601,88.95671945701358,0.19472850678733034,71,53,2.9524886877828056
CONT_005,2026-09-10 18:43:11.975981,Banana,11.42,74.25,0.3,WARNING,2026-09-10,18,3,Thursday,1.42,NORMAL,NORMAL,MEDIUM,3,MEDIUM,MEDIUM,11.204625668449196,20.93,-1.87,87.44355614973261,100.0,60.03,0.18794117647058825,0.59,62,40,2.8181818181818183,13.473140096618359,88.16468599033817,0.1929951690821256,96,41,3.1594202898550723
CONT_002,2026-09-10 18:43:13.980759,Tomato,10.68,88.11,0.17,NORMAL,2026-09-10,18,3,Thursday,0.6799999999999997,NORMAL,NORMAL,LOW,2,LOW,LOW,11.068997050147493,20.03,-1.92,88.139203539823,100.0,61.48,0.18805309734513273,0.6,65,35,2.8997050147492627,10.869106753812636,87.4238779956427,0.1841830065359477,88,39,2.821350762527233
CONT_003,2026-09-10 18:43:15.984841,Banana,16.36,64.38,0.31,WARNING,2026-09-10,18,3,Thursday,6.359999999999999,WARNING,LOW,MEDIUM,3,MEDIUM,MEDIUM,11.193441734417345,19.75,-0.44,87.76967479674796,100.0,60.02,0.19691056910569105,0.59,82,37,2.934959349593496,13.473140096618359,88.16468599033817,0.1929951690821256,96,41,3.1594202898550723
CONT_005,2026-09-10 18:43:17.993022,Banana,8.2,73.73,0.49,ANOMALY,2026-09-10,18,3,Thursday,1.8000000000000007,NORMAL,NORMAL,HIGH,4,MEDIUM,MEDIUM,11.204625668449196,20.93,-1.87,87.44355614973261,100.0,60.03,0.18794117647058825,0.59,62,40,2.8181818181818183,13.473140096618359,88.16468599033817,0.1929951690821256,96,41,3.1594202898550723
CONT_005,2026-09-10 18:43:19.995214,Mango,18.36,74.32,0.54,ANOMALY,2026-09-10,18,3,Thursday,8.36,WARNING,NORMAL,HIGH,5,HIGH,HIGH,11.204625668449196,20.93,-1.87,87.44355614973261,100.0,60.03,0.18794117647058825,0.59,62,40,2.8181818181818183,11.575468085106383,86.43734042553191,0.19323404255319152,97,51,2.6893617021276595
CONT_001,2026-09-10 18:43:21.998154,Avocado,7.52,89.27,0.09,NORMAL,2026-09-10,18,3,Thursday,2.4800000000000004,NORMAL,NORMAL,LOW,2,LOW,LOW,11.294,20.58,-1.98,87.60111764705883,100.0,60.11,0.19226470588235295,0.59,62,36,2.8941176470588235,9.129162895927601,88.95671945701358,0.19472850678733034,71,53,2.9524886877828056
CONT_004,2026-09-10 18:43:24.000907,Avocado,12.78,94.22,0.13,NORMAL,2026-09-10,18,3,Thursday,2.7799999999999994,NORMAL,WARNING,LOW,3,MEDIUM,MEDIUM,11.374931129476584,20.55,-1.66,87.65203856749311,100.0,60.25,0.19079889807162537,0.59,81,36,2.9421487603305785,9.129162895927601,88.95671945701358,0.19472850678733034,71,53,2.9524886877828056
CONT_005,2026-09-10 18:43:26.012936,Mango,11.25,86.86,0.14,NORMAL,2026-09-10,18,3,Thursday,1.25,NORMAL,NORMAL,LOW,2,LOW,LOW,11.204625668449196,20.93,-1.87,87.44355614973261,100.0,60.03,0.18794117647058825,0.59,62,40,2.8181818181818183,11.575468085106383,86.43734042553191,0.19323404255319152,97,51,2.6893617021276595
CONT_005,2026-09-10 18:43:28.023112,Avocado,7.1,89.01,0.2,NORMAL,2026-09-10,18,3,Thursday,2.9000000000000004,NORMAL,NORMAL,LOW,2,LOW,LOW,11.204625668449196,20.93,-1.87,87.44355614973261,100.0,60.03,0.18794117647058825,0.59,62,40,2.8181818181818183,9.129162895927601,88.95671945701358,0.19472850678733034,71,53,2.9524886877828056
CONT_005,2026-09-10 18:43:30.025818,Banana,13.37,90.71,0.11,NORMAL,2026-09-10,18,3,Thursday,3.369999999999999,NORMAL,WARNING,LOW,3,MEDIUM,MEDIUM,11.204625668449196,20.93,-1.87,87.44355614973261,100.0,60.03,0.18794117647058825,0.59,62,40,2.8181818181818183,13.473140096618359,88.16468599033817,0.1929951690821256,96,41,3.1594202898550723
CONT_002,2026-09-10 18:43:32.029068,Mango,8.7,62.01,0.24,WARNING,2026-09-10,18,3,Thursday,1.3000000000000007,NORMAL,LOW,MEDIUM,2,LOW,LOW,11.068997050147493,20.03,-1.92,88.139203539823,100.0,61.48,0.18805309734513273,0.6,65,35,2.8997050147492627,11.575468085106383,86.43734042553191,0.19323404255319152,97,51,2.6893617021276595
CONT_001,2026-09-10 18:43:34.031346,Tomato,10.17,93.46,0.19,NORMAL,2026-09-10,18,3,Thursday,0.16999999999999993,NORMAL,WARNING,LOW,3,MEDIUM,MEDIUM,11.294,20.58,-1.98,87.60111764705883,100.0,60.11,0.19226470588235295,0.59,62,36,2.8941176470588235,10.869106753812636,87.4238779956427,0.1841830065359477,88,39,2.821350762527233
CONT_004,2026-09-10 18:43:36.034249,Banana,13.09,90.05,0.09,NORMAL,2026-09-10,18,3,Thursday,3.09,NORMAL,WARNING,LOW,3,MEDIUM,MEDIUM,11.374931129476584,20.55,-1.66,87.65203856749311,100.0,60.25,0.19079889807162537,0.59,81,36,2.9421487603305785,13.473140096618359,88.16468599033817,0.1929951690821256,96,41,3.1594202898550723
CONT_005,2026-09-10 18:43:38.037301,Banana,13.04,90.83,0.09,NORMAL,2026-09-10,18,3,Thursday,3.039999999999999,NORMAL,WARNING,LOW,3,MEDIUM,MEDIUM,11.204625668449196,20.93,-1.87,87.44355614973261,100.0,60.03,0.18794117647058825,0.59,62,40,2.8181818181818183,13.473140096618359,88.16468599033817,0.1929951690821256,96,41,3.1594202898550723
CONT_002,2026-09-10 18:43:40.042306,Mango,11.63,86.99,0.11,NORMAL,2026-09-10,18,3,Thursday,1.6300000000000008,NORMAL,NORMAL,LOW,2,LOW,LOW,11.068997050147493,20.03,-1.92,88.139203539823,100.0,61.48,0.18805309734513273,0.6,65,35,2.8997050147492627,11.575468085106383,86.43734042553191,0.19323404255319152,97,51,2.6893617021276595
CONT_002,2026-09-10 18:43:42.045222,Banana,10.58,100.0,0.27,WARNING,2026-09-10,18,3,Thursday,0.5800000000000001,NORMAL,CRITICAL,MEDIUM,5,HIGH,HIGH,11.068997050147493,20.03,-1.92,88.139203539823,100.0,61.48,0.18805309734513273,0.6,65,35,2.8997050147492627,13.473140096618359,88.16468599033817,0.1929951690821256,96,41,3.1594202898550723
CONT_002,2026-09-10 18:43:44.048573,Mango,12.7,86.08,0.15,NORMAL,2026-09-10,18,3,Thursday,2.6999999999999993,NORMAL,NORMAL,LOW,2,LOW,LOW,11.068997050147493,20.03,-1.92,88.139203539823,100.0,61.48,0.18805309734513273,0.6,65,35,2.8997050147492627,11.575468085106383,86.43734042553191,0.19323404255319152,97,51,2.6893617021276595
CONT_002,2026-09-10 18:43:46.053866,Avocado,6.12,90.56,0.11,NORMAL,2026-09-10,18,3,Thursday,3.88,NORMAL,WARNING,LOW,3,MEDIUM,MEDIUM,11.068997050147493,20.03,-1.92,88.139203539823,100.0,61.48,0.18805309734513273,0.6,65,35,2.8997050147492627,9.129162895927601,88.95671945701358,0.19472850678733034,71,53,2.9524886877828056
CONT_004,2026-09-10 18:43:48.056222,Avocado,6.85,94.02,0.18,NORMAL,2026-09-10,18,3,Thursday,3.1500000000000004,NORMAL,WARNING,LOW,3,MEDIUM,MEDIUM,11.374931129476584,20.55,-1.66,87.65203856749311,100.0,60.25,0.19079889807162537,0.59,81,36,2.9421487603305785,9.129162895927601,88.95671945701358,0.19472850678733034,71,53,2.9524886877828056
CONT_005,2026-09-10 18:43:50.058572,Avocado,5.92,87.56,0.07,NORMAL,2026-09-10,18,3,Thursday,4.08,NORMAL,NORMAL,LOW,2,LOW,LOW,11.204625668449196,20.93,-1.87,87.44355614973261,100.0,60.03,0.18794117647058825,0.59,62,40,2.8181818181818183,9.129162895927601,88.95671945701358,0.19472850678733034,71,53,2.9524886877828056
CONT_005,2026-09-10 18:43:52.062222,Avocado,7.94,92.2,0.13,NORMAL,2026-09-10,18,3,Thursday,2.0599999999999996,NORMAL,WARNING,LOW,3,MEDIUM,MEDIUM,11.204625668449196,20.93,-1.87,87.44355614973261,100.0,60.03,0.18794117647058825,0.59,62,40,2.8181818181818183,9.129162895927601,88.95671945701358,0.19472850678733034,71,53,2.9524886877828056
CONT_001,2026-09-10 18:43:54.065510,Mango,10.25,89.22,0.07,NORMAL,2026-09-10,18,3,Thursday,0.25,NORMAL,NORMAL,LOW,2,LOW,LOW,11.294,20.58,-1.98,87.60111764705883,100.0,60.11,0.19226470588235295,0.59,62,36,2.8941176470588235,11.575468085106383,86.43734042553191,0.19323404255319152,97,51,2.6893617021276595
CONT_003,2026-09-10 18:43:56.072154,Mango,10.66,87.42,0.06,NORMAL,2026-09-10,18,3,Thursday,0.6600000000000001,NORMAL,NORMAL,LOW,2,LOW,LOW,11.193441734417345,19.75,-0.44,87.76967479674796,100.0,60.02,0.19691056910569105,0.59,82,37,2.934959349593496,11.575468085106383,86.43734042553191,0.19323404255319152,97,51,2.6893617021276595
CONT_004,2026-09-10 18:43:58.076972,Tomato,10.22,88.89,0.07,NORMAL,2026-09-10,18,3,Thursday,0.22000000000000064,NORMAL,NORMAL,LOW,2,LOW,LOW,11.374931129476584,20.55,-1.66,87.65203856749311,100.0,60.25,0.19079889807162537,0.59,81,36,2.9421487603305785,10.869106753812636,87.4238779956427,0.1841830065359477,88,39,2.821350762527233
CONT_001,2026-09-10 18:44:00.177605,Mango,11.05,85.11,0.13,NORMAL,2026-09-10,18,3,Thursday,1.0500000000000007,NORMAL,NORMAL,LOW,2,LOW,LOW,11.294,20.58,-1.98,87.60111764705883,100.0,60.11,0.19226470588235295,0.59,62,36,2.8941176470588235,11.575468085106383,86.43734042553191,0.19323404255319152,97,51,2.6893617021276595
CONT_003,2026-09-10 18:44:02.190259,Avocado,10.11,94.22,0.11,NORMAL,2026-09-10,18,3,Thursday,0.10999999999999943,NORMAL,WARNING,LOW,3,MEDIUM,MEDIUM,11.193441734417345,19.75,-0.44,87.76967479674796,100.0,60.02,0.19691056910569105,0.59,82,37,2.934959349593496,9.129162895927601,88.95671945701358,0.19472850678733034,71,53,2.9524886877828056
CONT_004,2026-09-10 18:44:04.283739,Tomato,10.15,89.58,0.1,NORMAL,2026-09-10,18,3,Thursday,0.15000000000000036,NORMAL,NORMAL,LOW,2,LOW,LOW,11.374931129476584,20.55,-1.66,87.65203856749311,100.0,60.25,0.19079889807162537,0.59,81,36,2.9421487603305785,10.869106753812636,87.4238779956427,0.1841830065359477,88,39,2.821350762527233
CONT_005,2026-09-10 18:44:06.439460,Mango,10.42,87.22,0.12,NORMAL,2026-09-10,18,3,Thursday,0.41999999999999993,NORMAL,NORMAL,LOW,2,LOW,LOW,11.204625668449196,20.93,-1.87,87.44355614973261,100.0,60.03,0.18794117647058825,0.59,62,40,2.8181818181818183,11.575468085106383,86.43734042553191,0.19323404255319152,97,51,2.6893617021276595
CONT_003,2026-09-10 18:44:08.457283,Mango,8.63,100.0,0.27,WARNING,2026-09-10,18,3,Thursday,1.3699999999999992,NORMAL,CRITICAL,MEDIUM,5,HIGH,HIGH,11.193441734417345,19.75,-0.44,87.76967479674796,100.0,60.02,0.19691056910569105,0.59,82,37,2.934959349593496,11.575468085106383,86.43734042553191,0.19323404255319152,97,51,2.6893617021276595
CONT_003,2026-09-10 18:44:10.494504,Avocado,11.73,91.27,0.18,NORMAL,2026-09-10,18,3,Thursday,1.7300000000000004,NORMAL,WARNING,LOW,3,MEDIUM,MEDIUM,11.193441734417345,19.75,-0.44,87.76967479674796,100.0,60.02,0.19691056910569105,0.59,82,37,2.934959349593496,9.129162895927601,88.95671945701358,0.19472850678733034,71,53,2.9524886877828056
CONT_003,2026-09-10 18:44:12.499349,Banana,13.19,92.63,0.14,NORMAL,2026-09-10,18,3,Thursday,3.1899999999999995,NORMAL,WARNING,LOW,3,MEDIUM,MEDIUM,11.193441734417345,19.75,-0.44,87.76967479674796,100.0,60.02,0.19691056910569105,0.59,82,37,2.934959349593496,13.473140096618359,88.16468599033817,0.1929951690821256,96,41,3.1594202898550723
CONT_002,2026-09-10 18:44:14.529931,Banana,13.29,94.6,0.17,NORMAL,2026-09-10,18,3,Thursday,3.289999999999999,NORMAL,WARNING,LOW,3,MEDIUM,MEDIUM,11.068997050147493,20.03,-1.92,88.139203539823,100.0,61.48,0.18805309734513273,0.6,65,35,2.8997050147492627,13.473140096618359,88.16468599033817,0.1929951690821256,96,41,3.1594202898550723
CONT_005,2026-09-10 18:44:16.582222,Tomato,11.17,88.16,0.07,NORMAL,2026-09-10,18,3,Thursday,1.17,NORMAL,NORMAL,LOW,2,LOW,LOW,11.204625668449196,20.93,-1.87,87.44355614973261,100.0,60.03,0.18794117647058825,0.59,62,40,2.8181818181818183,10.869106753812636,87.4238779956427,0.1841830065359477,88,39,2.821350762527233
CONT_004,2026-09-10 18:44:18.599758,Mango,12.72,88.41,0.18,NORMAL,2026-09-10,18,3,Thursday,2.7200000000000006,NORMAL,NORMAL,LOW,2,LOW,LOW,11.374931129476584,20.55,-1.66,87.65203856749311,100.0,60.25,0.19079889807162537,0.59,81,36,2.9421487603305785,11.575468085106383,86.43734042553191,0.19323404255319152,97,51,2.6893617021276595
CONT_004,2026-09-10 18:44:20.607708,Banana,13.84,88.0,0.07,NORMAL,2026-09-10,18,3,Thursday,3.84,NORMAL,NORMAL,LOW,2,LOW,LOW,11.374931129476584,20.55,-1.66,87.65203856749311,100.0,60.25,0.19079889807162537,0.59,81,36,2.9421487603305785,13.473140096618359,88.16468599033817,0.1929951690821256,96,41,3.1594202898550723
CONT_003,2026-09-10 18:44:22.615638,Mango,8.0,100.0,0.32,WARNING,2026-09-10,18,3,Thursday,2.0,NORMAL,CRITICAL,MEDIUM,5,HIGH,HIGH,11.193441734417345,19.75,-0.44,87.76967479674796,100.0,60.02,0.19691056910569105,0.59,82,37,2.934959349593496,11.575468085106383,86.43734042553191,0.19323404255319152,97,51,2.6893617021276595
CONT_004,2026-09-10 18:44:24.642073,Mango,17.5,100.0,0.58,ANOMALY,2026-09-10,18,3,Thursday,7.5,WARNING,CRITICAL,HIGH,7,CRITICAL,CRITICAL,11.374931129476584,20.55,-1.66,87.65203856749311,100.0,60.25,0.19079889807162537,0.59,81,36,2.9421487603305785,11.575468085106383,86.43734042553191,0.19323404255319152,97,51,2.6893617021276595
CONT_003,2026-09-10 18:44:26.647554,Tomato,7.69,64.06,0.27,WARNING,2026-09-10,18,3,Thursday,2.3099999999999996,NORMAL,LOW,MEDIUM,2,LOW,LOW,11.193441734417345,19.75,-0.44,87.76967479674796,100.0,60.02,0.19691056910569105,0.59,82,37,2.934959349593496,10.869106753812636,87.4238779956427,0.1841830065359477,88,39,2.821350762527233
CONT_004,2026-09-10 18:44:28.650385,Mango,11.98,85.13,0.15,NORMAL,2026-09-10,18,3,Thursday,1.9800000000000004,NORMAL,NORMAL,LOW,2,LOW,LOW,11.374931129476584,20.55,-1.66,87.65203856749311,100.0,60.25,0.19079889807162537,0.59,81,36,2.9421487603305785,11.575468085106383,86.43734042553191,0.19323404255319152,97,51,2.6893617021276595
CONT_004,2026-09-10 18:44:30.655083,Banana,15.46,100.0,0.24,WARNING,2026-09-10,18,3,Thursday,5.460000000000001,WARNING,CRITICAL,MEDIUM,6,HIGH,HIGH,11.374931129476584,20.55,-1.66,87.65203856749311,100.0,60.25,0.19079889807162537,0.59,81,36,2.9421487603305785,13.473140096618359,88.16468599033817,0.1929951690821256,96,41,3.1594202898550723
CONT_005,2026-09-10 18:44:32.661093,Mango,11.7,85.99,0.09,NORMAL,2026-09-10,18,3,Thursday,1.6999999999999993,NORMAL,NORMAL,LOW,2,LOW,LOW,11.204625668449196,20.93,-1.87,87.44355614973261,100.0,60.03,0.18794117647058825,0.59,62,40,2.8181818181818183,11.575468085106383,86.43734042553191,0.19323404255319152,97,51,2.6893617021276595
CONT_004,2026-09-10 18:44:34.664282,Avocado,8.11,87.14,0.08,NORMAL,2026-09-10,18,3,Thursday,1.8900000000000006,NORMAL,NORMAL,LOW,2,LOW,LOW,11.374931129476584,20.55,-1.66,87.65203856749311,100.0,60.25,0.19079889807162537,0.59,81,36,2.9421487603305785,9.129162895927601,88.95671945701358,0.19472850678733034,71,53,2.9524886877828056
CONT_001,2026-09-10 18:44:36.666996,Mango,10.19,89.01,0.06,NORMAL,2026-09-10,18,3,Thursday,0.1899999999999995,NORMAL,NORMAL,LOW,2,LOW,LOW,11.294,20.58,-1.98,87.60111764705883,100.0,60.11,0.19226470588235295,0.59,62,36,2.8941176470588235,11.575468085106383,86.43734042553191,0.19323404255319152,97,51,2.6893617021276595
CONT_003,2026-09-10 18:44:38.671149,Mango,8.99,63.83,0.31,WARNING,2026-09-10,18,3,Thursday,1.0099999999999998,NORMAL,LOW,MEDIUM,2,LOW,LOW,11.193441734417345,19.75,-0.44,87.76967479674796,100.0,60.02,0.19691056910569105,0.59,82,37,2.934959349593496,11.575468085106383,86.43734042553191,0.19323404255319152,97,51,2.6893617021276595
CONT_002,2026-09-10 18:44:40.723875,Tomato,10.65,87.58,0.16,NORMAL,2026-09-10,18,3,Thursday,0.6500000000000004,NORMAL,NORMAL,LOW,2,LOW,LOW,11.068997050147493,20.03,-1.92,88.139203539823,100.0,61.48,0.18805309734513273,0.6,65,35,2.8997050147492627,10.869106753812636,87.4238779956427,0.1841830065359477,88,39,2.821350762527233
CONT_004,2026-09-10 18:44:42.732640,Mango,11.53,89.4,0.19,NORMAL,2026-09-10,18,3,Thursday,1.5299999999999994,NORMAL,NORMAL,LOW,2,LOW,LOW,11.374931129476584,20.55,-1.66,87.65203856749311,100.0,60.25,0.19079889807162537,0.59,81,36,2.9421487603305785,11.575468085106383,86.43734042553191,0.19323404255319152,97,51,2.6893617021276595
CONT_005,2026-09-10 18:44:44.741131,Avocado,5.25,88.05,0.15,NORMAL,2026-09-10,18,3,Thursday,4.75,NORMAL,NORMAL,LOW,2,LOW,LOW,11.204625668449196,20.93,-1.87,87.44355614973261,100.0,60.03,0.18794117647058825,0.59,62,40,2.8181818181818183,9.129162895927601,88.95671945701358,0.19472850678733034,71,53,2.9524886877828056
CONT_001,2026-09-10 18:44:46.746055,Avocado,10.81,90.23,0.14,NORMAL,2026-09-10,18,3,Thursday,0.8100000000000005,NORMAL,WARNING,LOW,3,MEDIUM,MEDIUM,11.294,20.58,-1.98,87.60111764705883,100.0,60.11,0.19226470588235295,0.59,62,36,2.8941176470588235,9.129162895927601,88.95671945701358,0.19472850678733034,71,53,2.9524886877828056
CONT_001,2026-09-10 18:44:49.929218,Tomato,10.86,86.08,0.19,NORMAL,2026-09-10,18,3,Thursday,0.8599999999999994,NORMAL,NORMAL,LOW,2,LOW,LOW,11.294,20.58,-1.98,87.60111764705883,100.0,60.11,0.19226470588235295,0.59,62,36,2.8941176470588235,10.869106753812636,87.4238779956427,0.1841830065359477,88,39,2.821350762527233
CONT_001,2026-09-10 18:44:51.932036,Mango,10.98,88.57,0.09,NORMAL,2026-09-10,18,3,Thursday,0.9800000000000004,NORMAL,NORMAL,LOW,2,LOW,LOW,11.294,20.58,-1.98,87.60111764705883,100.0,60.11,0.19226470588235295,0.59,62,36,2.8941176470588235,11.575468085106383,86.43734042553191,0.19323404255319152,97,51,2.6893617021276595
CONT_003,2026-09-10 18:44:54.278363,Tomato,17.22,70.62,0.58,ANOMALY,2026-09-10,18,3,Thursday,7.219999999999999,WARNING,NORMAL,HIGH,5,HIGH,HIGH,11.193441734417345,19.75,-0.44,87.76967479674796,100.0,60.02,0.19691056910569105,0.59,82,37,2.934959349593496,10.869106753812636,87.4238779956427,0.1841830065359477,88,39,2.821350762527233
CONT_001,2026-09-10 18:44:56.293854,Tomato,16.47,62.93,0.5,ANOMALY,2026-09-10,18,3,Thursday,6.469999999999999,WARNING,LOW,HIGH,4,MEDIUM,MEDIUM,11.294,20.58,-1.98,87.60111764705883,100.0,60.11,0.19226470588235295,0.59,62,36,2.8941176470588235,10.869106753812636,87.4238779956427,0.1841830065359477,88,39,2.821350762527233
CONT_004,2026-09-10 18:44:58.297711,Tomato,11.43,92.33,0.17,NORMAL,2026-09-10,18,3,Thursday,1.4299999999999997,NORMAL,WARNING,LOW,3,MEDIUM,MEDIUM,11.374931129476584,20.55,-1.66,87.65203856749311,100.0,60.25,0.19079889807162537,0.59,81,36,2.9421487603305785,10.869106753812636,87.4238779956427,0.1841830065359477,88,39,2.821350762527233
CONT_005,2026-09-10 18:45:00.304457,Avocado,17.92,72.15,0.51,ANOMALY,2026-09-10,18,3,Thursday,7.920000000000002,WARNING,NORMAL,HIGH,5,HIGH,HIGH,11.204625668449196,20.93,-1.87,87.44355614973261,100.0,60.03,0.18794117647058825,0.59,62,40,2.8181818181818183,9.129162895927601,88.95671945701358,0.19472850678733034,71,53,2.9524886877828056
CONT_005,2026-09-10 18:45:02.656860,Mango,11.56,88.09,0.11,NORMAL,2026-09-10,18,3,Thursday,1.5600000000000005,NORMAL,NORMAL,LOW,2,LOW,LOW,11.204625668449196,20.93,-1.87,87.44355614973261,100.0,60.03,0.18794117647058825,0.59,62,40,2.8181818181818183,11.575468085106383,86.43734042553191,0.19323404255319152,97,51,2.6893617021276595
CONT_004,2026-09-10 18:45:04.661192,Mango,11.0,88.93,0.13,NORMAL,2026-09-10,18,3,Thursday,1.0,NORMAL,NORMAL,LOW,2,LOW,LOW,11.374931129476584,20.55,-1.66,87.65203856749311,100.0,60.25,0.19079889807162537,0.59,81,36,2.9421487603305785,11.575468085106383,86.43734042553191,0.19323404255319152,97,51,2.6893617021276595
CONT_003,2026-09-10 18:45:06.701674,Banana,13.69,93.45,0.12,NORMAL,2026-09-10,18,3,Thursday,3.6899999999999995,NORMAL,WARNING,LOW,3,MEDIUM,MEDIUM,11.193441734417345,19.75,-0.44,87.76967479674796,100.0,60.02,0.19691056910569105,0.59,82,37,2.934959349593496,13.473140096618359,88.16468599033817,0.1929951690821256,96,41,3.1594202898550723
CONT_005,2026-09-10 18:45:08.722619,Avocado,11.15,88.04,0.08,NORMAL,2026-09-10,18,3,Thursday,1.1500000000000004,NORMAL,NORMAL,LOW,2,LOW,LOW,11.204625668449196,20.93,-1.87,87.44355614973261,100.0,60.03,0.18794117647058825,0.59,62,40,2.8181818181818183,9.129162895927601,88.95671945701358,0.19472850678733034,71,53,2.9524886877828056
CONT_005,2026-09-10 18:45:12.913006,Mango,12.38,86.55,0.11,NORMAL,2026-09-10,18,3,Thursday,2.380000000000001,NORMAL,NORMAL,LOW,2,LOW,LOW,11.204625668449196,20.93,-1.87,87.44355614973261,100.0,60.03,0.18794117647058825,0.59,62,40,2.8181818181818183,11.575468085106383,86.43734042553191,0.19323404255319152,97,51,2.6893617021276595
CONT_003,2026-09-10 18:45:16.399076,Tomato,11.2,91.9,0.08,NORMAL,2026-09-10,18,3,Thursday,1.1999999999999993,NORMAL,WARNING,LOW,3,MEDIUM,MEDIUM,11.193441734417345,19.75,-0.44,87.76967479674796,100.0,60.02,0.19691056910569105,0.59,82,37,2.934959349593496,10.869106753812636,87.4238779956427,0.1841830065359477,88,39,2.821350762527233
CONT_001,2026-09-10 18:45:19.304890,Mango,10.04,85.67,0.06,NORMAL,2026-09-10,18,3,Thursday,0.03999999999999915,NORMAL,NORMAL,LOW,2,LOW,LOW,11.294,20.58,-1.98,87.60111764705883,100.0,60.11,0.19226470588235295,0.59,62,36,2.8941176470588235,11.575468085106383,86.43734042553191,0.19323404255319152,97,51,2.6893617021276595
CONT_003,2026-09-10 18:45:21.327351,Tomato,11.14,88.89,0.2,NORMAL,2026-09-10,18,3,Thursday,1.1400000000000006,NORMAL,NORMAL,LOW,2,LOW,LOW,11.193441734417345,19.75,-0.44,87.76967479674796,100.0,60.02,0.19691056910569105,0.59,82,37,2.934959349593496,10.869106753812636,87.4238779956427,0.1841830065359477,88,39,2.821350762527233
CONT_005,2026-09-10 18:45:23.627130,Avocado,8.92,89.92,0.09,NORMAL,2026-09-10,18,3,Thursday,1.08,NORMAL,NORMAL,LOW,2,LOW,LOW,11.204625668449196,20.93,-1.87,87.44355614973261,100.0,60.03,0.18794117647058825,0.59,62,40,2.8181818181818183,9.129162895927601,88.95671945701358,0.19472850678733034,71,53,2.9524886877828056
CONT_005,2026-09-10 18:45:25.630007,Avocado,12.47,88.9,0.13,NORMAL,2026-09-10,18,3,Thursday,2.4700000000000006,NORMAL,NORMAL,LOW,2,LOW,LOW,11.204625668449196,20.93,-1.87,87.44355614973261,100.0,60.03,0.18794117647058825,0.59,62,40,2.8181818181818183,9.129162895927601,88.95671945701358,0.19472850678733034,71,53,2.9524886877828056
CONT_004,2026-09-10 18:45:27.633486,Avocado,3.05,62.59,0.33,WARNING,2026-09-10,18,3,Thursday,6.95,LOW,LOW,MEDIUM,1,LOW,LOW,11.374931129476584,20.55,-1.66,87.65203856749311,100.0,60.25,0.19079889807162537,0.59,81,36,2.9421487603305785,9.129162895927601,88.95671945701358,0.19472850678733034,71,53,2.9524886877828056
CONT_005,2026-09-10 18:45:29.636748,Mango,7.68,68.73,0.26,WARNING,2026-09-10,18,3,Thursday,2.3200000000000003,NORMAL,LOW,MEDIUM,2,LOW,LOW,11.204625668449196,20.93,-1.87,87.44355614973261,100.0,60.03,0.18794117647058825,0.59,62,40,2.8181818181818183,11.575468085106383,86.43734042553191,0.19323404255319152,97,51,2.6893617021276595
CONT_005,2026-09-10 18:45:31.641270,Mango,14.02,68.98,0.24,WARNING,2026-09-10,18,3,Thursday,4.02,NORMAL,LOW,MEDIUM,2,LOW,LOW,11.204625668449196,20.93,-1.87,87.44355614973261,100.0,60.03,0.18794117647058825,0.59,62,40,2.8181818181818183,11.575468085106383,86.43734042553191,0.19323404255319152,97,51,2.6893617021276595
CONT_001,2026-09-10 18:45:33.657965,Tomato,11.04,88.0,0.2,NORMAL,2026-09-10,18,3,Thursday,1.0399999999999991,NORMAL,NORMAL,LOW,2,LOW,LOW,11.294,20.58,-1.98,87.60111764705883,100.0,60.11,0.19226470588235295,0.59,62,36,2.8941176470588235,10.869106753812636,87.4238779956427,0.1841830065359477,88,39,2.821350762527233
CONT_001,2026-09-10 18:45:35.667665,Mango,15.17,100.0,0.31,WARNING,2026-09-10,18,3,Thursday,5.17,WARNING,CRITICAL,MEDIUM,6,HIGH,HIGH,11.294,20.58,-1.98,87.60111764705883,100.0,60.11,0.19226470588235295,0.59,62,36,2.8941176470588235,11.575468085106383,86.43734042553191,0.19323404255319152,97,51,2.6893617021276595
CONT_005,2026-09-10 18:45:37.671697,Avocado,10.08,85.78,0.12,NORMAL,2026-09-10,18,3,Thursday,0.08000000000000007,NORMAL,NORMAL,LOW,2,LOW,LOW,11.204625668449196,20.93,-1.87,87.44355614973261,100.0,60.03,0.18794117647058825,0.59,62,40,2.8181818181818183,9.129162895927601,88.95671945701358,0.19472850678733034,71,53,2.9524886877828056
CONT_003,2026-09-10 18:45:39.674595,Tomato,10.52,90.95,0.14,NORMAL,2026-09-10,18,3,Thursday,0.5199999999999996,NORMAL,WARNING,LOW,3,MEDIUM,MEDIUM,11.193441734417345,19.75,-0.44,87.76967479674796,100.0,60.02,0.19691056910569105,0.59,82,37,2.934959349593496,10.869106753812636,87.4238779956427,0.1841830065359477,88,39,2.821350762527233
CONT_005,2026-09-10 18:45:41.678119,Tomato,18.92,100.0,0.41,ANOMALY,2026-09-10,18,3,Thursday,8.920000000000002,WARNING,CRITICAL,HIGH,7,CRITICAL,CRITICAL,11.204625668449196,20.93,-1.87,87.44355614973261,100.0,60.03,0.18794117647058825,0.59,62,40,2.8181818181818183,10.869106753812636,87.4238779956427,0.1841830065359477,88,39,2.821350762527233
CONT_002,2026-09-10 18:45:43.680842,Avocado,-1.5,100.0,0.53,ANOMALY,2026-09-10,18,3,Thursday,11.5,LOW,CRITICAL,HIGH,5,HIGH,HIGH,11.068997050147493,20.03,-1.92,88.139203539823,100.0,61.48,0.18805309734513273,0.6,65,35,2.8997050147492627,9.129162895927601,88.95671945701358,0.19472850678733034,71,53,2.9524886877828056
CONT_002,2026-09-10 18:45:45.687068,Mango,11.48,89.33,0.09,NORMAL,2026-09-10,18,3,Thursday,1.4800000000000004,NORMAL,NORMAL,LOW,2,LOW,LOW,11.068997050147493,20.03,-1.92,88.139203539823,100.0,61.48,0.18805309734513273,0.6,65,35,2.8997050147492627,11.575468085106383,86.43734042553191,0.19323404255319152,97,51,2.6893617021276595
CONT_004,2026-09-10 18:45:47.690293,Tomato,11.9,91.37,0.16,NORMAL,2026-09-10,18,3,Thursday,1.9000000000000004,NORMAL,WARNING,LOW,3,MEDIUM,MEDIUM,11.374931129476584,20.55,-1.66,87.65203856749311,100.0,60.25,0.19079889807162537,0.59,81,36,2.9421487603305785,10.869106753812636,87.4238779956427,0.1841830065359477,88,39,2.821350762527233
CONT_004,2026-09-10 18:45:49.693100,Mango,10.75,87.33,0.19,NORMAL,2026-09-10,18,3,Thursday,0.75,NORMAL,NORMAL,LOW,2,LOW,LOW,11.374931129476584,20.55,-1.66,87.65203856749311,100.0,60.25,0.19079889807162537,0.59,81,36,2.9421487603305785,11.575468085106383,86.43734042553191,0.19323404255319152,97,51,2.6893617021276595
CONT_003,2026-09-10 18:45:51.695737,Banana,13.78,87.06,0.12,NORMAL,2026-09-10,18,3,Thursday,3.7799999999999994,NORMAL,NORMAL,LOW,2,LOW,LOW,11.193441734417345,19.75,-0.44,87.76967479674796,100.0,60.02,0.19691056910569105,0.59,82,37,2.934959349593496,13.473140096618359,88.16468599033817,0.1929951690821256,96,41,3.1594202898550723
CONT_005,2026-09-10 18:45:53.701992,Tomato,10.89,91.84,0.16,NORMAL,2026-09-10,18,3,Thursday,0.8900000000000006,NORMAL,WARNING,LOW,3,MEDIUM,MEDIUM,11.204625668449196,20.93,-1.87,87.44355614973261,100.0,60.03,0.18794117647058825,0.59,62,40,2.8181818181818183,10.869106753812636,87.4238779956427,0.1841830065359477,88,39,2.821350762527233
CONT_003,2026-09-10 18:45:55.706040,Tomato,10.56,86.84,0.11,NORMAL,2026-09-10,18,3,Thursday,0.5600000000000005,NORMAL,NORMAL,LOW,2,LOW,LOW,11.193441734417345,19.75,-0.44,87.76967479674796,100.0,60.02,0.19691056910569105,0.59,82,37,2.934959349593496,10.869106753812636,87.4238779956427,0.1841830065359477,88,39,2.821350762527233
CONT_001,2026-09-10 18:45:57.709496,Tomato,11.55,86.31,0.17,NORMAL,2026-09-10,18,3,Thursday,1.5500000000000007,NORMAL,NORMAL,LOW,2,LOW,LOW,11.294,20.58,-1.98,87.60111764705883,100.0,60.11,0.19226470588235295,0.59,62,36,2.8941176470588235,10.869106753812636,87.4238779956427,0.1841830065359477,88,39,2.821350762527233
CONT_004,2026-09-10 18:45:59.712083,Mango,12.12,87.56,0.1,NORMAL,2026-09-10,18,3,Thursday,2.119999999999999,NORMAL,NORMAL,LOW,2,LOW,LOW,11.374931129476584,20.55,-1.66,87.65203856749311,100.0,60.25,0.19079889807162537,0.59,81,36,2.9421487603305785,11.575468085106383,86.43734042553191,0.19323404255319152,97,51,2.6893617021276595
CONT_002,2026-09-10 18:46:01.714672,Mango,11.85,87.67,0.05,NORMAL,2026-09-10,18,3,Thursday,1.8499999999999996,NORMAL,NORMAL,LOW,2,LOW,LOW,11.068997050147493,20.03,-1.92,88.139203539823,100.0,61.48,0.18805309734513273,0.6,65,35,2.8997050147492627,11.575468085106383,86.43734042553191,0.19323404255319152,97,51,2.6893617021276595
CONT_005,2026-09-10 18:46:03.721891,Banana,11.51,100.0,0.33,WARNING,2026-09-10,18,3,Thursday,1.5099999999999998,NORMAL,CRITICAL,MEDIUM,5,HIGH,HIGH,11.204625668449196,20.93,-1.87,87.44355614973261,100.0,60.03,0.18794117647058825,0.59,62,40,2.8181818181818183,13.473140096618359,88.16468599033817,0.1929951690821256,96,41,3.1594202898550723
CONT_003,2026-09-10 18:46:05.724709,Tomato,11.22,85.44,0.1,NORMAL,2026-09-10,18,3,Thursday,1.2200000000000006,NORMAL,NORMAL,LOW,2,LOW,LOW,11.193441734417345,19.75,-0.44,87.76967479674796,100.0,60.02,0.19691056910569105,0.59,82,37,2.934959349593496,10.869106753812636,87.4238779956427,0.1841830065359477,88,39,2.821350762527233
CONT_003,2026-09-10 18:46:07.730277,Tomato,11.86,85.32,0.07,NORMAL,2026-09-10,18,3,Thursday,1.8599999999999994,NORMAL,NORMAL,LOW,2,LOW,LOW,11.193441734417345,19.75,-0.44,87.76967479674796,100.0,60.02,0.19691056910569105,0.59,82,37,2.934959349593496,10.869106753812636,87.4238779956427,0.1841830065359477,88,39,2.821350762527233
CONT_005,2026-09-10 18:46:09.744180,Banana,13.62,93.23,0.12,NORMAL,2026-09-10,18,3,Thursday,3.619999999999999,NORMAL,WARNING,LOW,3,MEDIUM,MEDIUM,11.204625668449196,20.93,-1.87,87.44355614973261,100.0,60.03,0.18794117647058825,0.59,62,40,2.8181818181818183,13.473140096618359,88.16468599033817,0.1929951690821256,96,41,3.1594202898550723
CONT_004,2026-09-10 18:46:11.754816,Avocado,18.67,100.0,0.42,ANOMALY,2026-09-10,18,3,Thursday,8.670000000000002,WARNING,CRITICAL,HIGH,7,CRITICAL,CRITICAL,11.374931129476584,20.55,-1.66,87.65203856749311,100.0,60.25,0.19079889807162537,0.59,81,36,2.9421487603305785,9.129162895927601,88.95671945701358,0.19472850678733034,71,53,2.9524886877828056
CONT_005,2026-09-10 18:46:13.757567,Avocado,6.44,90.05,0.16,NORMAL,2026-09-10,18,3,Thursday,3.5599999999999996,NORMAL,WARNING,LOW,3,MEDIUM,MEDIUM,11.204625668449196,20.93,-1.87,87.44355614973261,100.0,60.03,0.18794117647058825,0.59,62,40,2.8181818181818183,9.129162895927601,88.95671945701358,0.19472850678733034,71,53,2.9524886877828056
CONT_004,2026-09-10 18:46:15.761021,Avocado,15.43,100.0,0.29,WARNING,2026-09-10,18,3,Thursday,5.43,WARNING,CRITICAL,MEDIUM,6,HIGH,HIGH,11.374931129476584,20.55,-1.66,87.65203856749311,100.0,60.25,0.19079889807162537,0.59,81,36,2.9421487603305785,9.129162895927601,88.95671945701358,0.19472850678733034,71,53,2.9524886877828056
CONT_003,2026-09-10 18:46:17.770475,Tomato,14.27,74.55,0.22,WARNING,2026-09-10,18,3,Thursday,4.27,NORMAL,NORMAL,MEDIUM,3,MEDIUM,MEDIUM,11.193441734417345,19.75,-0.44,87.76967479674796,100.0,60.02,0.19691056910569105,0.59,82,37,2.934959349593496,10.869106753812636,87.4238779956427,0.1841830065359477,88,39,2.821350762527233
CONT_004,2026-09-10 18:46:19.774168,Avocado,12.28,93.92,0.08,NORMAL,2026-09-10,18,3,Thursday,2.2799999999999994,NORMAL,WARNING,LOW,3,MEDIUM,MEDIUM,11.374931129476584,20.55,-1.66,87.65203856749311,100.0,60.25,0.19079889807162537,0.59,81,36,2.9421487603305785,9.129162895927601,88.95671945701358,0.19472850678733034,71,53,2.9524886877828056
CONT_001,2026-09-10 18:46:21.779076,Avocado,7.0,88.04,0.07,NORMAL,2026-09-10,18,3,Thursday,3.0,NORMAL,NORMAL,LOW,2,LOW,LOW,11.294,20.58,-1.98,87.60111764705883,100.0,60.11,0.19226470588235295,0.59,62,36,2.8941176470588235,9.129162895927601,88.95671945701358,0.19472850678733034,71,53,2.9524886877828056
CONT_003,2026-09-10 18:46:23.798731,Banana,13.69,85.83,0.12,NORMAL,2026-09-10,18,3,Thursday,3.6899999999999995,NORMAL,NORMAL,LOW,2,LOW,LOW,11.193441734417345,19.75,-0.44,87.76967479674796,100.0,60.02,0.19691056910569105,0.59,82,37,2.934959349593496,13.473140096618359,88.16468599033817,0.1929951690821256,96,41,3.1594202898550723
CONT_004,2026-09-10 18:46:25.807562,Mango,11.97,87.56,0.11,NORMAL,2026-09-10,18,3,Thursday,1.9700000000000006,NORMAL,NORMAL,LOW,2,LOW,LOW,11.374931129476584,20.55,-1.66,87.65203856749311,100.0,60.25,0.19079889807162537,0.59,81,36,2.9421487603305785,11.575468085106383,86.43734042553191,0.19323404255319152,97,51,2.6893617021276595
CONT_002,2026-09-10 18:46:27.812326,Mango,11.29,89.67,0.13,NORMAL,2026-09-10,18,3,Thursday,1.2899999999999991,NORMAL,NORMAL,LOW,2,LOW,LOW,11.068997050147493,20.03,-1.92,88.139203539823,100.0,61.48,0.18805309734513273,0.6,65,35,2.8997050147492627,11.575468085106383,86.43734042553191,0.19323404255319152,97,51,2.6893617021276595
CONT_003,2026-09-10 18:46:29.815287,Tomato,13.72,68.35,0.22,WARNING,2026-09-10,18,3,Thursday,3.7200000000000006,NORMAL,LOW,MEDIUM,2,LOW,LOW,11.193441734417345,19.75,-0.44,87.76967479674796,100.0,60.02,0.19691056910569105,0.59,82,37,2.934959349593496,10.869106753812636,87.4238779956427,0.1841830065359477,88,39,2.821350762527233
CONT_004,2026-09-10 18:46:31.819299,Tomato,11.79,88.23,0.1,NORMAL,2026-09-10,18,3,Thursday,1.7899999999999991,NORMAL,NORMAL,LOW,2,LOW,LOW,11.374931129476584,20.55,-1.66,87.65203856749311,100.0,60.25,0.19079889807162537,0.59,81,36,2.9421487603305785,10.869106753812636,87.4238779956427,0.1841830065359477,88,39,2.821350762527233
CONT_005,2026-09-10 18:46:33.822420,Mango,12.85,85.55,0.08,NORMAL,2026-09-10,18,3,Thursday,2.8499999999999996,NORMAL,NORMAL,LOW,2,LOW,LOW,11.204625668449196,20.93,-1.87,87.44355614973261,100.0,60.03,0.18794117647058825,0.59,62,40,2.8181818181818183,11.575468085106383,86.43734042553191,0.19323404255319152,97,51,2.6893617021276595
CONT_001,2026-09-10 18:46:35.829210,Mango,8.44,67.86,0.3,WARNING,2026-09-10,18,3,Thursday,1.5600000000000005,NORMAL,LOW,MEDIUM,2,LOW,LOW,11.294,20.58,-1.98,87.60111764705883,100.0,60.11,0.19226470588235295,0.59,62,36,2.8941176470588235,11.575468085106383,86.43734042553191,0.19323404255319152,97,51,2.6893617021276595
CONT_005,2026-09-10 18:46:37.832780,Tomato,11.38,85.3,0.17,NORMAL,2026-09-10,18,3,Thursday,1.3800000000000008,NORMAL,NORMAL,LOW,2,LOW,LOW,11.204625668449196,20.93,-1.87,87.44355614973261,100.0,60.03,0.18794117647058825,0.59,62,40,2.8181818181818183,10.869106753812636,87.4238779956427,0.1841830065359477,88,39,2.821350762527233
CONT_002,2026-09-10 18:46:39.837235,Tomato,11.19,85.84,0.09,NORMAL,2026-09-10,18,3,Thursday,1.1899999999999995,NORMAL,NORMAL,LOW,2,LOW,LOW,11.068997050147493,20.03,-1.92,88.139203539823,100.0,61.48,0.18805309734513273,0.6,65,35,2.8997050147492627,10.869106753812636,87.4238779956427,0.1841830065359477,88,39,2.821350762527233
CONT_005,2026-09-10 18:46:41.841732,Avocado,12.67,86.87,0.12,NORMAL,2026-09-10,18,3,Thursday,2.67,NORMAL,NORMAL,LOW,2,LOW,LOW,11.204625668449196,20.93,-1.87,87.44355614973261,100.0,60.03,0.18794117647058825,0.59,62,40,2.8181818181818183,9.129162895927601,88.95671945701358,0.19472850678733034,71,53,2.9524886877828056
CONT_005,2026-09-10 18:46:43.845470,Mango,15.74,63.59,0.33,WARNING,2026-09-10,18,3,Thursday,5.74,WARNING,LOW,MEDIUM,3,MEDIUM,MEDIUM,11.204625668449196,20.93,-1.87,87.44355614973261,100.0,60.03,0.18794117647058825,0.59,62,40,2.8181818181818183,11.575468085106383,86.43734042553191,0.19323404255319152,97,51,2.6893617021276595
CONT_001,2026-09-10 18:46:45.851728,Avocado,7.37,87.23,0.09,NORMAL,2026-09-10,18,3,Thursday,2.63,NORMAL,NORMAL,LOW,2,LOW,LOW,11.294,20.58,-1.98,87.60111764705883,100.0,60.11,0.19226470588235295,0.59,62,36,2.8941176470588235,9.129162895927601,88.95671945701358,0.19472850678733034,71,53,2.9524886877828056
CONT_004,2026-09-10 18:46:47.857216,Mango,10.06,85.4,0.1,NORMAL,2026-09-10,18,3,Thursday,0.0600000000000005,NORMAL,NORMAL,LOW,2,LOW,LOW,11.374931129476584,20.55,-1.66,87.65203856749311,100.0,60.25,0.19079889807162537,0.59,81,36,2.9421487603305785,11.575468085106383,86.43734042553191,0.19323404255319152,97,51,2.6893617021276595
CONT_004,2026-09-10 18:46:49.861496,Banana,13.32,93.41,0.12,NORMAL,2026-09-10,18,3,Thursday,3.3200000000000003,NORMAL,WARNING,LOW,3,MEDIUM,MEDIUM,11.374931129476584,20.55,-1.66,87.65203856749311,100.0,60.25,0.19079889807162537,0.59,81,36,2.9421487603305785,13.473140096618359,88.16468599033817,0.1929951690821256,96,41,3.1594202898550723
CONT_003,2026-09-10 18:46:51.864564,Tomato,11.79,90.07,0.08,NORMAL,2026-09-10,18,3,Thursday,1.7899999999999991,NORMAL,WARNING,LOW,3,MEDIUM,MEDIUM,11.193441734417345,19.75,-0.44,87.76967479674796,100.0,60.02,0.19691056910569105,0.59,82,37,2.934959349593496,10.869106753812636,87.4238779956427,0.1841830065359477,88,39,2.821350762527233
CONT_003,2026-09-10 18:46:53.884101,Avocado,12.5,93.16,0.11,NORMAL,2026-09-10,18,3,Thursday,2.5,NORMAL,WARNING,LOW,3,MEDIUM,MEDIUM,11.193441734417345,19.75,-0.44,87.76967479674796,100.0,60.02,0.19691056910569105,0.59,82,37,2.934959349593496,9.129162895927601,88.95671945701358,0.19472850678733034,71,53,2.9524886877828056
CONT_003,2026-09-10 18:46:55.896429,Mango,18.69,100.0,0.49,ANOMALY,2026-09-10,18,3,Thursday,8.690000000000001,WARNING,CRITICAL,HIGH,7,CRITICAL,CRITICAL,11.193441734417345,19.75,-0.44,87.76967479674796,100.0,60.02,0.19691056910569105,0.59,82,37,2.934959349593496,11.575468085106383,86.43734042553191,0.19323404255319152,97,51,2.6893617021276595
CONT_005,2026-09-10 18:46:57.904636,Mango,10.16,88.47,0.16,NORMAL,2026-09-10,18,3,Thursday,0.16000000000000014,NORMAL,NORMAL,LOW,2,LOW,LOW,11.204625668449196,20.93,-1.87,87.44355614973261,100.0,60.03,0.18794117647058825,0.59,62,40,2.8181818181818183,11.575468085106383,86.43734042553191,0.19323404255319152,97,51,2.6893617021276595
CONT_001,2026-09-10 18:46:59.909332,Avocado,11.99,94.37,0.07,NORMAL,2026-09-10,18,3,Thursday,1.9900000000000002,NORMAL,WARNING,LOW,3,MEDIUM,MEDIUM,11.294,20.58,-1.98,87.60111764705883,100.0,60.11,0.19226470588235295,0.59,62,36,2.8941176470588235,9.129162895927601,88.95671945701358,0.19472850678733034,71,53,2.9524886877828056
CONT_004,2026-09-10 18:47:01.912822,Avocado,14.35,100.0,0.35,WARNING,2026-09-10,18,3,Thursday,4.35,NORMAL,CRITICAL,MEDIUM,5,HIGH,HIGH,11.374931129476584,20.55,-1.66,87.65203856749311,100.0,60.25,0.19079889807162537,0.59,81,36,2.9421487603305785,9.129162895927601,88.95671945701358,0.19472850678733034,71,53,2.9524886877828056
CONT_002,2026-09-10 18:47:03.918374,Tomato,11.29,92.3,0.1,NORMAL,2026-09-10,18,3,Thursday,1.2899999999999991,NORMAL,WARNING,LOW,3,MEDIUM,MEDIUM,11.068997050147493,20.03,-1.92,88.139203539823,100.0,61.48,0.18805309734513273,0.6,65,35,2.8997050147492627,10.869106753812636,87.4238779956427,0.1841830065359477,88,39,2.821350762527233
CONT_005,2026-09-10 18:47:05.920872,Tomato,11.69,93.88,0.12,NORMAL,2026-09-10,18,3,Thursday,1.6899999999999995,NORMAL,WARNING,LOW,3,MEDIUM,MEDIUM,11.204625668449196,20.93,-1.87,87.44355614973261,100.0,60.03,0.18794117647058825,0.59,62,40,2.8181818181818183,10.869106753812636,87.4238779956427,0.1841830065359477,88,39,2.821350762527233
CONT_002,2026-09-10 18:47:07.980537,Tomato,11.34,92.95,0.08,NORMAL,2026-09-10,18,3,Thursday,1.3399999999999999,NORMAL,WARNING,LOW,3,MEDIUM,MEDIUM,11.068997050147493,20.03,-1.92,88.139203539823,100.0,61.48,0.18805309734513273,0.6,65,35,2.8997050147492627,10.869106753812636,87.4238779956427,0.1841830065359477,88,39,2.821350762527233
CONT_003,2026-09-10 18:47:09.988502,Mango,4.08,68.09,0.37,ANOMALY,2026-09-10,18,3,Thursday,5.92,LOW,LOW,MEDIUM,1,LOW,LOW,11.193441734417345,19.75,-0.44,87.76967479674796,100.0,60.02,0.19691056910569105,0.59,82,37,2.934959349593496,11.575468085106383,86.43734042553191,0.19323404255319152,97,51,2.6893617021276595
CONT_002,2026-09-10 18:47:11.992244,Banana,10.53,100.0,0.23,WARNING,2026-09-10,18,3,Thursday,0.5299999999999994,NORMAL,CRITICAL,MEDIUM,5,HIGH,HIGH,11.068997050147493,20.03,-1.92,88.139203539823,100.0,61.48,0.18805309734513273,0.6,65,35,2.8997050147492627,13.473140096618359,88.16468599033817,0.1929951690821256,96,41,3.1594202898550723
CONT_004,2026-09-10 18:47:13.995382,Mango,7.69,71.24,0.33,WARNING,2026-09-10,18,3,Thursday,2.3099999999999996,NORMAL,NORMAL,MEDIUM,3,MEDIUM,MEDIUM,11.374931129476584,20.55,-1.66,87.65203856749311,100.0,60.25,0.19079889807162537,0.59,81,36,2.9421487603305785,11.575468085106383,86.43734042553191,0.19323404255319152,97,51,2.6893617021276595
CONT_005,2026-09-10 18:47:16.000636,Banana,13.9,91.31,0.18,NORMAL,2026-09-10,18,3,Thursday,3.9000000000000004,NORMAL,WARNING,LOW,3,MEDIUM,MEDIUM,11.204625668449196,20.93,-1.87,87.44355614973261,100.0,60.03,0.18794117647058825,0.59,62,40,2.8181818181818183,13.473140096618359,88.16468599033817,0.1929951690821256,96,41,3.1594202898550723
CONT_001,2026-09-10 18:47:18.008340,Avocado,8.55,92.37,0.1,NORMAL,2026-09-10,18,3,Thursday,1.4499999999999993,NORMAL,WARNING,LOW,3,MEDIUM,MEDIUM,11.294,20.58,-1.98,87.60111764705883,100.0,60.11,0.19226470588235295,0.59,62,36,2.8941176470588235,9.129162895927601,88.95671945701358,0.19472850678733034,71,53,2.9524886877828056
CONT_002,2026-09-10 18:47:20.011820,Mango,10.3,86.72,0.17,NORMAL,2026-09-10,18,3,Thursday,0.3000000000000007,NORMAL,NORMAL,LOW,2,LOW,LOW,11.068997050147493,20.03,-1.92,88.139203539823,100.0,61.48,0.18805309734513273,0.6,65,35,2.8997050147492627,11.575468085106383,86.43734042553191,0.19323404255319152,97,51,2.6893617021276595
CONT_005,2026-09-10 18:47:22.016015,Mango,11.88,88.03,0.07,NORMAL,2026-09-10,18,3,Thursday,1.8800000000000008,NORMAL,NORMAL,LOW,2,LOW,LOW,11.204625668449196,20.93,-1.87,87.44355614973261,100.0,60.03,0.18794117647058825,0.59,62,40,2.8181818181818183,11.575468085106383,86.43734042553191,0.19323404255319152,97,51,2.6893617021276595
CONT_003,2026-09-10 18:47:24.021287,Mango,11.78,87.5,0.09,NORMAL,2026-09-10,18,3,Thursday,1.7799999999999994,NORMAL,NORMAL,LOW,2,LOW,LOW,11.193441734417345,19.75,-0.44,87.76967479674796,100.0,60.02,0.19691056910569105,0.59,82,37,2.934959349593496,11.575468085106383,86.43734042553191,0.19323404255319152,97,51,2.6893617021276595
CONT_002,2026-09-10 18:47:26.036772,Banana,13.88,85.67,0.14,NORMAL,2026-09-10,18,3,Thursday,3.880000000000001,NORMAL,NORMAL,LOW,2,LOW,LOW,11.068997050147493,20.03,-1.92,88.139203539823,100.0,61.48,0.18805309734513273,0.6,65,35,2.8997050147492627,13.473140096618359,88.16468599033817,0.1929951690821256,96,41,3.1594202898550723
CONT_005,2026-09-10 18:47:28.946328,Mango,12.62,89.35,0.12,NORMAL,2026-09-10,18,3,Thursday,2.619999999999999,NORMAL,NORMAL,LOW,2,LOW,LOW,11.204625668449196,20.93,-1.87,87.44355614973261,100.0,60.03,0.18794117647058825,0.59,62,40,2.8181818181818183,11.575468085106383,86.43734042553191,0.19323404255319152,97,51,2.6893617021276595
CONT_005,2026-09-10 18:47:30.958858,Tomato,14.34,100.0,0.26,WARNING,2026-09-10,18,3,Thursday,4.34,NORMAL,CRITICAL,MEDIUM,5,HIGH,HIGH,11.204625668449196,20.93,-1.87,87.44355614973261,100.0,60.03,0.18794117647058825,0.59,62,40,2.8181818181818183,10.869106753812636,87.4238779956427,0.1841830065359477,88,39,2.821350762527233
CONT_004,2026-09-10 18:47:32.961897,Mango,12.35,88.37,0.12,NORMAL,2026-09-10,18,3,Thursday,2.3499999999999996,NORMAL,NORMAL,LOW,2,LOW,LOW,11.374931129476584,20.55,-1.66,87.65203856749311,100.0,60.25,0.19079889807162537,0.59,81,36,2.9421487603305785,11.575468085106383,86.43734042553191,0.19323404255319152,97,51,2.6893617021276595
CONT_003,2026-09-10 18:47:34.966606,Banana,11.45,60.92,0.25,WARNING,2026-09-10,18,3,Thursday,1.4499999999999993,NORMAL,LOW,MEDIUM,2,LOW,LOW,11.193441734417345,19.75,-0.44,87.76967479674796,100.0,60.02,0.19691056910569105,0.59,82,37,2.934959349593496,13.473140096618359,88.16468599033817,0.1929951690821256,96,41,3.1594202898550723
CONT_003,2026-09-10 18:47:36.973720,Banana,13.79,92.78,0.14,NORMAL,2026-09-10,18,3,Thursday,3.789999999999999,NORMAL,WARNING,LOW,3,MEDIUM,MEDIUM,11.193441734417345,19.75,-0.44,87.76967479674796,100.0,60.02,0.19691056910569105,0.59,82,37,2.934959349593496,13.473140096618359,88.16468599033817,0.1929951690821256,96,41,3.1594202898550723
CONT_003,2026-09-10 18:47:38.976343,Avocado,10.49,93.89,0.19,NORMAL,2026-09-10,18,3,Thursday,0.4900000000000002,NORMAL,WARNING,LOW,3,MEDIUM,MEDIUM,11.193441734417345,19.75,-0.44,87.76967479674796,100.0,60.02,0.19691056910569105,0.59,82,37,2.934959349593496,9.129162895927601,88.95671945701358,0.19472850678733034,71,53,2.9524886877828056
CONT_001,2026-09-10 18:47:40.979486,Banana,13.96,89.02,0.19,NORMAL,2026-09-10,18,3,Thursday,3.960000000000001,NORMAL,NORMAL,LOW,2,LOW,LOW,11.294,20.58,-1.98,87.60111764705883,100.0,60.11,0.19226470588235295,0.59,62,36,2.8941176470588235,13.473140096618359,88.16468599033817,0.1929951690821256,96,41,3.1594202898550723
CONT_004,2026-09-10 18:47:42.995942,Tomato,7.5,100.0,0.26,WARNING,2026-09-10,18,3,Thursday,2.5,NORMAL,CRITICAL,MEDIUM,5,HIGH,HIGH,11.374931129476584,20.55,-1.66,87.65203856749311,100.0,60.25,0.19079889807162537,0.59,81,36,2.9421487603305785,10.869106753812636,87.4238779956427,0.1841830065359477,88,39,2.821350762527233
CONT_001,2026-09-10 18:47:45.000985,Banana,13.23,89.22,0.06,NORMAL,2026-09-10,18,3,Thursday,3.2300000000000004,NORMAL,NORMAL,LOW,2,LOW,LOW,11.294,20.58,-1.98,87.60111764705883,100.0,60.11,0.19226470588235295,0.59,62,36,2.8941176470588235,13.473140096618359,88.16468599033817,0.1929951690821256,96,41,3.1594202898550723
CONT_002,2026-09-10 18:47:47.004614,Mango,3.62,100.0,0.38,ANOMALY,2026-09-10,18,3,Thursday,6.38,LOW,CRITICAL,MEDIUM,4,MEDIUM,MEDIUM,11.068997050147493,20.03,-1.92,88.139203539823,100.0,61.48,0.18805309734513273,0.6,65,35,2.8997050147492627,11.575468085106383,86.43734042553191,0.19323404255319152,97,51,2.6893617021276595
CONT_003,2026-09-10 18:47:49.007149,Banana,13.17,86.04,0.13,NORMAL,2026-09-10,18,3,Thursday,3.17,NORMAL,NORMAL,LOW,2,LOW,LOW,11.193441734417345,19.75,-0.44,87.76967479674796,100.0,60.02,0.19691056910569105,0.59,82,37,2.934959349593496,13.473140096618359,88.16468599033817,0.1929951690821256,96,41,3.1594202898550723
CONT_003,2026-09-10 18:47:51.293754,Tomato,13.86,100.0,0.22,WARNING,2026-09-10,18,3,Thursday,3.8599999999999994,NORMAL,CRITICAL,MEDIUM,5,HIGH,HIGH,11.193441734417345,19.75,-0.44,87.76967479674796,100.0,60.02,0.19691056910569105,0.59,82,37,2.934959349593496,10.869106753812636,87.4238779956427,0.1841830065359477,88,39,2.821350762527233
CONT_004,2026-09-10 18:47:53.344435,Mango,12.64,87.7,0.11,NORMAL,2026-09-10,18,3,Thursday,2.6400000000000006,NORMAL,NORMAL,LOW,2,LOW,LOW,11.374931129476584,20.55,-1.66,87.65203856749311,100.0,60.25,0.19079889807162537,0.59,81,36,2.9421487603305785,11.575468085106383,86.43734042553191,0.19323404255319152,97,51,2.6893617021276595
CONT_002,2026-09-10 18:47:55.362753,Mango,8.98,100.0,0.31,WARNING,2026-09-10,18,3,Thursday,1.0199999999999996,NORMAL,CRITICAL,MEDIUM,5,HIGH,HIGH,11.068997050147493,20.03,-1.92,88.139203539823,100.0,61.48,0.18805309734513273,0.6,65,35,2.8997050147492627,11.575468085106383,86.43734042553191,0.19323404255319152,97,51,2.6893617021276595
CONT_005,2026-09-10 18:47:57.370431,Avocado,12.74,94.18,0.18,NORMAL,2026-09-10,18,3,Thursday,2.74,NORMAL,WARNING,LOW,3,MEDIUM,MEDIUM,11.204625668449196,20.93,-1.87,87.44355614973261,100.0,60.03,0.18794117647058825,0.59,62,40,2.8181818181818183,9.129162895927601,88.95671945701358,0.19472850678733034,71,53,2.9524886877828056
CONT_004,2026-09-10 18:47:59.373210,Tomato,10.45,88.5,0.19,NORMAL,2026-09-10,18,3,Thursday,0.4499999999999993,NORMAL,NORMAL,LOW,2,LOW,LOW,11.374931129476584,20.55,-1.66,87.65203856749311,100.0,60.25,0.19079889807162537,0.59,81,36,2.9421487603305785,10.869106753812636,87.4238779956427,0.1841830065359477,88,39,2.821350762527233
CONT_005,2026-09-10 18:48:01.378338,Tomato,10.13,85.9,0.1,NORMAL,2026-09-10,18,3,Thursday,0.13000000000000078,NORMAL,NORMAL,LOW,2,LOW,LOW,11.204625668449196,20.93,-1.87,87.44355614973261,100.0,60.03,0.18794117647058825,0.59,62,40,2.8181818181818183,10.869106753812636,87.4238779956427,0.1841830065359477,88,39,2.821350762527233
CONT_004,2026-09-10 18:48:03.386457,Mango,10.74,87.08,0.05,NORMAL,2026-09-10,18,3,Thursday,0.7400000000000002,NORMAL,NORMAL,LOW,2,LOW,LOW,11.374931129476584,20.55,-1.66,87.65203856749311,100.0,60.25,0.19079889807162537,0.59,81,36,2.9421487603305785,11.575468085106383,86.43734042553191,0.19323404255319152,97,51,2.6893617021276595
CONT_005,2026-09-10 18:48:05.392968,Avocado,14.63,100.0,0.33,WARNING,2026-09-10,18,3,Thursday,4.630000000000001,NORMAL,CRITICAL,MEDIUM,5,HIGH,HIGH,11.204625668449196,20.93,-1.87,87.44355614973261,100.0,60.03,0.18794117647058825,0.59,62,40,2.8181818181818183,9.129162895927601,88.95671945701358,0.19472850678733034,71,53,2.9524886877828056
CONT_005,2026-09-10 18:48:07.396909,Tomato,11.87,89.44,0.15,NORMAL,2026-09-10,18,3,Thursday,1.8699999999999992,NORMAL,NORMAL,LOW,2,LOW,LOW,11.204625668449196,20.93,-1.87,87.44355614973261,100.0,60.03,0.18794117647058825,0.59,62,40,2.8181818181818183,10.869106753812636,87.4238779956427,0.1841830065359477,88,39,2.821350762527233
CONT_002,2026-09-10 18:48:09.411081,Tomato,10.18,93.61,0.12,NORMAL,2026-09-10,18,3,Thursday,0.17999999999999972,NORMAL,WARNING,LOW,3,MEDIUM,MEDIUM,11.068997050147493,20.03,-1.92,88.139203539823,100.0,61.48,0.18805309734513273,0.6,65,35,2.8997050147492627,10.869106753812636,87.4238779956427,0.1841830065359477,88,39,2.821350762527233
CONT_004,2026-09-10 18:48:11.540542,Banana,10.59,73.51,0.3,WARNING,2026-09-10,18,3,Thursday,0.5899999999999999,NORMAL,NORMAL,MEDIUM,3,MEDIUM,MEDIUM,11.374931129476584,20.55,-1.66,87.65203856749311,100.0,60.25,0.19079889807162537,0.59,81,36,2.9421487603305785,13.473140096618359,88.16468599033817,0.1929951690821256,96,41,3.1594202898550723
CONT_002,2026-09-10 18:48:13.546617,Avocado,12.52,94.36,0.2,NORMAL,2026-09-10,18,3,Thursday,2.5199999999999996,NORMAL,WARNING,LOW,3,MEDIUM,MEDIUM,11.068997050147493,20.03,-1.92,88.139203539823,100.0,61.48,0.18805309734513273,0.6,65,35,2.8997050147492627,9.129162895927601,88.95671945701358,0.19472850678733034,71,53,2.9524886877828056
CONT_005,2026-09-10 18:48:15.553857,Avocado,8.71,88.63,0.07,NORMAL,2026-09-10,18,3,Thursday,1.2899999999999991,NORMAL,NORMAL,LOW,2,LOW,LOW,11.204625668449196,20.93,-1.87,87.44355614973261,100.0,60.03,0.18794117647058825,0.59,62,40,2.8181818181818183,9.129162895927601,88.95671945701358,0.19472850678733034,71,53,2.9524886877828056
CONT_001,2026-09-10 18:48:17.556004,Tomato,11.2,92.61,0.14,NORMAL,2026-09-10,18,3,Thursday,1.1999999999999993,NORMAL,WARNING,LOW,3,MEDIUM,MEDIUM,11.294,20.58,-1.98,87.60111764705883,100.0,60.11,0.19226470588235295,0.59,62,36,2.8941176470588235,10.869106753812636,87.4238779956427,0.1841830065359477,88,39,2.821350762527233
CONT_001,2026-09-10 18:48:19.559420,Mango,11.77,85.43,0.05,NORMAL,2026-09-10,18,3,Thursday,1.7699999999999996,NORMAL,NORMAL,LOW,2,LOW,LOW,11.294,20.58,-1.98,87.60111764705883,100.0,60.11,0.19226470588235295,0.59,62,36,2.8941176470588235,11.575468085106383,86.43734042553191,0.19323404255319152,97,51,2.6893617021276595
CONT_005,2026-09-10 18:48:21.567561,Mango,11.61,85.69,0.18,NORMAL,2026-09-10,18,3,Thursday,1.6099999999999994,NORMAL,NORMAL,LOW,2,LOW,LOW,11.204625668449196,20.93,-1.87,87.44355614973261,100.0,60.03,0.18794117647058825,0.59,62,40,2.8181818181818183,11.575468085106383,86.43734042553191,0.19323404255319152,97,51,2.6893617021276595
CONT_004,2026-09-10 18:48:23.573976,Avocado,18.0,100.0,0.48,ANOMALY,2026-09-10,18,3,Thursday,8.0,WARNING,CRITICAL,HIGH,7,CRITICAL,CRITICAL,11.374931129476584,20.55,-1.66,87.65203856749311,100.0,60.25,0.19079889807162537,0.59,81,36,2.9421487603305785,9.129162895927601,88.95671945701358,0.19472850678733034,71,53,2.9524886877828056
CONT_004,2026-09-10 18:48:25.637150,Mango,12.79,85.53,0.07,NORMAL,2026-09-10,18,3,Thursday,2.789999999999999,NORMAL,NORMAL,LOW,2,LOW,LOW,11.374931129476584,20.55,-1.66,87.65203856749311,100.0,60.25,0.19079889807162537,0.59,81,36,2.9421487603305785,11.575468085106383,86.43734042553191,0.19323404255319152,97,51,2.6893617021276595
CONT_001,2026-09-10 18:48:27.791690,Banana,13.57,86.91,0.13,NORMAL,2026-09-10,18,3,Thursday,3.5700000000000003,NORMAL,NORMAL,LOW,2,LOW,LOW,11.294,20.58,-1.98,87.60111764705883,100.0,60.11,0.19226470588235295,0.59,62,36,2.8941176470588235,13.473140096618359,88.16468599033817,0.1929951690821256,96,41,3.1594202898550723
CONT_003,2026-09-10 18:48:29.794363,Avocado,3.45,100.0,0.31,WARNING,2026-09-10,18,3,Thursday,6.55,LOW,CRITICAL,MEDIUM,4,MEDIUM,MEDIUM,11.193441734417345,19.75,-0.44,87.76967479674796,100.0,60.02,0.19691056910569105,0.59,82,37,2.934959349593496,9.129162895927601,88.95671945701358,0.19472850678733034,71,53,2.9524886877828056
CONT_004,2026-09-10 18:48:31.889100,Tomato,11.7,94.39,0.14,NORMAL,2026-09-10,18,3,Thursday,1.6999999999999993,NORMAL,WARNING,LOW,3,MEDIUM,MEDIUM,11.374931129476584,20.55,-1.66,87.65203856749311,100.0,60.25,0.19079889807162537,0.59,81,36,2.9421487603305785,10.869106753812636,87.4238779956427,0.1841830065359477,88,39,2.821350762527233
CONT_001,2026-09-10 18:48:33.892075,Tomato,11.74,91.92,0.19,NORMAL,2026-09-10,18,3,Thursday,1.7400000000000002,NORMAL,WARNING,LOW,3,MEDIUM,MEDIUM,11.294,20.58,-1.98,87.60111764705883,100.0,60.11,0.19226470588235295,0.59,62,36,2.8941176470588235,10.869106753812636,87.4238779956427,0.1841830065359477,88,39,2.821350762527233
CONT_004,2026-09-10 18:48:35.895823,Mango,10.91,87.51,0.18,NORMAL,2026-09-10,18,3,Thursday,0.9100000000000001,NORMAL,NORMAL,LOW,2,LOW,LOW,11.374931129476584,20.55,-1.66,87.65203856749311,100.0,60.25,0.19079889807162537,0.59,81,36,2.9421487603305785,11.575468085106383,86.43734042553191,0.19323404255319152,97,51,2.6893617021276595
CONT_005,2026-09-10 18:48:37.901554,Mango,10.09,86.04,0.05,NORMAL,2026-09-10,18,3,Thursday,0.08999999999999986,NORMAL,NORMAL,LOW,2,LOW,LOW,11.204625668449196,20.93,-1.87,87.44355614973261,100.0,60.03,0.18794117647058825,0.59,62,40,2.8181818181818183,11.575468085106383,86.43734042553191,0.19323404255319152,97,51,2.6893617021276595
CONT_004,2026-09-10 18:48:39.905921,Tomato,7.61,100.0,0.26,WARNING,2026-09-10,18,3,Thursday,2.3899999999999997,NORMAL,CRITICAL,MEDIUM,5,HIGH,HIGH,11.374931129476584,20.55,-1.66,87.65203856749311,100.0,60.25,0.19079889807162537,0.59,81,36,2.9421487603305785,10.869106753812636,87.4238779956427,0.1841830065359477,88,39,2.821350762527233
CONT_001,2026-09-10 18:48:41.910438,Tomato,11.65,87.83,0.16,NORMAL,2026-09-10,18,3,Thursday,1.6500000000000004,NORMAL,NORMAL,LOW,2,LOW,LOW,11.294,20.58,-1.98,87.60111764705883,100.0,60.11,0.19226470588235295,0.59,62,36,2.8941176470588235,10.869106753812636,87.4238779956427,0.1841830065359477,88,39,2.821350762527233
CONT_003,2026-09-10 18:48:43.914629,Tomato,8.79,62.27,0.23,WARNING,2026-09-10,18,3,Thursday,1.2100000000000009,NORMAL,LOW,MEDIUM,2,LOW,LOW,11.193441734417345,19.75,-0.44,87.76967479674796,100.0,60.02,0.19691056910569105,0.59,82,37,2.934959349593496,10.869106753812636,87.4238779956427,0.1841830065359477,88,39,2.821350762527233
CONT_004,2026-09-10 18:48:45.957645,Mango,12.1,86.7,0.09,NORMAL,2026-09-10,18,3,Thursday,2.0999999999999996,NORMAL,NORMAL,LOW,2,LOW,LOW,11.374931129476584,20.55,-1.66,87.65203856749311,100.0,60.25,0.19079889807162537,0.59,81,36,2.9421487603305785,11.575468085106383,86.43734042553191,0.19323404255319152,97,51,2.6893617021276595
CONT_005,2026-09-10 18:48:48.024517,Avocado,9.1,88.44,0.1,NORMAL,2026-09-10,18,3,Thursday,0.9000000000000004,NORMAL,NORMAL,LOW,2,LOW,LOW,11.204625668449196,20.93,-1.87,87.44355614973261,100.0,60.03,0.18794117647058825,0.59,62,40,2.8181818181818183,9.129162895927601,88.95671945701358,0.19472850678733034,71,53,2.9524886877828056
CONT_004,2026-09-10 18:48:50.114579,Avocado,8.46,85.16,0.09,NORMAL,2026-09-10,18,3,Thursday,1.5399999999999991,NORMAL,NORMAL,LOW,2,LOW,LOW,11.374931129476584,20.55,-1.66,87.65203856749311,100.0,60.25,0.19079889807162537,0.59,81,36,2.9421487603305785,9.129162895927601,88.95671945701358,0.19472850678733034,71,53,2.9524886877828056
CONT_003,2026-09-10 18:48:52.129412,Banana,7.71,100.0,0.46,ANOMALY,2026-09-10,18,3,Thursday,2.29,NORMAL,CRITICAL,HIGH,6,HIGH,HIGH,11.193441734417345,19.75,-0.44,87.76967479674796,100.0,60.02,0.19691056910569105,0.59,82,37,2.934959349593496,13.473140096618359,88.16468599033817,0.1929951690821256,96,41,3.1594202898550723
CONT_005,2026-09-10 18:48:54.210937,Banana,9.37,100.0,0.48,ANOMALY,2026-09-10,18,3,Thursday,0.6300000000000008,NORMAL,CRITICAL,HIGH,6,HIGH,HIGH,11.204625668449196,20.93,-1.87,87.44355614973261,100.0,60.03,0.18794117647058825,0.59,62,40,2.8181818181818183,13.473140096618359,88.16468599033817,0.1929951690821256,96,41,3.1594202898550723
CONT_002,2026-09-10 18:48:56.293520,Mango,12.18,85.4,0.09,NORMAL,2026-09-10,18,3,Thursday,2.1799999999999997,NORMAL,NORMAL,LOW,2,LOW,LOW,11.068997050147493,20.03,-1.92,88.139203539823,100.0,61.48,0.18805309734513273,0.6,65,35,2.8997050147492627,11.575468085106383,86.43734042553191,0.19323404255319152,97,51,2.6893617021276595
CONT_004,2026-09-10 18:48:58.300562,Banana,13.33,94.07,0.16,NORMAL,2026-09-10,18,3,Thursday,3.33,NORMAL,WARNING,LOW,3,MEDIUM,MEDIUM,11.374931129476584,20.55,-1.66,87.65203856749311,100.0,60.25,0.19079889807162537,0.59,81,36,2.9421487603305785,13.473140096618359,88.16468599033817,0.1929951690821256,96,41,3.1594202898550723
CONT_003,2026-09-10 18:49:00.303465,Tomato,10.8,89.35,0.06,NORMAL,2026-09-10,18,3,Thursday,0.8000000000000007,NORMAL,NORMAL,LOW,2,LOW,LOW,11.193441734417345,19.75,-0.44,87.76967479674796,100.0,60.02,0.19691056910569105,0.59,82,37,2.934959349593496,10.869106753812636,87.4238779956427,0.1841830065359477,88,39,2.821350762527233
CONT_004,2026-09-10 18:49:02.306012,Avocado,16.45,100.0,0.36,ANOMALY,2026-09-10,18,3,Thursday,6.449999999999999,WARNING,CRITICAL,MEDIUM,6,HIGH,HIGH,11.374931129476584,20.55,-1.66,87.65203856749311,100.0,60.25,0.19079889807162537,0.59,81,36,2.9421487603305785,9.129162895927601,88.95671945701358,0.19472850678733034,71,53,2.9524886877828056
CONT_002,2026-09-10 18:49:04.310121,Tomato,10.19,94.87,0.16,NORMAL,2026-09-10,18,3,Thursday,0.1899999999999995,NORMAL,WARNING,LOW,3,MEDIUM,MEDIUM,11.068997050147493,20.03,-1.92,88.139203539823,100.0,61.48,0.18805309734513273,0.6,65,35,2.8997050147492627,10.869106753812636,87.4238779956427,0.1841830065359477,88,39,2.821350762527233
CONT_002,2026-09-10 18:49:06.314365,Avocado,6.05,87.22,0.09,NORMAL,2026-09-10,18,3,Thursday,3.95,NORMAL,NORMAL,LOW,2,LOW,LOW,11.068997050147493,20.03,-1.92,88.139203539823,100.0,61.48,0.18805309734513273,0.6,65,35,2.8997050147492627,9.129162895927601,88.95671945701358,0.19472850678733034,71,53,2.9524886877828056
CONT_005,2026-09-10 18:49:08.317657,Banana,8.79,100.0,0.41,ANOMALY,2026-09-10,18,3,Thursday,1.2100000000000009,NORMAL,CRITICAL,HIGH,6,HIGH,HIGH,11.204625668449196,20.93,-1.87,87.44355614973261,100.0,60.03,0.18794117647058825,0.59,62,40,2.8181818181818183,13.473140096618359,88.16468599033817,0.1929951690821256,96,41,3.1594202898550723
CONT_002,2026-09-10 18:49:10.322195,Avocado,0.2,100.0,0.46,ANOMALY,2026-09-10,18,3,Thursday,9.8,LOW,CRITICAL,HIGH,5,HIGH,HIGH,11.068997050147493,20.03,-1.92,88.139203539823,100.0,61.48,0.18805309734513273,0.6,65,35,2.8997050147492627,9.129162895927601,88.95671945701358,0.19472850678733034,71,53,2.9524886877828056
CONT_003,2026-09-10 18:49:12.324642,Avocado,7.54,89.12,0.17,NORMAL,2026-09-10,18,3,Thursday,2.46,NORMAL,NORMAL,LOW,2,LOW,LOW,11.193441734417345,19.75,-0.44,87.76967479674796,100.0,60.02,0.19691056910569105,0.59,82,37,2.934959349593496,9.129162895927601,88.95671945701358,0.19472850678733034,71,53,2.9524886877828056
CONT_001,2026-09-10 18:49:14.332861,Banana,13.08,93.13,0.17,NORMAL,2026-09-10,18,3,Thursday,3.08,NORMAL,WARNING,LOW,3,MEDIUM,MEDIUM,11.294,20.58,-1.98,87.60111764705883,100.0,60.11,0.19226470588235295,0.59,62,36,2.8941176470588235,13.473140096618359,88.16468599033817,0.1929951690821256,96,41,3.1594202898550723
CONT_002,2026-09-10 18:49:16.336030,Mango,10.36,89.51,0.13,NORMAL,2026-09-10,18,3,Thursday,0.35999999999999943,NORMAL,NORMAL,LOW,2,LOW,LOW,11.068997050147493,20.03,-1.92,88.139203539823,100.0,61.48,0.18805309734513273,0.6,65,35,2.8997050147492627,11.575468085106383,86.43734042553191,0.19323404255319152,97,51,2.6893617021276595
CONT_005,2026-09-10 18:49:18.338489,Mango,12.98,86.03,0.14,NORMAL,2026-09-10,18,3,Thursday,2.9800000000000004,NORMAL,NORMAL,LOW,2,LOW,LOW,11.204625668449196,20.93,-1.87,87.44355614973261,100.0,60.03,0.18794117647058825,0.59,62,40,2.8181818181818183,11.575468085106383,86.43734042553191,0.19323404255319152,97,51,2.6893617021276595
CONT_004,2026-09-10 18:49:20.342210,Banana,13.33,86.45,0.16,NORMAL,2026-09-10,18,3,Thursday,3.33,NORMAL,NORMAL,LOW,2,LOW,LOW,11.374931129476584,20.55,-1.66,87.65203856749311,100.0,60.25,0.19079889807162537,0.59,81,36,2.9421487603305785,13.473140096618359,88.16468599033817,0.1929951690821256,96,41,3.1594202898550723
CONT_003,2026-09-10 18:49:22.380451,Avocado,5.19,88.61,0.06,NORMAL,2026-09-10,18,3,Thursday,4.81,NORMAL,NORMAL,LOW,2,LOW,LOW,11.193441734417345,19.75,-0.44,87.76967479674796,100.0,60.02,0.19691056910569105,0.59,82,37,2.934959349593496,9.129162895927601,88.95671945701358,0.19472850678733034,71,53,2.9524886877828056
CONT_005,2026-09-10 18:49:24.420973,Tomato,11.63,87.73,0.15,NORMAL,2026-09-10,18,3,Thursday,1.6300000000000008,NORMAL,NORMAL,LOW,2,LOW,LOW,11.204625668449196,20.93,-1.87,87.44355614973261,100.0,60.03,0.18794117647058825,0.59,62,40,2.8181818181818183,10.869106753812636,87.4238779956427,0.1841830065359477,88,39,2.821350762527233
CONT_002,2026-09-10 18:49:26.423744,Mango,10.69,88.88,0.16,NORMAL,2026-09-10,18,3,Thursday,0.6899999999999995,NORMAL,NORMAL,LOW,2,LOW,LOW,11.068997050147493,20.03,-1.92,88.139203539823,100.0,61.48,0.18805309734513273,0.6,65,35,2.8997050147492627,11.575468085106383,86.43734042553191,0.19323404255319152,97,51,2.6893617021276595
CONT_005,2026-09-10 18:49:28.425987,Mango,19.7,63.44,0.39,ANOMALY,2026-09-10,18,3,Thursday,9.7,WARNING,LOW,MEDIUM,3,MEDIUM,MEDIUM,11.204625668449196,20.93,-1.87,87.44355614973261,100.0,60.03,0.18794117647058825,0.59,62,40,2.8181818181818183,11.575468085106383,86.43734042553191,0.19323404255319152,97,51,2.6893617021276595
CONT_003,2026-09-10 18:49:30.429115,Avocado,10.97,91.53,0.17,NORMAL,2026-09-10,18,3,Thursday,0.9700000000000006,NORMAL,WARNING,LOW,3,MEDIUM,MEDIUM,11.193441734417345,19.75,-0.44,87.76967479674796,100.0,60.02,0.19691056910569105,0.59,82,37,2.934959349593496,9.129162895927601,88.95671945701358,0.19472850678733034,71,53,2.9524886877828056
CONT_003,2026-09-10 18:49:32.434990,Banana,19.75,100.0,0.37,ANOMALY,2026-09-10,18,3,Thursday,9.75,WARNING,CRITICAL,MEDIUM,6,HIGH,HIGH,11.193441734417345,19.75,-0.44,87.76967479674796,100.0,60.02,0.19691056910569105,0.59,82,37,2.934959349593496,13.473140096618359,88.16468599033817,0.1929951690821256,96,41,3.1594202898550723
CONT_001,2026-09-10 18:49:34.437644,Avocado,18.61,100.0,0.37,ANOMALY,2026-09-10,18,3,Thursday,8.61,WARNING,CRITICAL,MEDIUM,6,HIGH,HIGH,11.294,20.58,-1.98,87.60111764705883,100.0,60.11,0.19226470588235295,0.59,62,36,2.8941176470588235,9.129162895927601,88.95671945701358,0.19472850678733034,71,53,2.9524886877828056
CONT_001,2026-09-10 18:49:36.441645,Tomato,10.65,93.03,0.13,NORMAL,2026-09-10,18,3,Thursday,0.6500000000000004,NORMAL,WARNING,LOW,3,MEDIUM,MEDIUM,11.294,20.58,-1.98,87.60111764705883,100.0,60.11,0.19226470588235295,0.59,62,36,2.8941176470588235,10.869106753812636,87.4238779956427,0.1841830065359477,88,39,2.821350762527233
CONT_004,2026-09-10 18:49:38.445386,Tomato,8.77,72.68,0.28,WARNING,2026-09-10,18,3,Thursday,1.2300000000000004,NORMAL,NORMAL,MEDIUM,3,MEDIUM,MEDIUM,11.374931129476584,20.55,-1.66,87.65203856749311,100.0,60.25,0.19079889807162537,0.59,81,36,2.9421487603305785,10.869106753812636,87.4238779956427,0.1841830065359477,88,39,2.821350762527233
CONT_005,2026-09-10 18:49:40.450309,Avocado,11.5,89.23,0.15,NORMAL,2026-09-10,18,3,Thursday,1.5,NORMAL,NORMAL,LOW,2,LOW,LOW,11.204625668449196,20.93,-1.87,87.44355614973261,100.0,60.03,0.18794117647058825,0.59,62,40,2.8181818181818183,9.129162895927601,88.95671945701358,0.19472850678733034,71,53,2.9524886877828056
CONT_005,2026-09-10 18:49:42.453484,Tomato,11.4,85.94,0.09,NORMAL,2026-09-10,18,3,Thursday,1.4000000000000004,NORMAL,NORMAL,LOW,2,LOW,LOW,11.204625668449196,20.93,-1.87,87.44355614973261,100.0,60.03,0.18794117647058825,0.59,62,40,2.8181818181818183,10.869106753812636,87.4238779956427,0.1841830065359477,88,39,2.821350762527233
CONT_003,2026-09-10 18:49:44.458874,Banana,13.2,88.51,0.15,NORMAL,2026-09-10,18,3,Thursday,3.1999999999999993,NORMAL,NORMAL,LOW,2,LOW,LOW,11.193441734417345,19.75,-0.44,87.76967479674796,100.0,60.02,0.19691056910569105,0.59,82,37,2.934959349593496,13.473140096618359,88.16468599033817,0.1929951690821256,96,41,3.1594202898550723
CONT_004,2026-09-10 18:49:46.463149,Banana,13.74,85.31,0.12,NORMAL,2026-09-10,18,3,Thursday,3.74,NORMAL,NORMAL,LOW,2,LOW,LOW,11.374931129476584,20.55,-1.66,87.65203856749311,100.0,60.25,0.19079889807162537,0.59,81,36,2.9421487603305785,13.473140096618359,88.16468599033817,0.1929951690821256,96,41,3.1594202898550723
CONT_002,2026-09-10 18:49:48.472922,Mango,11.28,86.62,0.12,NORMAL,2026-09-10,18,3,Thursday,1.2799999999999994,NORMAL,NORMAL,LOW,2,LOW,LOW,11.068997050147493,20.03,-1.92,88.139203539823,100.0,61.48,0.18805309734513273,0.6,65,35,2.8997050147492627,11.575468085106383,86.43734042553191,0.19323404255319152,97,51,2.6893617021276595
CONT_004,2026-09-10 18:49:50.476274,Avocado,14.54,100.0,0.34,WARNING,2026-09-10,18,3,Thursday,4.539999999999999,NORMAL,CRITICAL,MEDIUM,5,HIGH,HIGH,11.374931129476584,20.55,-1.66,87.65203856749311,100.0,60.25,0.19079889807162537,0.59,81,36,2.9421487603305785,9.129162895927601,88.95671945701358,0.19472850678733034,71,53,2.9524886877828056
CONT_002,2026-09-10 18:49:52.478575,Mango,11.12,89.94,0.08,NORMAL,2026-09-10,18,3,Thursday,1.1199999999999992,NORMAL,NORMAL,LOW,2,LOW,LOW,11.068997050147493,20.03,-1.92,88.139203539823,100.0,61.48,0.18805309734513273,0.6,65,35,2.8997050147492627,11.575468085106383,86.43734042553191,0.19323404255319152,97,51,2.6893617021276595
CONT_003,2026-09-10 18:49:54.481918,Tomato,13.1,100.0,0.24,WARNING,2026-09-10,18,3,Thursday,3.0999999999999996,NORMAL,CRITICAL,MEDIUM,5,HIGH,HIGH,11.193441734417345,19.75,-0.44,87.76967479674796,100.0,60.02,0.19691056910569105,0.59,82,37,2.934959349593496,10.869106753812636,87.4238779956427,0.1841830065359477,88,39,2.821350762527233
CONT_002,2026-09-10 18:49:56.485419,Tomato,7.79,100.0,0.32,WARNING,2026-09-10,18,3,Thursday,2.21,NORMAL,CRITICAL,MEDIUM,5,HIGH,HIGH,11.068997050147493,20.03,-1.92,88.139203539823,100.0,61.48,0.18805309734513273,0.6,65,35,2.8997050147492627,10.869106753812636,87.4238779956427,0.1841830065359477,88,39,2.821350762527233
CONT_005,2026-09-10 18:49:58.488629,Mango,14.25,71.92,0.35,WARNING,2026-09-10,18,3,Thursday,4.25,NORMAL,NORMAL,MEDIUM,3,MEDIUM,MEDIUM,11.204625668449196,20.93,-1.87,87.44355614973261,100.0,60.03,0.18794117647058825,0.59,62,40,2.8181818181818183,11.575468085106383,86.43734042553191,0.19323404255319152,97,51,2.6893617021276595
CONT_004,2026-09-10 18:50:00.492274,Avocado,10.59,91.98,0.09,NORMAL,2026-09-10,18,3,Thursday,0.5899999999999999,NORMAL,WARNING,LOW,3,MEDIUM,MEDIUM,11.374931129476584,20.55,-1.66,87.65203856749311,100.0,60.25,0.19079889807162537,0.59,81,36,2.9421487603305785,9.129162895927601,88.95671945701358,0.19472850678733034,71,53,2.9524886877828056
CONT_003,2026-09-10 18:50:02.502567,Mango,12.84,85.91,0.06,NORMAL,2026-09-10,18,3,Thursday,2.84,NORMAL,NORMAL,LOW,2,LOW,LOW,11.193441734417345,19.75,-0.44,87.76967479674796,100.0,60.02,0.19691056910569105,0.59,82,37,2.934959349593496,11.575468085106383,86.43734042553191,0.19323404255319152,97,51,2.6893617021276595
CONT_004,2026-09-10 18:50:04.508603,Mango,4.81,100.0,0.55,ANOMALY,2026-09-10,18,3,Thursday,5.19,LOW,CRITICAL,HIGH,5,HIGH,HIGH,11.374931129476584,20.55,-1.66,87.65203856749311,100.0,60.25,0.19079889807162537,0.59,81,36,2.9421487603305785,11.575468085106383,86.43734042553191,0.19323404255319152,97,51,2.6893617021276595
CONT_003,2026-09-10 18:50:06.540965,Avocado,6.18,87.28,0.12,NORMAL,2026-09-10,18,3,Thursday,3.8200000000000003,NORMAL,NORMAL,LOW,2,LOW,LOW,11.193441734417345,19.75,-0.44,87.76967479674796,100.0,60.02,0.19691056910569105,0.59,82,37,2.934959349593496,9.129162895927601,88.95671945701358,0.19472850678733034,71,53,2.9524886877828056
CONT_004,2026-09-10 18:50:08.544878,Mango,11.27,88.91,0.07,NORMAL,2026-09-10,18,3,Thursday,1.2699999999999996,NORMAL,NORMAL,LOW,2,LOW,LOW,11.374931129476584,20.55,-1.66,87.65203856749311,100.0,60.25,0.19079889807162537,0.59,81,36,2.9421487603305785,11.575468085106383,86.43734042553191,0.19323404255319152,97,51,2.6893617021276595
CONT_004,2026-09-10 18:50:10.551521,Mango,7.01,72.6,0.24,WARNING,2026-09-10,18,3,Thursday,2.99,NORMAL,NORMAL,MEDIUM,3,MEDIUM,MEDIUM,11.374931129476584,20.55,-1.66,87.65203856749311,100.0,60.25,0.19079889807162537,0.59,81,36,2.9421487603305785,11.575468085106383,86.43734042553191,0.19323404255319152,97,51,2.6893617021276595
CONT_001,2026-09-10 18:50:12.555041,Banana,13.94,93.21,0.16,NORMAL,2026-09-10,18,3,Thursday,3.9399999999999995,NORMAL,WARNING,LOW,3,MEDIUM,MEDIUM,11.294,20.58,-1.98,87.60111764705883,100.0,60.11,0.19226470588235295,0.59,62,36,2.8941176470588235,13.473140096618359,88.16468599033817,0.1929951690821256,96,41,3.1594202898550723
CONT_003,2026-09-10 18:50:14.558471,Avocado,10.18,85.87,0.16,NORMAL,2026-09-10,18,3,Thursday,0.17999999999999972,NORMAL,NORMAL,LOW,2,LOW,LOW,11.193441734417345,19.75,-0.44,87.76967479674796,100.0,60.02,0.19691056910569105,0.59,82,37,2.934959349593496,9.129162895927601,88.95671945701358,0.19472850678733034,71,53,2.9524886877828056
CONT_003,2026-09-10 18:50:16.563850,Mango,5.81,60.85,0.46,ANOMALY,2026-09-10,18,3,Thursday,4.19,NORMAL,LOW,HIGH,3,MEDIUM,MEDIUM,11.193441734417345,19.75,-0.44,87.76967479674796,100.0,60.02,0.19691056910569105,0.59,82,37,2.934959349593496,11.575468085106383,86.43734042553191,0.19323404255319152,97,51,2.6893617021276595
CONT_004,2026-09-10 18:50:18.566840,Tomato,11.32,89.77,0.14,NORMAL,2026-09-10,18,3,Thursday,1.3200000000000003,NORMAL,NORMAL,LOW,2,LOW,LOW,11.374931129476584,20.55,-1.66,87.65203856749311,100.0,60.25,0.19079889807162537,0.59,81,36,2.9421487603305785,10.869106753812636,87.4238779956427,0.1841830065359477,88,39,2.821350762527233
CONT_001,2026-09-10 18:50:20.569641,Avocado,10.46,90.44,0.15,NORMAL,2026-09-10,18,3,Thursday,0.46000000000000085,NORMAL,WARNING,LOW,3,MEDIUM,MEDIUM,11.294,20.58,-1.98,87.60111764705883,100.0,60.11,0.19226470588235295,0.59,62,36,2.8941176470588235,9.129162895927601,88.95671945701358,0.19472850678733034,71,53,2.9524886877828056
CONT_005,2026-09-10 18:50:22.573294,Avocado,7.92,90.38,0.17,NORMAL,2026-09-10,18,3,Thursday,2.08,NORMAL,WARNING,LOW,3,MEDIUM,MEDIUM,11.204625668449196,20.93,-1.87,87.44355614973261,100.0,60.03,0.18794117647058825,0.59,62,40,2.8181818181818183,9.129162895927601,88.95671945701358,0.19472850678733034,71,53,2.9524886877828056
CONT_001,2026-09-10 18:50:24.576981,Avocado,2.58,62.25,0.23,WARNING,2026-09-10,18,3,Thursday,7.42,LOW,LOW,MEDIUM,1,LOW,LOW,11.294,20.58,-1.98,87.60111764705883,100.0,60.11,0.19226470588235295,0.59,62,36,2.8941176470588235,9.129162895927601,88.95671945701358,0.19472850678733034,71,53,2.9524886877828056
CONT_003,2026-09-10 18:50:26.582512,Mango,12.31,85.37,0.19,NORMAL,2026-09-10,18,3,Thursday,2.3100000000000005,NORMAL,NORMAL,LOW,2,LOW,LOW,11.193441734417345,19.75,-0.44,87.76967479674796,100.0,60.02,0.19691056910569105,0.59,82,37,2.934959349593496,11.575468085106383,86.43734042553191,0.19323404255319152,97,51,2.6893617021276595
CONT_002,2026-09-10 18:50:28.585398,Tomato,10.19,85.46,0.06,NORMAL,2026-09-10,18,3,Thursday,0.1899999999999995,NORMAL,NORMAL,LOW,2,LOW,LOW,11.068997050147493,20.03,-1.92,88.139203539823,100.0,61.48,0.18805309734513273,0.6,65,35,2.8997050147492627,10.869106753812636,87.4238779956427,0.1841830065359477,88,39,2.821350762527233
CONT_003,2026-09-10 18:50:30.589672,Avocado,9.4,93.62,0.19,NORMAL,2026-09-10,18,3,Thursday,0.5999999999999996,NORMAL,WARNING,LOW,3,MEDIUM,MEDIUM,11.193441734417345,19.75,-0.44,87.76967479674796,100.0,60.02,0.19691056910569105,0.59,82,37,2.934959349593496,9.129162895927601,88.95671945701358,0.19472850678733034,71,53,2.9524886877828056
CONT_002,2026-09-10 18:50:32.592546,Avocado,6.68,88.09,0.2,NORMAL,2026-09-10,18,3,Thursday,3.3200000000000003,NORMAL,NORMAL,LOW,2,LOW,LOW,11.068997050147493,20.03,-1.92,88.139203539823,100.0,61.48,0.18805309734513273,0.6,65,35,2.8997050147492627,9.129162895927601,88.95671945701358,0.19472850678733034,71,53,2.9524886877828056
CONT_002,2026-09-10 18:50:34.596905,Tomato,8.34,62.51,0.2,WARNING,2026-09-10,18,3,Thursday,1.6600000000000001,NORMAL,LOW,LOW,1,LOW,LOW,11.068997050147493,20.03,-1.92,88.139203539823,100.0,61.48,0.18805309734513273,0.6,65,35,2.8997050147492627,10.869106753812636,87.4238779956427,0.1841830065359477,88,39,2.821350762527233
CONT_001,2026-09-10 18:50:36.600666,Mango,8.85,60.11,0.3,WARNING,2026-09-10,18,3,Thursday,1.1500000000000004,NORMAL,LOW,MEDIUM,2,LOW,LOW,11.294,20.58,-1.98,87.60111764705883,100.0,60.11,0.19226470588235295,0.59,62,36,2.8941176470588235,11.575468085106383,86.43734042553191,0.19323404255319152,97,51,2.6893617021276595
CONT_004,2026-09-10 18:50:38.604466,Avocado,9.12,94.54,0.05,NORMAL,2026-09-10,18,3,Thursday,0.8800000000000008,NORMAL,WARNING,LOW,3,MEDIUM,MEDIUM,11.374931129476584,20.55,-1.66,87.65203856749311,100.0,60.25,0.19079889807162537,0.59,81,36,2.9421487603305785,9.129162895927601,88.95671945701358,0.19472850678733034,71,53,2.9524886877828056
CONT_005,2026-09-10 18:50:40.608703,Tomato,11.01,87.64,0.06,NORMAL,2026-09-10,18,3,Thursday,1.0099999999999998,NORMAL,NORMAL,LOW,2,LOW,LOW,11.204625668449196,20.93,-1.87,87.44355614973261,100.0,60.03,0.18794117647058825,0.59,62,40,2.8181818181818183,10.869106753812636,87.4238779956427,0.1841830065359477,88,39,2.821350762527233
CONT_005,2026-09-10 18:50:42.612456,Tomato,10.92,94.45,0.13,NORMAL,2026-09-10,18,3,Thursday,0.9199999999999999,NORMAL,WARNING,LOW,3,MEDIUM,MEDIUM,11.204625668449196,20.93,-1.87,87.44355614973261,100.0,60.03,0.18794117647058825,0.59,62,40,2.8181818181818183,10.869106753812636,87.4238779956427,0.1841830065359477,88,39,2.821350762527233
CONT_001,2026-09-10 18:50:44.616137,Tomato,11.97,87.41,0.17,NORMAL,2026-09-10,18,3,Thursday,1.9700000000000006,NORMAL,NORMAL,LOW,2,LOW,LOW,11.294,20.58,-1.98,87.60111764705883,100.0,60.11,0.19226470588235295,0.59,62,36,2.8941176470588235,10.869106753812636,87.4238779956427,0.1841830065359477,88,39,2.821350762527233
CONT_001,2026-09-10 18:50:46.619173,Avocado,5.6,92.05,0.16,NORMAL,2026-09-10,18,3,Thursday,4.4,NORMAL,WARNING,LOW,3,MEDIUM,MEDIUM,11.294,20.58,-1.98,87.60111764705883,100.0,60.11,0.19226470588235295,0.59,62,36,2.8941176470588235,9.129162895927601,88.95671945701358,0.19472850678733034,71,53,2.9524886877828056
CONT_002,2026-09-10 18:50:48.621526,Mango,18.18,100.0,0.51,ANOMALY,2026-09-10,18,3,Thursday,8.18,WARNING,CRITICAL,HIGH,7,CRITICAL,CRITICAL,11.068997050147493,20.03,-1.92,88.139203539823,100.0,61.48,0.18805309734513273,0.6,65,35,2.8997050147492627,11.575468085106383,86.43734042553191,0.19323404255319152,97,51,2.6893617021276595
CONT_002,2026-09-10 18:50:50.624934,Tomato,11.62,91.71,0.2,NORMAL,2026-09-10,18,3,Thursday,1.6199999999999992,NORMAL,WARNING,LOW,3,MEDIUM,MEDIUM,11.068997050147493,20.03,-1.92,88.139203539823,100.0,61.48,0.18805309734513273,0.6,65,35,2.8997050147492627,10.869106753812636,87.4238779956427,0.1841830065359477,88,39,2.821350762527233
CONT_003,2026-09-10 18:50:52.627595,Avocado,1.17,100.0,0.5,ANOMALY,2026-09-10,18,3,Thursday,8.83,LOW,CRITICAL,HIGH,5,HIGH,HIGH,11.193441734417345,19.75,-0.44,87.76967479674796,100.0,60.02,0.19691056910569105,0.59,82,37,2.934959349593496,9.129162895927601,88.95671945701358,0.19472850678733034,71,53,2.9524886877828056
CONT_005,2026-09-10 18:50:54.632143,Mango,12.68,86.09,0.11,NORMAL,2026-09-10,18,3,Thursday,2.6799999999999997,NORMAL,NORMAL,LOW,2,LOW,LOW,11.204625668449196,20.93,-1.87,87.44355614973261,100.0,60.03,0.18794117647058825,0.59,62,40,2.8181818181818183,11.575468085106383,86.43734042553191,0.19323404255319152,97,51,2.6893617021276595
CONT_005,2026-09-10 18:50:56.636005,Banana,13.07,86.85,0.16,NORMAL,2026-09-10,18,3,Thursday,3.0700000000000003,NORMAL,NORMAL,LOW,2,LOW,LOW,11.204625668449196,20.93,-1.87,87.44355614973261,100.0,60.03,0.18794117647058825,0.59,62,40,2.8181818181818183,13.473140096618359,88.16468599033817,0.1929951690821256,96,41,3.1594202898550723
CONT_004,2026-09-10 18:50:58.639433,Avocado,7.35,88.13,0.19,NORMAL,2026-09-10,18,3,Thursday,2.6500000000000004,NORMAL,NORMAL,LOW,2,LOW,LOW,11.374931129476584,20.55,-1.66,87.65203856749311,100.0,60.25,0.19079889807162537,0.59,81,36,2.9421487603305785,9.129162895927601,88.95671945701358,0.19472850678733034,71,53,2.9524886877828056
CONT_003,2026-09-10 18:51:00.641896,Mango,11.27,87.95,0.12,NORMAL,2026-09-10,18,3,Thursday,1.2699999999999996,NORMAL,NORMAL,LOW,2,LOW,LOW,11.193441734417345,19.75,-0.44,87.76967479674796,100.0,60.02,0.19691056910569105,0.59,82,37,2.934959349593496,11.575468085106383,86.43734042553191,0.19323404255319152,97,51,2.6893617021276595
CONT_002,2026-09-10 18:51:02.646912,Banana,13.55,88.25,0.2,NORMAL,2026-09-10,18,3,Thursday,3.5500000000000007,NORMAL,NORMAL,LOW,2,LOW,LOW,11.068997050147493,20.03,-1.92,88.139203539823,100.0,61.48,0.18805309734513273,0.6,65,35,2.8997050147492627,13.473140096618359,88.16468599033817,0.1929951690821256,96,41,3.1594202898550723
CONT_002,2026-09-10 18:51:04.652040,Mango,8.48,63.81,0.26,WARNING,2026-09-10,18,3,Thursday,1.5199999999999996,NORMAL,LOW,MEDIUM,2,LOW,LOW,11.068997050147493,20.03,-1.92,88.139203539823,100.0,61.48,0.18805309734513273,0.6,65,35,2.8997050147492627,11.575468085106383,86.43734042553191,0.19323404255319152,97,51,2.6893617021276595
CONT_003,2026-09-10 18:51:06.654799,Mango,12.46,89.38,0.17,NORMAL,2026-09-10,18,3,Thursday,2.460000000000001,NORMAL,NORMAL,LOW,2,LOW,LOW,11.193441734417345,19.75,-0.44,87.76967479674796,100.0,60.02,0.19691056910569105,0.59,82,37,2.934959349593496,11.575468085106383,86.43734042553191,0.19323404255319152,97,51,2.6893617021276595
CONT_003,2026-09-10 18:51:08.660661,Avocado,14.58,71.28,0.23,WARNING,2026-09-10,18,3,Thursday,4.58,NORMAL,NORMAL,MEDIUM,3,MEDIUM,MEDIUM,11.193441734417345,19.75,-0.44,87.76967479674796,100.0,60.02,0.19691056910569105,0.59,82,37,2.934959349593496,9.129162895927601,88.95671945701358,0.19472850678733034,71,53,2.9524886877828056
CONT_005,2026-09-10 18:51:10.668638,Mango,12.06,88.22,0.15,NORMAL,2026-09-10,18,3,Thursday,2.0600000000000005,NORMAL,NORMAL,LOW,2,LOW,LOW,11.204625668449196,20.93,-1.87,87.44355614973261,100.0,60.03,0.18794117647058825,0.59,62,40,2.8181818181818183,11.575468085106383,86.43734042553191,0.19323404255319152,97,51,2.6893617021276595
CONT_003,2026-09-10 18:51:12.672265,Avocado,6.69,93.24,0.15,NORMAL,2026-09-10,18,3,Thursday,3.3099999999999996,NORMAL,WARNING,LOW,3,MEDIUM,MEDIUM,11.193441734417345,19.75,-0.44,87.76967479674796,100.0,60.02,0.19691056910569105,0.59,82,37,2.934959349593496,9.129162895927601,88.95671945701358,0.19472850678733034,71,53,2.9524886877828056
CONT_001,2026-09-10 18:51:14.675206,Banana,13.06,87.91,0.07,NORMAL,2026-09-10,18,3,Thursday,3.0600000000000005,NORMAL,NORMAL,LOW,2,LOW,LOW,11.294,20.58,-1.98,87.60111764705883,100.0,60.11,0.19226470588235295,0.59,62,36,2.8941176470588235,13.473140096618359,88.16468599033817,0.1929951690821256,96,41,3.1594202898550723
CONT_005,2026-09-10 18:51:16.681321,Mango,10.87,86.5,0.1,NORMAL,2026-09-10,18,3,Thursday,0.8699999999999992,NORMAL,NORMAL,LOW,2,LOW,LOW,11.204625668449196,20.93,-1.87,87.44355614973261,100.0,60.03,0.18794117647058825,0.59,62,40,2.8181818181818183,11.575468085106383,86.43734042553191,0.19323404255319152,97,51,2.6893617021276595
CONT_003,2026-09-10 18:51:18.684796,Tomato,10.01,85.66,0.11,NORMAL,2026-09-10,18,3,Thursday,0.009999999999999787,NORMAL,NORMAL,LOW,2,LOW,LOW,11.193441734417345,19.75,-0.44,87.76967479674796,100.0,60.02,0.19691056910569105,0.59,82,37,2.934959349593496,10.869106753812636,87.4238779956427,0.1841830065359477,88,39,2.821350762527233
CONT_003,2026-09-10 18:51:20.687344,Tomato,13.85,100.0,0.27,WARNING,2026-09-10,18,3,Thursday,3.8499999999999996,NORMAL,CRITICAL,MEDIUM,5,HIGH,HIGH,11.193441734417345,19.75,-0.44,87.76967479674796,100.0,60.02,0.19691056910569105,0.59,82,37,2.934959349593496,10.869106753812636,87.4238779956427,0.1841830065359477,88,39,2.821350762527233
CONT_002,2026-09-10 18:51:22.690023,Avocado,11.09,91.14,0.14,NORMAL,2026-09-10,18,3,Thursday,1.0899999999999999,NORMAL,WARNING,LOW,3,MEDIUM,MEDIUM,11.068997050147493,20.03,-1.92,88.139203539823,100.0,61.48,0.18805309734513273,0.6,65,35,2.8997050147492627,9.129162895927601,88.95671945701358,0.19472850678733034,71,53,2.9524886877828056
CONT_003,2026-09-10 18:51:24.692899,Mango,10.77,89.88,0.19,NORMAL,2026-09-10,18,3,Thursday,0.7699999999999996,NORMAL,NORMAL,LOW,2,LOW,LOW,11.193441734417345,19.75,-0.44,87.76967479674796,100.0,60.02,0.19691056910569105,0.59,82,37,2.934959349593496,11.575468085106383,86.43734042553191,0.19323404255319152,97,51,2.6893617021276595
CONT_005,2026-09-10 18:51:26.701117,Avocado,9.99,91.09,0.11,NORMAL,2026-09-10,18,3,Thursday,0.009999999999999787,NORMAL,WARNING,LOW,3,MEDIUM,MEDIUM,11.204625668449196,20.93,-1.87,87.44355614973261,100.0,60.03,0.18794117647058825,0.59,62,40,2.8181818181818183,9.129162895927601,88.95671945701358,0.19472850678733034,71,53,2.9524886877828056
CONT_001,2026-09-10 18:51:28.704417,Banana,13.23,89.67,0.18,NORMAL,2026-09-10,18,3,Thursday,3.2300000000000004,NORMAL,NORMAL,LOW,2,LOW,LOW,11.294,20.58,-1.98,87.60111764705883,100.0,60.11,0.19226470588235295,0.59,62,36,2.8941176470588235,13.473140096618359,88.16468599033817,0.1929951690821256,96,41,3.1594202898550723
CONT_001,2026-09-10 18:51:30.708177,Mango,12.26,86.05,0.09,NORMAL,2026-09-10,18,3,Thursday,2.26,NORMAL,NORMAL,LOW,2,LOW,LOW,11.294,20.58,-1.98,87.60111764705883,100.0,60.11,0.19226470588235295,0.59,62,36,2.8941176470588235,11.575468085106383,86.43734042553191,0.19323404255319152,97,51,2.6893617021276595
CONT_003,2026-09-10 18:51:32.713852,Banana,9.66,73.99,0.49,ANOMALY,2026-09-10,18,3,Thursday,0.33999999999999986,NORMAL,NORMAL,HIGH,4,MEDIUM,MEDIUM,11.193441734417345,19.75,-0.44,87.76967479674796,100.0,60.02,0.19691056910569105,0.59,82,37,2.934959349593496,13.473140096618359,88.16468599033817,0.1929951690821256,96,41,3.1594202898550723
CONT_004,2026-09-10 18:51:34.717373,Mango,11.37,87.54,0.11,NORMAL,2026-09-10,18,3,Thursday,1.3699999999999992,NORMAL,NORMAL,LOW,2,LOW,LOW,11.374931129476584,20.55,-1.66,87.65203856749311,100.0,60.25,0.19079889807162537,0.59,81,36,2.9421487603305785,11.575468085106383,86.43734042553191,0.19323404255319152,97,51,2.6893617021276595
CONT_004,2026-09-10 18:51:36.719746,Banana,13.35,91.15,0.14,NORMAL,2026-09-10,18,3,Thursday,3.3499999999999996,NORMAL,WARNING,LOW,3,MEDIUM,MEDIUM,11.374931129476584,20.55,-1.66,87.65203856749311,100.0,60.25,0.19079889807162537,0.59,81,36,2.9421487603305785,13.473140096618359,88.16468599033817,0.1929951690821256,96,41,3.1594202898550723
CONT_005,2026-09-10 18:51:38.722723,Mango,14.99,100.0,0.29,WARNING,2026-09-10,18,3,Thursday,4.99,NORMAL,CRITICAL,MEDIUM,5,HIGH,HIGH,11.204625668449196,20.93,-1.87,87.44355614973261,100.0,60.03,0.18794117647058825,0.59,62,40,2.8181818181818183,11.575468085106383,86.43734042553191,0.19323404255319152,97,51,2.6893617021276595
CONT_003,2026-09-10 18:51:40.725217,Avocado,6.14,94.47,0.14,NORMAL,2026-09-10,18,3,Thursday,3.8600000000000003,NORMAL,WARNING,LOW,3,MEDIUM,MEDIUM,11.193441734417345,19.75,-0.44,87.76967479674796,100.0,60.02,0.19691056910569105,0.59,82,37,2.934959349593496,9.129162895927601,88.95671945701358,0.19472850678733034,71,53,2.9524886877828056
CONT_005,2026-09-10 18:51:42.729922,Banana,13.07,88.72,0.14,NORMAL,2026-09-10,18,3,Thursday,3.0700000000000003,NORMAL,NORMAL,LOW,2,LOW,LOW,11.204625668449196,20.93,-1.87,87.44355614973261,100.0,60.03,0.18794117647058825,0.59,62,40,2.8181818181818183,13.473140096618359,88.16468599033817,0.1929951690821256,96,41,3.1594202898550723
CONT_001,2026-09-10 18:51:44.734018,Banana,9.68,68.77,0.46,ANOMALY,2026-09-10,18,3,Thursday,0.3200000000000003,NORMAL,LOW,HIGH,3,MEDIUM,MEDIUM,11.294,20.58,-1.98,87.60111764705883,100.0,60.11,0.19226470588235295,0.59,62,36,2.8941176470588235,13.473140096618359,88.16468599033817,0.1929951690821256,96,41,3.1594202898550723
CONT_002,2026-09-10 18:51:46.736740,Mango,3.87,69.96,0.38,ANOMALY,2026-09-10,18,3,Thursday,6.13,LOW,LOW,MEDIUM,1,LOW,LOW,11.068997050147493,20.03,-1.92,88.139203539823,100.0,61.48,0.18805309734513273,0.6,65,35,2.8997050147492627,11.575468085106383,86.43734042553191,0.19323404255319152,97,51,2.6893617021276595
CONT_004,2026-09-10 18:51:48.739500,Mango,15.25,64.86,0.31,WARNING,2026-09-10,18,3,Thursday,5.25,WARNING,LOW,MEDIUM,3,MEDIUM,MEDIUM,11.374931129476584,20.55,-1.66,87.65203856749311,100.0,60.25,0.19079889807162537,0.59,81,36,2.9421487603305785,11.575468085106383,86.43734042553191,0.19323404255319152,97,51,2.6893617021276595
CONT_004,2026-09-10 18:51:50.741767,Banana,13.96,93.84,0.05,NORMAL,2026-09-10,18,3,Thursday,3.960000000000001,NORMAL,WARNING,LOW,3,MEDIUM,MEDIUM,11.374931129476584,20.55,-1.66,87.65203856749311,100.0,60.25,0.19079889807162537,0.59,81,36,2.9421487603305785,13.473140096618359,88.16468599033817,0.1929951690821256,96,41,3.1594202898550723
CONT_003,2026-09-10 18:51:52.745411,Avocado,6.14,85.61,0.15,NORMAL,2026-09-10,18,3,Thursday,3.8600000000000003,NORMAL,NORMAL,LOW,2,LOW,LOW,11.193441734417345,19.75,-0.44,87.76967479674796,100.0,60.02,0.19691056910569105,0.59,82,37,2.934959349593496,9.129162895927601,88.95671945701358,0.19472850678733034,71,53,2.9524886877828056
CONT_002,2026-09-10 18:51:54.748954,Mango,14.55,74.67,0.29,WARNING,2026-09-10,18,3,Thursday,4.550000000000001,NORMAL,NORMAL,MEDIUM,3,MEDIUM,MEDIUM,11.068997050147493,20.03,-1.92,88.139203539823,100.0,61.48,0.18805309734513273,0.6,65,35,2.8997050147492627,11.575468085106383,86.43734042553191,0.19323404255319152,97,51,2.6893617021276595
CONT_002,2026-09-10 18:51:56.752385,Banana,11.53,100.0,0.2,WARNING,2026-09-10,18,3,Thursday,1.5299999999999994,NORMAL,CRITICAL,LOW,4,MEDIUM,MEDIUM,11.068997050147493,20.03,-1.92,88.139203539823,100.0,61.48,0.18805309734513273,0.6,65,35,2.8997050147492627,13.473140096618359,88.16468599033817,0.1929951690821256,96,41,3.1594202898550723
CONT_002,2026-09-10 18:51:58.790071,Avocado,11.01,89.79,0.1,NORMAL,2026-09-10,18,3,Thursday,1.0099999999999998,NORMAL,NORMAL,LOW,2,LOW,LOW,11.068997050147493,20.03,-1.92,88.139203539823,100.0,61.48,0.18805309734513273,0.6,65,35,2.8997050147492627,9.129162895927601,88.95671945701358,0.19472850678733034,71,53,2.9524886877828056
CONT_003,2026-09-10 18:52:00.918140,Tomato,13.41,61.26,0.25,WARNING,2026-09-10,18,3,Thursday,3.41,NORMAL,LOW,MEDIUM,2,LOW,LOW,11.193441734417345,19.75,-0.44,87.76967479674796,100.0,60.02,0.19691056910569105,0.59,82,37,2.934959349593496,10.869106753812636,87.4238779956427,0.1841830065359477,88,39,2.821350762527233
CONT_002,2026-09-10 18:52:02.926113,Tomato,10.86,86.44,0.17,NORMAL,2026-09-10,18,3,Thursday,0.8599999999999994,NORMAL,NORMAL,LOW,2,LOW,LOW,11.068997050147493,20.03,-1.92,88.139203539823,100.0,61.48,0.18805309734513273,0.6,65,35,2.8997050147492627,10.869106753812636,87.4238779956427,0.1841830065359477,88,39,2.821350762527233
CONT_005,2026-09-10 18:52:04.938129,Banana,13.95,92.4,0.1,NORMAL,2026-09-10,18,3,Thursday,3.9499999999999993,NORMAL,WARNING,LOW,3,MEDIUM,MEDIUM,11.204625668449196,20.93,-1.87,87.44355614973261,100.0,60.03,0.18794117647058825,0.59,62,40,2.8181818181818183,13.473140096618359,88.16468599033817,0.1929951690821256,96,41,3.1594202898550723
CONT_001,2026-09-10 18:52:06.941789,Mango,10.9,85.84,0.13,NORMAL,2026-09-10,18,3,Thursday,0.9000000000000004,NORMAL,NORMAL,LOW,2,LOW,LOW,11.294,20.58,-1.98,87.60111764705883,100.0,60.11,0.19226470588235295,0.59,62,36,2.8941176470588235,11.575468085106383,86.43734042553191,0.19323404255319152,97,51,2.6893617021276595
CONT_002,2026-09-10 18:52:08.947818,Banana,13.21,92.66,0.17,NORMAL,2026-09-10,18,3,Thursday,3.210000000000001,NORMAL,WARNING,LOW,3,MEDIUM,MEDIUM,11.068997050147493,20.03,-1.92,88.139203539823,100.0,61.48,0.18805309734513273,0.6,65,35,2.8997050147492627,13.473140096618359,88.16468599033817,0.1929951690821256,96,41,3.1594202898550723
CONT_002,2026-09-10 18:52:10.950607,Tomato,11.46,88.66,0.16,NORMAL,2026-09-10,18,3,Thursday,1.4600000000000009,NORMAL,NORMAL,LOW,2,LOW,LOW,11.068997050147493,20.03,-1.92,88.139203539823,100.0,61.48,0.18805309734513273,0.6,65,35,2.8997050147492627,10.869106753812636,87.4238779956427,0.1841830065359477,88,39,2.821350762527233
CONT_005,2026-09-10 18:52:12.954471,Tomato,5.54,66.25,0.4,ANOMALY,2026-09-10,18,3,Thursday,4.46,NORMAL,LOW,MEDIUM,2,LOW,LOW,11.204625668449196,20.93,-1.87,87.44355614973261,100.0,60.03,0.18794117647058825,0.59,62,40,2.8181818181818183,10.869106753812636,87.4238779956427,0.1841830065359477,88,39,2.821350762527233
CONT_005,2026-09-10 18:52:14.958561,Banana,13.93,85.43,0.06,NORMAL,2026-09-10,18,3,Thursday,3.9299999999999997,NORMAL,NORMAL,LOW,2,LOW,LOW,11.204625668449196,20.93,-1.87,87.44355614973261,100.0,60.03,0.18794117647058825,0.59,62,40,2.8181818181818183,13.473140096618359,88.16468599033817,0.1929951690821256,96,41,3.1594202898550723
CONT_003,2026-09-10 18:52:16.963374,Avocado,11.72,89.8,0.08,NORMAL,2026-09-10,18,3,Thursday,1.7200000000000006,NORMAL,NORMAL,LOW,2,LOW,LOW,11.193441734417345,19.75,-0.44,87.76967479674796,100.0,60.02,0.19691056910569105,0.59,82,37,2.934959349593496,9.129162895927601,88.95671945701358,0.19472850678733034,71,53,2.9524886877828056
CONT_001,2026-09-10 18:52:18.967833,Avocado,9.67,94.97,0.12,NORMAL,2026-09-10,18,3,Thursday,0.33000000000000007,NORMAL,WARNING,LOW,3,MEDIUM,MEDIUM,11.294,20.58,-1.98,87.60111764705883,100.0,60.11,0.19226470588235295,0.59,62,36,2.8941176470588235,9.129162895927601,88.95671945701358,0.19472850678733034,71,53,2.9524886877828056
CONT_001,2026-09-10 18:52:20.971473,Banana,13.99,85.14,0.1,NORMAL,2026-09-10,18,3,Thursday,3.99,NORMAL,NORMAL,LOW,2,LOW,LOW,11.294,20.58,-1.98,87.60111764705883,100.0,60.11,0.19226470588235295,0.59,62,36,2.8941176470588235,13.473140096618359,88.16468599033817,0.1929951690821256,96,41,3.1594202898550723
CONT_003,2026-09-10 18:52:22.975785,Avocado,9.11,87.93,0.07,NORMAL,2026-09-10,18,3,Thursday,0.8900000000000006,NORMAL,NORMAL,LOW,2,LOW,LOW,11.193441734417345,19.75,-0.44,87.76967479674796,100.0,60.02,0.19691056910569105,0.59,82,37,2.934959349593496,9.129162895927601,88.95671945701358,0.19472850678733034,71,53,2.9524886877828056
CONT_004,2026-09-10 18:52:24.981607,Tomato,10.04,89.13,0.13,NORMAL,2026-09-10,18,3,Thursday,0.03999999999999915,NORMAL,NORMAL,LOW,2,LOW,LOW,11.374931129476584,20.55,-1.66,87.65203856749311,100.0,60.25,0.19079889807162537,0.59,81,36,2.9421487603305785,10.869106753812636,87.4238779956427,0.1841830065359477,88,39,2.821350762527233
CONT_003,2026-09-10 18:52:26.984036,Mango,12.53,88.24,0.07,NORMAL,2026-09-10,18,3,Thursday,2.5299999999999994,NORMAL,NORMAL,LOW,2,LOW,LOW,11.193441734417345,19.75,-0.44,87.76967479674796,100.0,60.02,0.19691056910569105,0.59,82,37,2.934959349593496,11.575468085106383,86.43734042553191,0.19323404255319152,97,51,2.6893617021276595
CONT_005,2026-09-10 18:52:28.986778,Tomato,11.34,93.99,0.07,NORMAL,2026-09-10,18,3,Thursday,1.3399999999999999,NORMAL,WARNING,LOW,3,MEDIUM,MEDIUM,11.204625668449196,20.93,-1.87,87.44355614973261,100.0,60.03,0.18794117647058825,0.59,62,40,2.8181818181818183,10.869106753812636,87.4238779956427,0.1841830065359477,88,39,2.821350762527233
CONT_001,2026-09-10 18:52:30.989717,Mango,12.45,85.52,0.1,NORMAL,2026-09-10,18,3,Thursday,2.4499999999999993,NORMAL,NORMAL,LOW,2,LOW,LOW,11.294,20.58,-1.98,87.60111764705883,100.0,60.11,0.19226470588235295,0.59,62,36,2.8941176470588235,11.575468085106383,86.43734042553191,0.19323404255319152,97,51,2.6893617021276595
CONT_001,2026-09-10 18:52:32.993386,Avocado,9.61,92.0,0.16,NORMAL,2026-09-10,18,3,Thursday,0.39000000000000057,NORMAL,WARNING,LOW,3,MEDIUM,MEDIUM,11.294,20.58,-1.98,87.60111764705883,100.0,60.11,0.19226470588235295,0.59,62,36,2.8941176470588235,9.129162895927601,88.95671945701358,0.19472850678733034,71,53,2.9524886877828056
CONT_001,2026-09-10 18:52:34.997616,Tomato,11.58,92.95,0.19,NORMAL,2026-09-10,18,3,Thursday,1.58,NORMAL,WARNING,LOW,3,MEDIUM,MEDIUM,11.294,20.58,-1.98,87.60111764705883,100.0,60.11,0.19226470588235295,0.59,62,36,2.8941176470588235,10.869106753812636,87.4238779956427,0.1841830065359477,88,39,2.821350762527233
CONT_005,2026-09-10 18:52:37.001044,Banana,13.86,88.45,0.2,NORMAL,2026-09-10,18,3,Thursday,3.8599999999999994,NORMAL,NORMAL,LOW,2,LOW,LOW,11.204625668449196,20.93,-1.87,87.44355614973261,100.0,60.03,0.18794117647058825,0.59,62,40,2.8181818181818183,13.473140096618359,88.16468599033817,0.1929951690821256,96,41,3.1594202898550723
CONT_004,2026-09-10 18:52:39.003503,Tomato,11.4,88.5,0.13,NORMAL,2026-09-10,18,3,Thursday,1.4000000000000004,NORMAL,NORMAL,LOW,2,LOW,LOW,11.374931129476584,20.55,-1.66,87.65203856749311,100.0,60.25,0.19079889807162537,0.59,81,36,2.9421487603305785,10.869106753812636,87.4238779956427,0.1841830065359477,88,39,2.821350762527233
CONT_002,2026-09-10 18:52:41.007342,Mango,12.95,87.0,0.16,NORMAL,2026-09-10,18,3,Thursday,2.9499999999999993,NORMAL,NORMAL,LOW,2,LOW,LOW,11.068997050147493,20.03,-1.92,88.139203539823,100.0,61.48,0.18805309734513273,0.6,65,35,2.8997050147492627,11.575468085106383,86.43734042553191,0.19323404255319152,97,51,2.6893617021276595
CONT_005,2026-09-10 18:52:43.012403,Banana,13.33,90.33,0.16,NORMAL,2026-09-10,18,3,Thursday,3.33,NORMAL,WARNING,LOW,3,MEDIUM,MEDIUM,11.204625668449196,20.93,-1.87,87.44355614973261,100.0,60.03,0.18794117647058825,0.59,62,40,2.8181818181818183,13.473140096618359,88.16468599033817,0.1929951690821256,96,41,3.1594202898550723
CONT_004,2026-09-10 18:52:45.015199,Mango,12.24,87.61,0.17,NORMAL,2026-09-10,18,3,Thursday,2.24,NORMAL,NORMAL,LOW,2,LOW,LOW,11.374931129476584,20.55,-1.66,87.65203856749311,100.0,60.25,0.19079889807162537,0.59,81,36,2.9421487603305785,11.575468085106383,86.43734042553191,0.19323404255319152,97,51,2.6893617021276595
CONT_004,2026-09-10 18:52:47.017926,Banana,13.96,86.53,0.08,NORMAL,2026-09-10,18,3,Thursday,3.960000000000001,NORMAL,NORMAL,LOW,2,LOW,LOW,11.374931129476584,20.55,-1.66,87.65203856749311,100.0,60.25,0.19079889807162537,0.59,81,36,2.9421487603305785,13.473140096618359,88.16468599033817,0.1929951690821256,96,41,3.1594202898550723
CONT_001,2026-09-10 18:52:49.021145,Tomato,10.6,94.5,0.1,NORMAL,2026-09-10,18,3,Thursday,0.5999999999999996,NORMAL,WARNING,LOW,3,MEDIUM,MEDIUM,11.294,20.58,-1.98,87.60111764705883,100.0,60.11,0.19226470588235295,0.59,62,36,2.8941176470588235,10.869106753812636,87.4238779956427,0.1841830065359477,88,39,2.821350762527233
CONT_003,2026-09-10 18:52:51.028948,Tomato,11.62,89.54,0.15,NORMAL,2026-09-10,18,3,Thursday,1.6199999999999992,NORMAL,NORMAL,LOW,2,LOW,LOW,11.193441734417345,19.75,-0.44,87.76967479674796,100.0,60.02,0.19691056910569105,0.59,82,37,2.934959349593496,10.869106753812636,87.4238779956427,0.1841830065359477,88,39,2.821350762527233
CONT_002,2026-09-10 18:52:53.036342,Mango,12.34,87.52,0.06,NORMAL,2026-09-10,18,3,Thursday,2.34,NORMAL,NORMAL,LOW,2,LOW,LOW,11.068997050147493,20.03,-1.92,88.139203539823,100.0,61.48,0.18805309734513273,0.6,65,35,2.8997050147492627,11.575468085106383,86.43734042553191,0.19323404255319152,97,51,2.6893617021276595
CONT_001,2026-09-10 18:52:55.039320,Tomato,10.86,88.08,0.06,NORMAL,2026-09-10,18,3,Thursday,0.8599999999999994,NORMAL,NORMAL,LOW,2,LOW,LOW,11.294,20.58,-1.98,87.60111764705883,100.0,60.11,0.19226470588235295,0.59,62,36,2.8941176470588235,10.869106753812636,87.4238779956427,0.1841830065359477,88,39,2.821350762527233
CONT_004,2026-09-10 18:52:57.043301,Banana,13.29,86.33,0.07,NORMAL,2026-09-10,18,3,Thursday,3.289999999999999,NORMAL,NORMAL,LOW,2,LOW,LOW,11.374931129476584,20.55,-1.66,87.65203856749311,100.0,60.25,0.19079889807162537,0.59,81,36,2.9421487603305785,13.473140096618359,88.16468599033817,0.1929951690821256,96,41,3.1594202898550723
CONT_001,2026-09-10 18:52:59.049121,Banana,13.68,86.0,0.07,NORMAL,2026-09-10,18,3,Thursday,3.6799999999999997,NORMAL,NORMAL,LOW,2,LOW,LOW,11.294,20.58,-1.98,87.60111764705883,100.0,60.11,0.19226470588235295,0.59,62,36,2.8941176470588235,13.473140096618359,88.16468599033817,0.1929951690821256,96,41,3.1594202898550723
CONT_004,2026-09-10 18:53:01.053500,Banana,13.44,93.35,0.2,NORMAL,2026-09-10,18,3,Thursday,3.4399999999999995,NORMAL,WARNING,LOW,3,MEDIUM,MEDIUM,11.374931129476584,20.55,-1.66,87.65203856749311,100.0,60.25,0.19079889807162537,0.59,81,36,2.9421487603305785,13.473140096618359,88.16468599033817,0.1929951690821256,96,41,3.1594202898550723
CONT_004,2026-09-10 18:53:03.056717,Avocado,10.41,91.59,0.16,NORMAL,2026-09-10,18,3,Thursday,0.41000000000000014,NORMAL,WARNING,LOW,3,MEDIUM,MEDIUM,11.374931129476584,20.55,-1.66,87.65203856749311,100.0,60.25,0.19079889807162537,0.59,81,36,2.9421487603305785,9.129162895927601,88.95671945701358,0.19472850678733034,71,53,2.9524886877828056
CONT_004,2026-09-10 18:53:05.062396,Banana,13.4,94.18,0.05,NORMAL,2026-09-10,18,3,Thursday,3.4000000000000004,NORMAL,WARNING,LOW,3,MEDIUM,MEDIUM,11.374931129476584,20.55,-1.66,87.65203856749311,100.0,60.25,0.19079889807162537,0.59,81,36,2.9421487603305785,13.473140096618359,88.16468599033817,0.1929951690821256,96,41,3.1594202898550723
CONT_004,2026-09-10 18:53:07.064780,Tomato,8.29,100.0,0.2,WARNING,2026-09-10,18,3,Thursday,1.7100000000000009,NORMAL,CRITICAL,LOW,4,MEDIUM,MEDIUM,11.374931129476584,20.55,-1.66,87.65203856749311,100.0,60.25,0.19079889807162537,0.59,81,36,2.9421487603305785,10.869106753812636,87.4238779956427,0.1841830065359477,88,39,2.821350762527233
CONT_004,2026-09-10 18:53:09.067545,Tomato,10.34,86.6,0.1,NORMAL,2026-09-10,18,3,Thursday,0.33999999999999986,NORMAL,NORMAL,LOW,2,LOW,LOW,11.374931129476584,20.55,-1.66,87.65203856749311,100.0,60.25,0.19079889807162537,0.59,81,36,2.9421487603305785,10.869106753812636,87.4238779956427,0.1841830065359477,88,39,2.821350762527233
CONT_004,2026-09-10 18:53:11.069989,Tomato,11.25,91.17,0.16,NORMAL,2026-09-10,18,3,Thursday,1.25,NORMAL,WARNING,LOW,3,MEDIUM,MEDIUM,11.374931129476584,20.55,-1.66,87.65203856749311,100.0,60.25,0.19079889807162537,0.59,81,36,2.9421487603305785,10.869106753812636,87.4238779956427,0.1841830065359477,88,39,2.821350762527233
CONT_005,2026-09-10 18:53:13.073031,Tomato,10.29,86.53,0.18,NORMAL,2026-09-10,18,3,Thursday,0.28999999999999915,NORMAL,NORMAL,LOW,2,LOW,LOW,11.204625668449196,20.93,-1.87,87.44355614973261,100.0,60.03,0.18794117647058825,0.59,62,40,2.8181818181818183,10.869106753812636,87.4238779956427,0.1841830065359477,88,39,2.821350762527233
CONT_003,2026-09-10 18:53:15.079230,Banana,13.61,86.81,0.08,NORMAL,2026-09-10,18,3,Thursday,3.6099999999999994,NORMAL,NORMAL,LOW,2,LOW,LOW,11.193441734417345,19.75,-0.44,87.76967479674796,100.0,60.02,0.19691056910569105,0.59,82,37,2.934959349593496,13.473140096618359,88.16468599033817,0.1929951690821256,96,41,3.1594202898550723
CONT_003,2026-09-10 18:53:17.083855,Avocado,8.78,91.77,0.16,NORMAL,2026-09-10,18,3,Thursday,1.2200000000000006,NORMAL,WARNING,LOW,3,MEDIUM,MEDIUM,11.193441734417345,19.75,-0.44,87.76967479674796,100.0,60.02,0.19691056910569105,0.59,82,37,2.934959349593496,9.129162895927601,88.95671945701358,0.19472850678733034,71,53,2.9524886877828056
CONT_004,2026-09-10 18:53:19.087781,Mango,14.77,61.14,0.28,WARNING,2026-09-10,18,3,Thursday,4.77,NORMAL,LOW,MEDIUM,2,LOW,LOW,11.374931129476584,20.55,-1.66,87.65203856749311,100.0,60.25,0.19079889807162537,0.59,81,36,2.9421487603305785,11.575468085106383,86.43734042553191,0.19323404255319152,97,51,2.6893617021276595
CONT_003,2026-09-10 18:53:21.096216,Banana,13.7,94.26,0.07,NORMAL,2026-09-10,18,3,Thursday,3.6999999999999993,NORMAL,WARNING,LOW,3,MEDIUM,MEDIUM,11.193441734417345,19.75,-0.44,87.76967479674796,100.0,60.02,0.19691056910569105,0.59,82,37,2.934959349593496,13.473140096618359,88.16468599033817,0.1929951690821256,96,41,3.1594202898550723
CONT_001,2026-09-10 18:53:23.105895,Tomato,13.69,73.04,0.28,WARNING,2026-09-10,18,3,Thursday,3.6899999999999995,NORMAL,NORMAL,MEDIUM,3,MEDIUM,MEDIUM,11.294,20.58,-1.98,87.60111764705883,100.0,60.11,0.19226470588235295,0.59,62,36,2.8941176470588235,10.869106753812636,87.4238779956427,0.1841830065359477,88,39,2.821350762527233
CONT_003,2026-09-10 18:53:25.113701,Banana,13.57,91.34,0.15,NORMAL,2026-09-10,18,3,Thursday,3.5700000000000003,NORMAL,WARNING,LOW,3,MEDIUM,MEDIUM,11.193441734417345,19.75,-0.44,87.76967479674796,100.0,60.02,0.19691056910569105,0.59,82,37,2.934959349593496,13.473140096618359,88.16468599033817,0.1929951690821256,96,41,3.1594202898550723
CONT_003,2026-09-10 18:53:27.116921,Banana,11.39,70.53,0.33,WARNING,2026-09-10,18,3,Thursday,1.3900000000000006,NORMAL,NORMAL,MEDIUM,3,MEDIUM,MEDIUM,11.193441734417345,19.75,-0.44,87.76967479674796,100.0,60.02,0.19691056910569105,0.59,82,37,2.934959349593496,13.473140096618359,88.16468599033817,0.1929951690821256,96,41,3.1594202898550723
CONT_005,2026-09-10 18:53:29.120406,Banana,13.88,85.06,0.09,NORMAL,2026-09-10,18,3,Thursday,3.880000000000001,NORMAL,NORMAL,LOW,2,LOW,LOW,11.204625668449196,20.93,-1.87,87.44355614973261,100.0,60.03,0.18794117647058825,0.59,62,40,2.8181818181818183,13.473140096618359,88.16468599033817,0.1929951690821256,96,41,3.1594202898550723
CONT_005,2026-09-10 18:53:31.123487,Mango,11.35,86.65,0.09,NORMAL,2026-09-10,18,3,Thursday,1.3499999999999996,NORMAL,NORMAL,LOW,2,LOW,LOW,11.204625668449196,20.93,-1.87,87.44355614973261,100.0,60.03,0.18794117647058825,0.59,62,40,2.8181818181818183,11.575468085106383,86.43734042553191,0.19323404255319152,97,51,2.6893617021276595
CONT_001,2026-09-10 18:53:33.129717,Mango,7.43,100.0,0.27,WARNING,2026-09-10,18,3,Thursday,2.5700000000000003,NORMAL,CRITICAL,MEDIUM,5,HIGH,HIGH,11.294,20.58,-1.98,87.60111764705883,100.0,60.11,0.19226470588235295,0.59,62,36,2.8941176470588235,11.575468085106383,86.43734042553191,0.19323404255319152,97,51,2.6893617021276595
CONT_003,2026-09-10 18:53:35.132107,Tomato,10.69,85.69,0.06,NORMAL,2026-09-10,18,3,Thursday,0.6899999999999995,NORMAL,NORMAL,LOW,2,LOW,LOW,11.193441734417345,19.75,-0.44,87.76967479674796,100.0,60.02,0.19691056910569105,0.59,82,37,2.934959349593496,10.869106753812636,87.4238779956427,0.1841830065359477,88,39,2.821350762527233
CONT_004,2026-09-10 18:53:37.135688,Avocado,19.37,70.79,0.47,ANOMALY,2026-09-10,18,3,Thursday,9.370000000000001,WARNING,NORMAL,HIGH,5,HIGH,HIGH,11.374931129476584,20.55,-1.66,87.65203856749311,100.0,60.25,0.19079889807162537,0.59,81,36,2.9421487603305785,9.129162895927601,88.95671945701358,0.19472850678733034,71,53,2.9524886877828056
CONT_005,2026-09-10 18:53:39.138610,Avocado,5.33,91.67,0.14,NORMAL,2026-09-10,18,3,Thursday,4.67,NORMAL,WARNING,LOW,3,MEDIUM,MEDIUM,11.204625668449196,20.93,-1.87,87.44355614973261,100.0,60.03,0.18794117647058825,0.59,62,40,2.8181818181818183,9.129162895927601,88.95671945701358,0.19472850678733034,71,53,2.9524886877828056
CONT_001,2026-09-10 18:53:41.145129,Tomato,11.59,86.75,0.17,NORMAL,2026-09-10,18,3,Thursday,1.5899999999999999,NORMAL,NORMAL,LOW,2,LOW,LOW,11.294,20.58,-1.98,87.60111764705883,100.0,60.11,0.19226470588235295,0.59,62,36,2.8941176470588235,10.869106753812636,87.4238779956427,0.1841830065359477,88,39,2.821350762527233
CONT_003,2026-09-10 18:53:43.150943,Tomato,11.23,89.58,0.14,NORMAL,2026-09-10,18,3,Thursday,1.2300000000000004,NORMAL,NORMAL,LOW,2,LOW,LOW,11.193441734417345,19.75,-0.44,87.76967479674796,100.0,60.02,0.19691056910569105,0.59,82,37,2.934959349593496,10.869106753812636,87.4238779956427,0.1841830065359477,88,39,2.821350762527233
CONT_003,2026-09-10 18:53:45.154593,Avocado,11.29,94.7,0.1,NORMAL,2026-09-10,18,3,Thursday,1.2899999999999991,NORMAL,WARNING,LOW,3,MEDIUM,MEDIUM,11.193441734417345,19.75,-0.44,87.76967479674796,100.0,60.02,0.19691056910569105,0.59,82,37,2.934959349593496,9.129162895927601,88.95671945701358,0.19472850678733034,71,53,2.9524886877828056
CONT_003,2026-09-10 18:53:47.157543,Banana,13.28,86.65,0.1,NORMAL,2026-09-10,18,3,Thursday,3.2799999999999994,NORMAL,NORMAL,LOW,2,LOW,LOW,11.193441734417345,19.75,-0.44,87.76967479674796,100.0,60.02,0.19691056910569105,0.59,82,37,2.934959349593496,13.473140096618359,88.16468599033817,0.1929951690821256,96,41,3.1594202898550723
CONT_005,2026-09-10 18:53:49.162748,Avocado,9.61,94.36,0.15,NORMAL,2026-09-10,18,3,Thursday,0.39000000000000057,NORMAL,WARNING,LOW,3,MEDIUM,MEDIUM,11.204625668449196,20.93,-1.87,87.44355614973261,100.0,60.03,0.18794117647058825,0.59,62,40,2.8181818181818183,9.129162895927601,88.95671945701358,0.19472850678733034,71,53,2.9524886877828056
CONT_001,2026-09-10 18:53:51.173013,Avocado,6.19,92.14,0.06,NORMAL,2026-09-10,18,3,Thursday,3.8099999999999996,NORMAL,WARNING,LOW,3,MEDIUM,MEDIUM,11.294,20.58,-1.98,87.60111764705883,100.0,60.11,0.19226470588235295,0.59,62,36,2.8941176470588235,9.129162895927601,88.95671945701358,0.19472850678733034,71,53,2.9524886877828056
CONT_002,2026-09-10 18:53:53.177429,Tomato,5.76,74.25,0.36,ANOMALY,2026-09-10,18,3,Thursday,4.24,NORMAL,NORMAL,MEDIUM,3,MEDIUM,MEDIUM,11.068997050147493,20.03,-1.92,88.139203539823,100.0,61.48,0.18805309734513273,0.6,65,35,2.8997050147492627,10.869106753812636,87.4238779956427,0.1841830065359477,88,39,2.821350762527233
CONT_005,2026-09-10 18:53:55.180765,Tomato,10.44,94.05,0.18,NORMAL,2026-09-10,18,3,Thursday,0.4399999999999995,NORMAL,WARNING,LOW,3,MEDIUM,MEDIUM,11.204625668449196,20.93,-1.87,87.44355614973261,100.0,60.03,0.18794117647058825,0.59,62,40,2.8181818181818183,10.869106753812636,87.4238779956427,0.1841830065359477,88,39,2.821350762527233
CONT_004,2026-09-10 18:53:57.183216,Tomato,4.28,100.0,0.36,ANOMALY,2026-09-10,18,3,Thursday,5.72,LOW,CRITICAL,MEDIUM,4,MEDIUM,MEDIUM,11.374931129476584,20.55,-1.66,87.65203856749311,100.0,60.25,0.19079889807162537,0.59,81,36,2.9421487603305785,10.869106753812636,87.4238779956427,0.1841830065359477,88,39,2.821350762527233
CONT_003,2026-09-10 18:53:59.187633,Avocado,16.15,100.0,0.54,ANOMALY,2026-09-10,18,3,Thursday,6.149999999999999,WARNING,CRITICAL,HIGH,7,CRITICAL,CRITICAL,11.193441734417345,19.75,-0.44,87.76967479674796,100.0,60.02,0.19691056910569105,0.59,82,37,2.934959349593496,9.129162895927601,88.95671945701358,0.19472850678733034,71,53,2.9524886877828056
CONT_003,2026-09-10 18:54:01.192511,Tomato,13.87,70.65,0.35,WARNING,2026-09-10,18,3,Thursday,3.869999999999999,NORMAL,NORMAL,MEDIUM,3,MEDIUM,MEDIUM,11.193441734417345,19.75,-0.44,87.76967479674796,100.0,60.02,0.19691056910569105,0.59,82,37,2.934959349593496,10.869106753812636,87.4238779956427,0.1841830065359477,88,39,2.821350762527233
CONT_002,2026-09-10 18:54:03.381567,Tomato,6.26,62.21,0.55,ANOMALY,2026-09-10,18,3,Thursday,3.74,NORMAL,LOW,HIGH,3,MEDIUM,MEDIUM,11.068997050147493,20.03,-1.92,88.139203539823,100.0,61.48,0.18805309734513273,0.6,65,35,2.8997050147492627,10.869106753812636,87.4238779956427,0.1841830065359477,88,39,2.821350762527233
CONT_002,2026-09-10 18:54:05.419287,Banana,13.87,89.12,0.08,NORMAL,2026-09-10,18,3,Thursday,3.869999999999999,NORMAL,NORMAL,LOW,2,LOW,LOW,11.068997050147493,20.03,-1.92,88.139203539823,100.0,61.48,0.18805309734513273,0.6,65,35,2.8997050147492627,13.473140096618359,88.16468599033817,0.1929951690821256,96,41,3.1594202898550723
CONT_003,2026-09-10 18:54:07.426505,Mango,11.36,86.13,0.16,NORMAL,2026-09-10,18,3,Thursday,1.3599999999999994,NORMAL,NORMAL,LOW,2,LOW,LOW,11.193441734417345,19.75,-0.44,87.76967479674796,100.0,60.02,0.19691056910569105,0.59,82,37,2.934959349593496,11.575468085106383,86.43734042553191,0.19323404255319152,97,51,2.6893617021276595
CONT_004,2026-09-10 18:54:09.429372,Avocado,11.12,93.07,0.17,NORMAL,2026-09-10,18,3,Thursday,1.1199999999999992,NORMAL,WARNING,LOW,3,MEDIUM,MEDIUM,11.374931129476584,20.55,-1.66,87.65203856749311,100.0,60.25,0.19079889807162537,0.59,81,36,2.9421487603305785,9.129162895927601,88.95671945701358,0.19472850678733034,71,53,2.9524886877828056
CONT_004,2026-09-10 18:54:11.432368,Avocado,6.99,89.16,0.08,NORMAL,2026-09-10,18,3,Thursday,3.01,NORMAL,NORMAL,LOW,2,LOW,LOW,11.374931129476584,20.55,-1.66,87.65203856749311,100.0,60.25,0.19079889807162537,0.59,81,36,2.9421487603305785,9.129162895927601,88.95671945701358,0.19472850678733034,71,53,2.9524886877828056
CONT_003,2026-09-10 18:54:13.435836,Tomato,8.18,100.0,0.21,WARNING,2026-09-10,18,3,Thursday,1.8200000000000003,NORMAL,CRITICAL,MEDIUM,5,HIGH,HIGH,11.193441734417345,19.75,-0.44,87.76967479674796,100.0,60.02,0.19691056910569105,0.59,82,37,2.934959349593496,10.869106753812636,87.4238779956427,0.1841830065359477,88,39,2.821350762527233
CONT_001,2026-09-10 18:54:15.439006,Avocado,0.95,61.51,0.51,ANOMALY,2026-09-10,18,3,Thursday,9.05,LOW,LOW,HIGH,2,LOW,LOW,11.294,20.58,-1.98,87.60111764705883,100.0,60.11,0.19226470588235295,0.59,62,36,2.8941176470588235,9.129162895927601,88.95671945701358,0.19472850678733034,71,53,2.9524886877828056
CONT_001,2026-09-10 18:54:17.448608,Avocado,14.56,69.11,0.28,WARNING,2026-09-10,18,3,Thursday,4.5600000000000005,NORMAL,LOW,MEDIUM,2,LOW,LOW,11.294,20.58,-1.98,87.60111764705883,100.0,60.11,0.19226470588235295,0.59,62,36,2.8941176470588235,9.129162895927601,88.95671945701358,0.19472850678733034,71,53,2.9524886877828056
CONT_004,2026-09-10 18:54:19.451708,Tomato,10.81,87.82,0.12,NORMAL,2026-09-10,18,3,Thursday,0.8100000000000005,NORMAL,NORMAL,LOW,2,LOW,LOW,11.374931129476584,20.55,-1.66,87.65203856749311,100.0,60.25,0.19079889807162537,0.59,81,36,2.9421487603305785,10.869106753812636,87.4238779956427,0.1841830065359477,88,39,2.821350762527233
CONT_002,2026-09-10 18:54:21.454322,Tomato,10.14,87.92,0.17,NORMAL,2026-09-10,18,3,Thursday,0.14000000000000057,NORMAL,NORMAL,LOW,2,LOW,LOW,11.068997050147493,20.03,-1.92,88.139203539823,100.0,61.48,0.18805309734513273,0.6,65,35,2.8997050147492627,10.869106753812636,87.4238779956427,0.1841830065359477,88,39,2.821350762527233
CONT_005,2026-09-10 18:54:23.459765,Mango,12.56,89.92,0.06,NORMAL,2026-09-10,18,3,Thursday,2.5600000000000005,NORMAL,NORMAL,LOW,2,LOW,LOW,11.204625668449196,20.93,-1.87,87.44355614973261,100.0,60.03,0.18794117647058825,0.59,62,40,2.8181818181818183,11.575468085106383,86.43734042553191,0.19323404255319152,97,51,2.6893617021276595
CONT_001,2026-09-10 18:54:25.462723,Mango,12.69,86.88,0.12,NORMAL,2026-09-10,18,3,Thursday,2.6899999999999995,NORMAL,NORMAL,LOW,2,LOW,LOW,11.294,20.58,-1.98,87.60111764705883,100.0,60.11,0.19226470588235295,0.59,62,36,2.8941176470588235,11.575468085106383,86.43734042553191,0.19323404255319152,97,51,2.6893617021276595
CONT_003,2026-09-10 18:54:27.466742,Banana,16.03,62.42,0.21,WARNING,2026-09-10,18,3,Thursday,6.030000000000001,WARNING,LOW,MEDIUM,3,MEDIUM,MEDIUM,11.193441734417345,19.75,-0.44,87.76967479674796,100.0,60.02,0.19691056910569105,0.59,82,37,2.934959349593496,13.473140096618359,88.16468599033817,0.1929951690821256,96,41,3.1594202898550723
CONT_005,2026-09-10 18:54:29.470661,Tomato,7.78,63.35,0.27,WARNING,2026-09-10,18,3,Thursday,2.2199999999999998,NORMAL,LOW,MEDIUM,2,LOW,LOW,11.204625668449196,20.93,-1.87,87.44355614973261,100.0,60.03,0.18794117647058825,0.59,62,40,2.8181818181818183,10.869106753812636,87.4238779956427,0.1841830065359477,88,39,2.821350762527233
CONT_005,2026-09-10 18:54:31.477246,Banana,13.67,94.72,0.08,NORMAL,2026-09-10,18,3,Thursday,3.67,NORMAL,WARNING,LOW,3,MEDIUM,MEDIUM,11.204625668449196,20.93,-1.87,87.44355614973261,100.0,60.03,0.18794117647058825,0.59,62,40,2.8181818181818183,13.473140096618359,88.16468599033817,0.1929951690821256,96,41,3.1594202898550723
CONT_004,2026-09-10 18:54:33.481228,Avocado,11.81,93.5,0.06,NORMAL,2026-09-10,18,3,Thursday,1.8100000000000005,NORMAL,WARNING,LOW,3,MEDIUM,MEDIUM,11.374931129476584,20.55,-1.66,87.65203856749311,100.0,60.25,0.19079889807162537,0.59,81,36,2.9421487603305785,9.129162895927601,88.95671945701358,0.19472850678733034,71,53,2.9524886877828056
CONT_004,2026-09-10 18:54:35.483842,Mango,11.68,87.16,0.07,NORMAL,2026-09-10,18,3,Thursday,1.6799999999999997,NORMAL,NORMAL,LOW,2,LOW,LOW,11.374931129476584,20.55,-1.66,87.65203856749311,100.0,60.25,0.19079889807162537,0.59,81,36,2.9421487603305785,11.575468085106383,86.43734042553191,0.19323404255319152,97,51,2.6893617021276595
CONT_001,2026-09-10 18:54:37.497570,Tomato,14.47,69.37,0.23,WARNING,2026-09-10,18,3,Thursday,4.470000000000001,NORMAL,LOW,MEDIUM,2,LOW,LOW,11.294,20.58,-1.98,87.60111764705883,100.0,60.11,0.19226470588235295,0.59,62,36,2.8941176470588235,10.869106753812636,87.4238779956427,0.1841830065359477,88,39,2.821350762527233
CONT_004,2026-09-10 18:54:39.815495,Tomato,11.93,93.4,0.14,NORMAL,2026-09-10,18,3,Thursday,1.9299999999999997,NORMAL,WARNING,LOW,3,MEDIUM,MEDIUM,11.374931129476584,20.55,-1.66,87.65203856749311,100.0,60.25,0.19079889807162537,0.59,81,36,2.9421487603305785,10.869106753812636,87.4238779956427,0.1841830065359477,88,39,2.821350762527233
CONT_002,2026-09-10 18:54:41.821434,Avocado,11.07,87.52,0.14,NORMAL,2026-09-10,18,3,Thursday,1.0700000000000003,NORMAL,NORMAL,LOW,2,LOW,LOW,11.068997050147493,20.03,-1.92,88.139203539823,100.0,61.48,0.18805309734513273,0.6,65,35,2.8997050147492627,9.129162895927601,88.95671945701358,0.19472850678733034,71,53,2.9524886877828056
CONT_002,2026-09-10 18:54:43.827532,Banana,13.85,85.72,0.2,NORMAL,2026-09-10,18,3,Thursday,3.8499999999999996,NORMAL,NORMAL,LOW,2,LOW,LOW,11.068997050147493,20.03,-1.92,88.139203539823,100.0,61.48,0.18805309734513273,0.6,65,35,2.8997050147492627,13.473140096618359,88.16468599033817,0.1929951690821256,96,41,3.1594202898550723
CONT_002,2026-09-10 18:54:45.854017,Avocado,10.81,91.34,0.05,NORMAL,2026-09-10,18,3,Thursday,0.8100000000000005,NORMAL,WARNING,LOW,3,MEDIUM,MEDIUM,11.068997050147493,20.03,-1.92,88.139203539823,100.0,61.48,0.18805309734513273,0.6,65,35,2.8997050147492627,9.129162895927601,88.95671945701358,0.19472850678733034,71,53,2.9524886877828056
CONT_003,2026-09-10 18:54:47.860353,Banana,13.73,87.16,0.11,NORMAL,2026-09-10,18,3,Thursday,3.7300000000000004,NORMAL,NORMAL,LOW,2,LOW,LOW,11.193441734417345,19.75,-0.44,87.76967479674796,100.0,60.02,0.19691056910569105,0.59,82,37,2.934959349593496,13.473140096618359,88.16468599033817,0.1929951690821256,96,41,3.1594202898550723
CONT_004,2026-09-10 18:54:49.862383,Avocado,6.82,92.71,0.1,NORMAL,2026-09-10,18,3,Thursday,3.1799999999999997,NORMAL,WARNING,LOW,3,MEDIUM,MEDIUM,11.374931129476584,20.55,-1.66,87.65203856749311,100.0,60.25,0.19079889807162537,0.59,81,36,2.9421487603305785,9.129162895927601,88.95671945701358,0.19472850678733034,71,53,2.9524886877828056
CONT_003,2026-09-10 18:54:51.864497,Avocado,2.94,60.02,0.28,WARNING,2026-09-10,18,3,Thursday,7.0600000000000005,LOW,LOW,MEDIUM,1,LOW,LOW,11.193441734417345,19.75,-0.44,87.76967479674796,100.0,60.02,0.19691056910569105,0.59,82,37,2.934959349593496,9.129162895927601,88.95671945701358,0.19472850678733034,71,53,2.9524886877828056
CONT_002,2026-09-10 18:54:53.871851,Avocado,8.15,89.24,0.17,NORMAL,2026-09-10,18,3,Thursday,1.8499999999999996,NORMAL,NORMAL,LOW,2,LOW,LOW,11.068997050147493,20.03,-1.92,88.139203539823,100.0,61.48,0.18805309734513273,0.6,65,35,2.8997050147492627,9.129162895927601,88.95671945701358,0.19472850678733034,71,53,2.9524886877828056
CONT_003,2026-09-10 18:54:55.877061,Avocado,10.99,92.27,0.17,NORMAL,2026-09-10,18,3,Thursday,0.9900000000000002,NORMAL,WARNING,LOW,3,MEDIUM,MEDIUM,11.193441734417345,19.75,-0.44,87.76967479674796,100.0,60.02,0.19691056910569105,0.59,82,37,2.934959349593496,9.129162895927601,88.95671945701358,0.19472850678733034,71,53,2.9524886877828056
CONT_003,2026-09-10 18:54:57.880316,Banana,13.84,90.57,0.12,NORMAL,2026-09-10,18,3,Thursday,3.84,NORMAL,WARNING,LOW,3,MEDIUM,MEDIUM,11.193441734417345,19.75,-0.44,87.76967479674796,100.0,60.02,0.19691056910569105,0.59,82,37,2.934959349593496,13.473140096618359,88.16468599033817,0.1929951690821256,96,41,3.1594202898550723
CONT_001,2026-09-10 18:54:59.885603,Avocado,6.02,94.75,0.07,NORMAL,2026-09-10,18,3,Thursday,3.9800000000000004,NORMAL,WARNING,LOW,3,MEDIUM,MEDIUM,11.294,20.58,-1.98,87.60111764705883,100.0,60.11,0.19226470588235295,0.59,62,36,2.8941176470588235,9.129162895927601,88.95671945701358,0.19472850678733034,71,53,2.9524886877828056
CONT_004,2026-09-10 18:55:01.888724,Mango,14.7,100.0,0.26,WARNING,2026-09-10,18,3,Thursday,4.699999999999999,NORMAL,CRITICAL,MEDIUM,5,HIGH,HIGH,11.374931129476584,20.55,-1.66,87.65203856749311,100.0,60.25,0.19079889807162537,0.59,81,36,2.9421487603305785,11.575468085106383,86.43734042553191,0.19323404255319152,97,51,2.6893617021276595
CONT_002,2026-09-10 18:55:03.894916,Tomato,10.06,92.42,0.13,NORMAL,2026-09-10,18,3,Thursday,0.0600000000000005,NORMAL,WARNING,LOW,3,MEDIUM,MEDIUM,11.068997050147493,20.03,-1.92,88.139203539823,100.0,61.48,0.18805309734513273,0.6,65,35,2.8997050147492627,10.869106753812636,87.4238779956427,0.1841830065359477,88,39,2.821350762527233
CONT_003,2026-09-10 18:55:05.897914,Tomato,10.74,90.87,0.16,NORMAL,2026-09-10,18,3,Thursday,0.7400000000000002,NORMAL,WARNING,LOW,3,MEDIUM,MEDIUM,11.193441734417345,19.75,-0.44,87.76967479674796,100.0,60.02,0.19691056910569105,0.59,82,37,2.934959349593496,10.869106753812636,87.4238779956427,0.1841830065359477,88,39,2.821350762527233
CONT_004,2026-09-10 18:55:07.900884,Tomato,11.4,92.84,0.09,NORMAL,2026-09-10,18,3,Thursday,1.4000000000000004,NORMAL,WARNING,LOW,3,MEDIUM,MEDIUM,11.374931129476584,20.55,-1.66,87.65203856749311,100.0,60.25,0.19079889807162537,0.59,81,36,2.9421487603305785,10.869106753812636,87.4238779956427,0.1841830065359477,88,39,2.821350762527233
CONT_001,2026-09-10 18:55:09.909844,Mango,16.38,64.71,0.59,ANOMALY,2026-09-10,18,3,Thursday,6.379999999999999,WARNING,LOW,HIGH,4,MEDIUM,MEDIUM,11.294,20.58,-1.98,87.60111764705883,100.0,60.11,0.19226470588235295,0.59,62,36,2.8941176470588235,11.575468085106383,86.43734042553191,0.19323404255319152,97,51,2.6893617021276595
CONT_004,2026-09-10 18:55:11.919967,Tomato,11.38,88.98,0.1,NORMAL,2026-09-10,18,3,Thursday,1.3800000000000008,NORMAL,NORMAL,LOW,2,LOW,LOW,11.374931129476584,20.55,-1.66,87.65203856749311,100.0,60.25,0.19079889807162537,0.59,81,36,2.9421487603305785,10.869106753812636,87.4238779956427,0.1841830065359477,88,39,2.821350762527233
CONT_003,2026-09-10 18:55:13.922189,Banana,13.08,87.48,0.18,NORMAL,2026-09-10,18,3,Thursday,3.08,NORMAL,NORMAL,LOW,2,LOW,LOW,11.193441734417345,19.75,-0.44,87.76967479674796,100.0,60.02,0.19691056910569105,0.59,82,37,2.934959349593496,13.473140096618359,88.16468599033817,0.1929951690821256,96,41,3.1594202898550723
CONT_004,2026-09-10 18:55:15.926537,Mango,14.94,100.0,0.26,WARNING,2026-09-10,18,3,Thursday,4.9399999999999995,NORMAL,CRITICAL,MEDIUM,5,HIGH,HIGH,11.374931129476584,20.55,-1.66,87.65203856749311,100.0,60.25,0.19079889807162537,0.59,81,36,2.9421487603305785,11.575468085106383,86.43734042553191,0.19323404255319152,97,51,2.6893617021276595
CONT_004,2026-09-10 18:55:17.929970,Mango,15.74,65.69,0.22,WARNING,2026-09-10,18,3,Thursday,5.74,WARNING,LOW,MEDIUM,3,MEDIUM,MEDIUM,11.374931129476584,20.55,-1.66,87.65203856749311,100.0,60.25,0.19079889807162537,0.59,81,36,2.9421487603305785,11.575468085106383,86.43734042553191,0.19323404255319152,97,51,2.6893617021276595
CONT_003,2026-09-10 18:55:19.932478,Mango,19.42,74.31,0.42,ANOMALY,2026-09-10,18,3,Thursday,9.420000000000002,WARNING,NORMAL,HIGH,5,HIGH,HIGH,11.193441734417345,19.75,-0.44,87.76967479674796,100.0,60.02,0.19691056910569105,0.59,82,37,2.934959349593496,11.575468085106383,86.43734042553191,0.19323404255319152,97,51,2.6893617021276595
CONT_004,2026-09-10 18:55:22.817476,Tomato,10.62,87.92,0.09,NORMAL,2026-09-10,18,3,Thursday,0.6199999999999992,NORMAL,NORMAL,LOW,2,LOW,LOW,11.374931129476584,20.55,-1.66,87.65203856749311,100.0,60.25,0.19079889807162537,0.59,81,36,2.9421487603305785,10.869106753812636,87.4238779956427,0.1841830065359477,88,39,2.821350762527233
CONT_004,2026-09-10 18:55:25.415033,Mango,10.92,85.74,0.06,NORMAL,2026-09-10,18,3,Thursday,0.9199999999999999,NORMAL,NORMAL,LOW,2,LOW,LOW,11.374931129476584,20.55,-1.66,87.65203856749311,100.0,60.25,0.19079889807162537,0.59,81,36,2.9421487603305785,11.575468085106383,86.43734042553191,0.19323404255319152,97,51,2.6893617021276595
CONT_005,2026-09-10 18:55:27.421704,Mango,12.66,88.28,0.09,NORMAL,2026-09-10,18,3,Thursday,2.66,NORMAL,NORMAL,LOW,2,LOW,LOW,11.204625668449196,20.93,-1.87,87.44355614973261,100.0,60.03,0.18794117647058825,0.59,62,40,2.8181818181818183,11.575468085106383,86.43734042553191,0.19323404255319152,97,51,2.6893617021276595
CONT_003,2026-09-10 18:55:29.427536,Tomato,10.73,94.12,0.11,NORMAL,2026-09-10,18,3,Thursday,0.7300000000000004,NORMAL,WARNING,LOW,3,MEDIUM,MEDIUM,11.193441734417345,19.75,-0.44,87.76967479674796,100.0,60.02,0.19691056910569105,0.59,82,37,2.934959349593496,10.869106753812636,87.4238779956427,0.1841830065359477,88,39,2.821350762527233
CONT_004,2026-09-10 18:55:31.435029,Banana,13.37,92.69,0.17,NORMAL,2026-09-10,18,3,Thursday,3.369999999999999,NORMAL,WARNING,LOW,3,MEDIUM,MEDIUM,11.374931129476584,20.55,-1.66,87.65203856749311,100.0,60.25,0.19079889807162537,0.59,81,36,2.9421487603305785,13.473140096618359,88.16468599033817,0.1929951690821256,96,41,3.1594202898550723
CONT_004,2026-09-10 18:55:33.439491,Mango,10.0,85.56,0.07,NORMAL,2026-09-10,18,3,Thursday,0.0,NORMAL,NORMAL,LOW,2,LOW,LOW,11.374931129476584,20.55,-1.66,87.65203856749311,100.0,60.25,0.19079889807162537,0.59,81,36,2.9421487603305785,11.575468085106383,86.43734042553191,0.19323404255319152,97,51,2.6893617021276595
CONT_003,2026-09-10 18:55:35.446840,Avocado,12.0,88.87,0.09,NORMAL,2026-09-10,18,3,Thursday,2.0,NORMAL,NORMAL,LOW,2,LOW,LOW,11.193441734417345,19.75,-0.44,87.76967479674796,100.0,60.02,0.19691056910569105,0.59,82,37,2.934959349593496,9.129162895927601,88.95671945701358,0.19472850678733034,71,53,2.9524886877828056
CONT_005,2026-09-10 18:55:37.450359,Avocado,11.42,94.18,0.13,NORMAL,2026-09-10,18,3,Thursday,1.42,NORMAL,WARNING,LOW,3,MEDIUM,MEDIUM,11.204625668449196,20.93,-1.87,87.44355614973261,100.0,60.03,0.18794117647058825,0.59,62,40,2.8181818181818183,9.129162895927601,88.95671945701358,0.19472850678733034,71,53,2.9524886877828056
CONT_002,2026-09-10 18:55:39.453421,Banana,13.96,94.91,0.09,NORMAL,2026-09-10,18,3,Thursday,3.960000000000001,NORMAL,WARNING,LOW,3,MEDIUM,MEDIUM,11.068997050147493,20.03,-1.92,88.139203539823,100.0,61.48,0.18805309734513273,0.6,65,35,2.8997050147492627,13.473140096618359,88.16468599033817,0.1929951690821256,96,41,3.1594202898550723
CONT_005,2026-09-10 18:55:41.459161,Banana,10.46,100.0,0.3,WARNING,2026-09-10,18,3,Thursday,0.46000000000000085,NORMAL,CRITICAL,MEDIUM,5,HIGH,HIGH,11.204625668449196,20.93,-1.87,87.44355614973261,100.0,60.03,0.18794117647058825,0.59,62,40,2.8181818181818183,13.473140096618359,88.16468599033817,0.1929951690821256,96,41,3.1594202898550723
CONT_002,2026-09-10 18:55:43.462740,Avocado,10.84,90.47,0.19,NORMAL,2026-09-10,18,3,Thursday,0.8399999999999999,NORMAL,WARNING,LOW,3,MEDIUM,MEDIUM,11.068997050147493,20.03,-1.92,88.139203539823,100.0,61.48,0.18805309734513273,0.6,65,35,2.8997050147492627,9.129162895927601,88.95671945701358,0.19472850678733034,71,53,2.9524886877828056
CONT_004,2026-09-10 18:55:45.465420,Mango,11.65,86.11,0.14,NORMAL,2026-09-10,18,3,Thursday,1.6500000000000004,NORMAL,NORMAL,LOW,2,LOW,LOW,11.374931129476584,20.55,-1.66,87.65203856749311,100.0,60.25,0.19079889807162537,0.59,81,36,2.9421487603305785,11.575468085106383,86.43734042553191,0.19323404255319152,97,51,2.6893617021276595
CONT_002,2026-09-10 18:55:47.468648,Mango,10.93,86.62,0.06,NORMAL,2026-09-10,18,3,Thursday,0.9299999999999997,NORMAL,NORMAL,LOW,2,LOW,LOW,11.068997050147493,20.03,-1.92,88.139203539823,100.0,61.48,0.18805309734513273,0.6,65,35,2.8997050147492627,11.575468085106383,86.43734042553191,0.19323404255319152,97,51,2.6893617021276595
CONT_003,2026-09-10 18:55:49.473866,Mango,10.91,86.64,0.2,NORMAL,2026-09-10,18,3,Thursday,0.9100000000000001,NORMAL,NORMAL,LOW,2,LOW,LOW,11.193441734417345,19.75,-0.44,87.76967479674796,100.0,60.02,0.19691056910569105,0.59,82,37,2.934959349593496,11.575468085106383,86.43734042553191,0.19323404255319152,97,51,2.6893617021276595
CONT_004,2026-09-10 18:55:51.478678,Tomato,7.11,100.0,0.31,WARNING,2026-09-10,18,3,Thursday,2.8899999999999997,NORMAL,CRITICAL,MEDIUM,5,HIGH,HIGH,11.374931129476584,20.55,-1.66,87.65203856749311,100.0,60.25,0.19079889807162537,0.59,81,36,2.9421487603305785,10.869106753812636,87.4238779956427,0.1841830065359477,88,39,2.821350762527233
CONT_005,2026-09-10 18:55:53.482363,Mango,14.03,65.69,0.34,WARNING,2026-09-10,18,3,Thursday,4.029999999999999,NORMAL,LOW,MEDIUM,2,LOW,LOW,11.204625668449196,20.93,-1.87,87.44355614973261,100.0,60.03,0.18794117647058825,0.59,62,40,2.8181818181818183,11.575468085106383,86.43734042553191,0.19323404255319152,97,51,2.6893617021276595
CONT_001,2026-09-10 18:55:55.485589,Mango,11.43,89.78,0.16,NORMAL,2026-09-10,18,3,Thursday,1.4299999999999997,NORMAL,NORMAL,LOW,2,LOW,LOW,11.294,20.58,-1.98,87.60111764705883,100.0,60.11,0.19226470588235295,0.59,62,36,2.8941176470588235,11.575468085106383,86.43734042553191,0.19323404255319152,97,51,2.6893617021276595
CONT_001,2026-09-10 18:55:57.488453,Avocado,11.37,85.74,0.1,NORMAL,2026-09-10,18,3,Thursday,1.3699999999999992,NORMAL,NORMAL,LOW,2,LOW,LOW,11.294,20.58,-1.98,87.60111764705883,100.0,60.11,0.19226470588235295,0.59,62,36,2.8941176470588235,9.129162895927601,88.95671945701358,0.19472850678733034,71,53,2.9524886877828056
CONT_002,2026-09-10 18:55:59.496048,Avocado,6.77,93.29,0.15,NORMAL,2026-09-10,18,3,Thursday,3.2300000000000004,NORMAL,WARNING,LOW,3,MEDIUM,MEDIUM,11.068997050147493,20.03,-1.92,88.139203539823,100.0,61.48,0.18805309734513273,0.6,65,35,2.8997050147492627,9.129162895927601,88.95671945701358,0.19472850678733034,71,53,2.9524886877828056
CONT_002,2026-09-10 18:56:01.498535,Avocado,6.1,89.28,0.17,NORMAL,2026-09-10,18,3,Thursday,3.9000000000000004,NORMAL,NORMAL,LOW,2,LOW,LOW,11.068997050147493,20.03,-1.92,88.139203539823,100.0,61.48,0.18805309734513273,0.6,65,35,2.8997050147492627,9.129162895927601,88.95671945701358,0.19472850678733034,71,53,2.9524886877828056
CONT_004,2026-09-10 18:56:03.500914,Mango,12.47,87.46,0.17,NORMAL,2026-09-10,18,3,Thursday,2.4700000000000006,NORMAL,NORMAL,LOW,2,LOW,LOW,11.374931129476584,20.55,-1.66,87.65203856749311,100.0,60.25,0.19079889807162537,0.59,81,36,2.9421487603305785,11.575468085106383,86.43734042553191,0.19323404255319152,97,51,2.6893617021276595
CONT_001,2026-09-10 18:56:05.503690,Tomato,10.85,91.37,0.16,NORMAL,2026-09-10,18,3,Thursday,0.8499999999999996,NORMAL,WARNING,LOW,3,MEDIUM,MEDIUM,11.294,20.58,-1.98,87.60111764705883,100.0,60.11,0.19226470588235295,0.59,62,36,2.8941176470588235,10.869106753812636,87.4238779956427,0.1841830065359477,88,39,2.821350762527233
CONT_001,2026-09-10 18:56:07.509659,Banana,13.07,90.39,0.06,NORMAL,2026-09-10,18,3,Thursday,3.0700000000000003,NORMAL,WARNING,LOW,3,MEDIUM,MEDIUM,11.294,20.58,-1.98,87.60111764705883,100.0,60.11,0.19226470588235295,0.59,62,36,2.8941176470588235,13.473140096618359,88.16468599033817,0.1929951690821256,96,41,3.1594202898550723
CONT_004,2026-09-10 18:56:09.513851,Avocado,-1.33,100.0,0.49,ANOMALY,2026-09-10,18,3,Thursday,11.33,LOW,CRITICAL,HIGH,5,HIGH,HIGH,11.374931129476584,20.55,-1.66,87.65203856749311,100.0,60.25,0.19079889807162537,0.59,81,36,2.9421487603305785,9.129162895927601,88.95671945701358,0.19472850678733034,71,53,2.9524886877828056
CONT_001,2026-09-10 18:56:11.518508,Avocado,2.51,66.43,0.33,WARNING,2026-09-10,18,3,Thursday,7.49,LOW,LOW,MEDIUM,1,LOW,LOW,11.294,20.58,-1.98,87.60111764705883,100.0,60.11,0.19226470588235295,0.59,62,36,2.8941176470588235,9.129162895927601,88.95671945701358,0.19472850678733034,71,53,2.9524886877828056
CONT_003,2026-09-10 18:56:13.521287,Tomato,10.12,88.17,0.12,NORMAL,2026-09-10,18,3,Thursday,0.11999999999999922,NORMAL,NORMAL,LOW,2,LOW,LOW,11.193441734417345,19.75,-0.44,87.76967479674796,100.0,60.02,0.19691056910569105,0.59,82,37,2.934959349593496,10.869106753812636,87.4238779956427,0.1841830065359477,88,39,2.821350762527233
CONT_002,2026-09-10 18:56:15.527384,Banana,13.03,89.68,0.19,NORMAL,2026-09-10,18,3,Thursday,3.0299999999999994,NORMAL,NORMAL,LOW,2,LOW,LOW,11.068997050147493,20.03,-1.92,88.139203539823,100.0,61.48,0.18805309734513273,0.6,65,35,2.8997050147492627,13.473140096618359,88.16468599033817,0.1929951690821256,96,41,3.1594202898550723
CONT_001,2026-09-10 18:56:17.530453,Banana,15.29,67.43,0.26,WARNING,2026-09-10,18,3,Thursday,5.289999999999999,WARNING,LOW,MEDIUM,3,MEDIUM,MEDIUM,11.294,20.58,-1.98,87.60111764705883,100.0,60.11,0.19226470588235295,0.59,62,36,2.8941176470588235,13.473140096618359,88.16468599033817,0.1929951690821256,96,41,3.1594202898550723
CONT_003,2026-09-10 18:56:19.534503,Avocado,8.78,85.84,0.2,NORMAL,2026-09-10,18,3,Thursday,1.2200000000000006,NORMAL,NORMAL,LOW,2,LOW,LOW,11.193441734417345,19.75,-0.44,87.76967479674796,100.0,60.02,0.19691056910569105,0.59,82,37,2.934959349593496,9.129162895927601,88.95671945701358,0.19472850678733034,71,53,2.9524886877828056
CONT_004,2026-09-10 18:56:21.539305,Avocado,0.03,100.0,0.53,ANOMALY,2026-09-10,18,3,Thursday,9.97,LOW,CRITICAL,HIGH,5,HIGH,HIGH,11.374931129476584,20.55,-1.66,87.65203856749311,100.0,60.25,0.19079889807162537,0.59,81,36,2.9421487603305785,9.129162895927601,88.95671945701358,0.19472850678733034,71,53,2.9524886877828056
CONT_001,2026-09-10 18:56:23.549712,Banana,11.51,64.09,0.34,WARNING,2026-09-10,18,3,Thursday,1.5099999999999998,NORMAL,LOW,MEDIUM,2,LOW,LOW,11.294,20.58,-1.98,87.60111764705883,100.0,60.11,0.19226470588235295,0.59,62,36,2.8941176470588235,13.473140096618359,88.16468599033817,0.1929951690821256,96,41,3.1594202898550723
CONT_001,2026-09-10 18:56:25.552718,Banana,13.39,93.43,0.18,NORMAL,2026-09-10,18,3,Thursday,3.3900000000000006,NORMAL,WARNING,LOW,3,MEDIUM,MEDIUM,11.294,20.58,-1.98,87.60111764705883,100.0,60.11,0.19226470588235295,0.59,62,36,2.8941176470588235,13.473140096618359,88.16468599033817,0.1929951690821256,96,41,3.1594202898550723
CONT_005,2026-09-10 18:56:27.558522,Avocado,3.31,69.05,0.27,WARNING,2026-09-10,18,3,Thursday,6.6899999999999995,LOW,LOW,MEDIUM,1,LOW,LOW,11.204625668449196,20.93,-1.87,87.44355614973261,100.0,60.03,0.18794117647058825,0.59,62,40,2.8181818181818183,9.129162895927601,88.95671945701358,0.19472850678733034,71,53,2.9524886877828056
CONT_001,2026-09-10 18:56:29.561503,Banana,19.31,100.0,0.39,ANOMALY,2026-09-10,18,3,Thursday,9.309999999999999,WARNING,CRITICAL,MEDIUM,6,HIGH,HIGH,11.294,20.58,-1.98,87.60111764705883,100.0,60.11,0.19226470588235295,0.59,62,36,2.8941176470588235,13.473140096618359,88.16468599033817,0.1929951690821256,96,41,3.1594202898550723
CONT_004,2026-09-10 18:56:31.563887,Mango,12.0,86.18,0.09,NORMAL,2026-09-10,18,3,Thursday,2.0,NORMAL,NORMAL,LOW,2,LOW,LOW,11.374931129476584,20.55,-1.66,87.65203856749311,100.0,60.25,0.19079889807162537,0.59,81,36,2.9421487603305785,11.575468085106383,86.43734042553191,0.19323404255319152,97,51,2.6893617021276595
CONT_001,2026-09-10 18:56:33.569570,Banana,13.67,90.31,0.19,NORMAL,2026-09-10,18,3,Thursday,3.67,NORMAL,WARNING,LOW,3,MEDIUM,MEDIUM,11.294,20.58,-1.98,87.60111764705883,100.0,60.11,0.19226470588235295,0.59,62,36,2.8941176470588235,13.473140096618359,88.16468599033817,0.1929951690821256,96,41,3.1594202898550723
CONT_001,2026-09-10 18:56:35.603259,Mango,12.9,85.65,0.11,NORMAL,2026-09-10,18,3,Thursday,2.9000000000000004,NORMAL,NORMAL,LOW,2,LOW,LOW,11.294,20.58,-1.98,87.60111764705883,100.0,60.11,0.19226470588235295,0.59,62,36,2.8941176470588235,11.575468085106383,86.43734042553191,0.19323404255319152,97,51,2.6893617021276595
CONT_002,2026-09-10 18:56:37.678149,Banana,13.94,85.63,0.17,NORMAL,2026-09-10,18,3,Thursday,3.9399999999999995,NORMAL,NORMAL,LOW,2,LOW,LOW,11.068997050147493,20.03,-1.92,88.139203539823,100.0,61.48,0.18805309734513273,0.6,65,35,2.8997050147492627,13.473140096618359,88.16468599033817,0.1929951690821256,96,41,3.1594202898550723
CONT_003,2026-09-10 18:56:39.682624,Tomato,5.35,62.3,0.58,ANOMALY,2026-09-10,18,3,Thursday,4.65,NORMAL,LOW,HIGH,3,MEDIUM,MEDIUM,11.193441734417345,19.75,-0.44,87.76967479674796,100.0,60.02,0.19691056910569105,0.59,82,37,2.934959349593496,10.869106753812636,87.4238779956427,0.1841830065359477,88,39,2.821350762527233
CONT_002,2026-09-10 18:56:41.687433,Tomato,13.95,100.0,0.33,WARNING,2026-09-10,18,3,Thursday,3.9499999999999993,NORMAL,CRITICAL,MEDIUM,5,HIGH,HIGH,11.068997050147493,20.03,-1.92,88.139203539823,100.0,61.48,0.18805309734513273,0.6,65,35,2.8997050147492627,10.869106753812636,87.4238779956427,0.1841830065359477,88,39,2.821350762527233
CONT_001,2026-09-10 18:56:43.717583,Banana,13.54,91.53,0.08,NORMAL,2026-09-10,18,3,Thursday,3.539999999999999,NORMAL,WARNING,LOW,3,MEDIUM,MEDIUM,11.294,20.58,-1.98,87.60111764705883,100.0,60.11,0.19226470588235295,0.59,62,36,2.8941176470588235,13.473140096618359,88.16468599033817,0.1929951690821256,96,41,3.1594202898550723
CONT_003,2026-09-10 18:56:45.726664,Avocado,0.72,100.0,0.45,ANOMALY,2026-09-10,18,3,Thursday,9.28,LOW,CRITICAL,HIGH,5,HIGH,HIGH,11.193441734417345,19.75,-0.44,87.76967479674796,100.0,60.02,0.19691056910569105,0.59,82,37,2.934959349593496,9.129162895927601,88.95671945701358,0.19472850678733034,71,53,2.9524886877828056
CONT_004,2026-09-10 18:56:47.727980,Mango,12.41,85.3,0.09,NORMAL,2026-09-10,18,3,Thursday,2.41,NORMAL,NORMAL,LOW,2,LOW,LOW,11.374931129476584,20.55,-1.66,87.65203856749311,100.0,60.25,0.19079889807162537,0.59,81,36,2.9421487603305785,11.575468085106383,86.43734042553191,0.19323404255319152,97,51,2.6893617021276595
CONT_005,2026-09-10 18:56:49.744439,Tomato,11.35,87.69,0.09,NORMAL,2026-09-10,18,3,Thursday,1.3499999999999996,NORMAL,NORMAL,LOW,2,LOW,LOW,11.204625668449196,20.93,-1.87,87.44355614973261,100.0,60.03,0.18794117647058825,0.59,62,40,2.8181818181818183,10.869106753812636,87.4238779956427,0.1841830065359477,88,39,2.821350762527233
CONT_003,2026-09-10 18:56:53.760307,Avocado,10.04,92.99,0.15,NORMAL,2026-09-10,18,3,Thursday,0.03999999999999915,NORMAL,WARNING,LOW,3,MEDIUM,MEDIUM,11.193441734417345,19.75,-0.44,87.76967479674796,100.0,60.02,0.19691056910569105,0.59,82,37,2.934959349593496,9.129162895927601,88.95671945701358,0.19472850678733034,71,53,2.9524886877828056
CONT_005,2026-09-10 18:56:55.990094,Avocado,6.5,93.8,0.14,NORMAL,2026-09-10,18,3,Thursday,3.5,NORMAL,WARNING,LOW,3,MEDIUM,MEDIUM,11.204625668449196,20.93,-1.87,87.44355614973261,100.0,60.03,0.18794117647058825,0.59,62,40,2.8181818181818183,9.129162895927601,88.95671945701358,0.19472850678733034,71,53,2.9524886877828056
CONT_002,2026-09-10 18:56:58.111266,Mango,10.64,85.39,0.15,NORMAL,2026-09-10,18,3,Thursday,0.6400000000000006,NORMAL,NORMAL,LOW,2,LOW,LOW,11.068997050147493,20.03,-1.92,88.139203539823,100.0,61.48,0.18805309734513273,0.6,65,35,2.8997050147492627,11.575468085106383,86.43734042553191,0.19323404255319152,97,51,2.6893617021276595
CONT_005,2026-09-10 18:57:00.114422,Avocado,8.49,87.94,0.09,NORMAL,2026-09-10,18,3,Thursday,1.5099999999999998,NORMAL,NORMAL,LOW,2,LOW,LOW,11.204625668449196,20.93,-1.87,87.44355614973261,100.0,60.03,0.18794117647058825,0.59,62,40,2.8181818181818183,9.129162895927601,88.95671945701358,0.19472850678733034,71,53,2.9524886877828056
CONT_002,2026-09-10 18:57:02.118062,Banana,13.09,93.31,0.09,NORMAL,2026-09-10,18,3,Thursday,3.09,NORMAL,WARNING,LOW,3,MEDIUM,MEDIUM,11.068997050147493,20.03,-1.92,88.139203539823,100.0,61.48,0.18805309734513273,0.6,65,35,2.8997050147492627,13.473140096618359,88.16468599033817,0.1929951690821256,96,41,3.1594202898550723
CONT_004,2026-09-10 18:57:04.134488,Tomato,11.93,90.18,0.11,NORMAL,2026-09-10,18,3,Thursday,1.9299999999999997,NORMAL,WARNING,LOW,3,MEDIUM,MEDIUM,11.374931129476584,20.55,-1.66,87.65203856749311,100.0,60.25,0.19079889807162537,0.59,81,36,2.9421487603305785,10.869106753812636,87.4238779956427,0.1841830065359477,88,39,2.821350762527233
CONT_004,2026-09-10 18:57:06.171106,Avocado,12.89,89.64,0.05,NORMAL,2026-09-10,18,3,Thursday,2.8900000000000006,NORMAL,NORMAL,LOW,2,LOW,LOW,11.374931129476584,20.55,-1.66,87.65203856749311,100.0,60.25,0.19079889807162537,0.59,81,36,2.9421487603305785,9.129162895927601,88.95671945701358,0.19472850678733034,71,53,2.9524886877828056
CONT_005,2026-09-10 18:57:09.016731,Avocado,17.67,69.71,0.41,ANOMALY,2026-09-10,18,3,Thursday,7.670000000000002,WARNING,LOW,HIGH,4,MEDIUM,MEDIUM,11.204625668449196,20.93,-1.87,87.44355614973261,100.0,60.03,0.18794117647058825,0.59,62,40,2.8181818181818183,9.129162895927601,88.95671945701358,0.19472850678733034,71,53,2.9524886877828056
CONT_003,2026-09-10 18:57:11.025393,Banana,13.08,92.9,0.06,NORMAL,2026-09-10,18,3,Thursday,3.08,NORMAL,WARNING,LOW,3,MEDIUM,MEDIUM,11.193441734417345,19.75,-0.44,87.76967479674796,100.0,60.02,0.19691056910569105,0.59,82,37,2.934959349593496,13.473140096618359,88.16468599033817,0.1929951690821256,96,41,3.1594202898550723
CONT_001,2026-09-10 18:57:13.028324,Tomato,10.45,94.31,0.17,NORMAL,2026-09-10,18,3,Thursday,0.4499999999999993,NORMAL,WARNING,LOW,3,MEDIUM,MEDIUM,11.294,20.58,-1.98,87.60111764705883,100.0,60.11,0.19226470588235295,0.59,62,36,2.8941176470588235,10.869106753812636,87.4238779956427,0.1841830065359477,88,39,2.821350762527233
CONT_004,2026-09-10 18:57:15.032181,Mango,8.68,100.0,0.29,WARNING,2026-09-10,18,3,Thursday,1.3200000000000003,NORMAL,CRITICAL,MEDIUM,5,HIGH,HIGH,11.374931129476584,20.55,-1.66,87.65203856749311,100.0,60.25,0.19079889807162537,0.59,81,36,2.9421487603305785,11.575468085106383,86.43734042553191,0.19323404255319152,97,51,2.6893617021276595
CONT_002,2026-09-10 18:57:17.037062,Mango,18.14,100.0,0.59,ANOMALY,2026-09-10,18,3,Thursday,8.14,WARNING,CRITICAL,HIGH,7,CRITICAL,CRITICAL,11.068997050147493,20.03,-1.92,88.139203539823,100.0,61.48,0.18805309734513273,0.6,65,35,2.8997050147492627,11.575468085106383,86.43734042553191,0.19323404255319152,97,51,2.6893617021276595
CONT_005,2026-09-10 18:57:19.043541,Tomato,11.35,85.96,0.07,NORMAL,2026-09-10,18,3,Thursday,1.3499999999999996,NORMAL,NORMAL,LOW,2,LOW,LOW,11.204625668449196,20.93,-1.87,87.44355614973261,100.0,60.03,0.18794117647058825,0.59,62,40,2.8181818181818183,10.869106753812636,87.4238779956427,0.1841830065359477,88,39,2.821350762527233
CONT_003,2026-09-10 18:57:21.046299,Mango,8.36,100.0,0.31,WARNING,2026-09-10,18,3,Thursday,1.6400000000000006,NORMAL,CRITICAL,MEDIUM,5,HIGH,HIGH,11.193441734417345,19.75,-0.44,87.76967479674796,100.0,60.02,0.19691056910569105,0.59,82,37,2.934959349593496,11.575468085106383,86.43734042553191,0.19323404255319152,97,51,2.6893617021276595
CONT_001,2026-09-10 18:57:23.050366,Mango,12.26,85.17,0.2,NORMAL,2026-09-10,18,3,Thursday,2.26,NORMAL,NORMAL,LOW,2,LOW,LOW,11.294,20.58,-1.98,87.60111764705883,100.0,60.11,0.19226470588235295,0.59,62,36,2.8941176470588235,11.575468085106383,86.43734042553191,0.19323404255319152,97,51,2.6893617021276595
CONT_001,2026-09-10 18:57:25.055766,Avocado,11.0,89.66,0.14,NORMAL,2026-09-10,18,3,Thursday,1.0,NORMAL,NORMAL,LOW,2,LOW,LOW,11.294,20.58,-1.98,87.60111764705883,100.0,60.11,0.19226470588235295,0.59,62,36,2.8941176470588235,9.129162895927601,88.95671945701358,0.19472850678733034,71,53,2.9524886877828056
CONT_001,2026-09-10 18:57:27.062344,Tomato,10.03,88.59,0.19,NORMAL,2026-09-10,18,3,Thursday,0.02999999999999936,NORMAL,NORMAL,LOW,2,LOW,LOW,11.294,20.58,-1.98,87.60111764705883,100.0,60.11,0.19226470588235295,0.59,62,36,2.8941176470588235,10.869106753812636,87.4238779956427,0.1841830065359477,88,39,2.821350762527233
CONT_001,2026-09-10 18:57:29.065035,Mango,10.96,87.03,0.18,NORMAL,2026-09-10,18,3,Thursday,0.9600000000000009,NORMAL,NORMAL,LOW,2,LOW,LOW,11.294,20.58,-1.98,87.60111764705883,100.0,60.11,0.19226470588235295,0.59,62,36,2.8941176470588235,11.575468085106383,86.43734042553191,0.19323404255319152,97,51,2.6893617021276595
CONT_003,2026-09-10 18:57:31.069012,Mango,15.52,100.0,0.35,WARNING,2026-09-10,18,3,Thursday,5.52,WARNING,CRITICAL,MEDIUM,6,HIGH,HIGH,11.193441734417345,19.75,-0.44,87.76967479674796,100.0,60.02,0.19691056910569105,0.59,82,37,2.934959349593496,11.575468085106383,86.43734042553191,0.19323404255319152,97,51,2.6893617021276595
CONT_001,2026-09-10 18:57:33.075182,Avocado,8.31,86.36,0.18,NORMAL,2026-09-10,18,3,Thursday,1.6899999999999995,NORMAL,NORMAL,LOW,2,LOW,LOW,11.294,20.58,-1.98,87.60111764705883,100.0,60.11,0.19226470588235295,0.59,62,36,2.8941176470588235,9.129162895927601,88.95671945701358,0.19472850678733034,71,53,2.9524886877828056
CONT_002,2026-09-10 18:57:35.078881,Tomato,7.93,74.72,0.32,WARNING,2026-09-10,18,3,Thursday,2.0700000000000003,NORMAL,NORMAL,MEDIUM,3,MEDIUM,MEDIUM,11.068997050147493,20.03,-1.92,88.139203539823,100.0,61.48,0.18805309734513273,0.6,65,35,2.8997050147492627,10.869106753812636,87.4238779956427,0.1841830065359477,88,39,2.821350762527233
CONT_002,2026-09-10 18:57:37.385909,Mango,18.94,74.26,0.41,ANOMALY,2026-09-10,18,3,Thursday,8.940000000000001,WARNING,NORMAL,HIGH,5,HIGH,HIGH,11.068997050147493,20.03,-1.92,88.139203539823,100.0,61.48,0.18805309734513273,0.6,65,35,2.8997050147492627,11.575468085106383,86.43734042553191,0.19323404255319152,97,51,2.6893617021276595
CONT_004,2026-09-10 18:57:41.030316,Banana,11.14,74.11,0.22,WARNING,2026-09-10,18,3,Thursday,1.1400000000000006,NORMAL,NORMAL,MEDIUM,3,MEDIUM,MEDIUM,11.374931129476584,20.55,-1.66,87.65203856749311,100.0,60.25,0.19079889807162537,0.59,81,36,2.9421487603305785,13.473140096618359,88.16468599033817,0.1929951690821256,96,41,3.1594202898550723
CONT_003,2026-09-10 18:57:43.101593,Banana,13.66,88.46,0.12,NORMAL,2026-09-10,18,3,Thursday,3.66,NORMAL,NORMAL,LOW,2,LOW,LOW,11.193441734417345,19.75,-0.44,87.76967479674796,100.0,60.02,0.19691056910569105,0.59,82,37,2.934959349593496,13.473140096618359,88.16468599033817,0.1929951690821256,96,41,3.1594202898550723
CONT_005,2026-09-10 18:57:45.234391,Banana,13.06,94.05,0.06,NORMAL,2026-09-10,18,3,Thursday,3.0600000000000005,NORMAL,WARNING,LOW,3,MEDIUM,MEDIUM,11.204625668449196,20.93,-1.87,87.44355614973261,100.0,60.03,0.18794117647058825,0.59,62,40,2.8181818181818183,13.473140096618359,88.16468599033817,0.1929951690821256,96,41,3.1594202898550723
CONT_001,2026-09-10 18:57:47.247465,Tomato,10.24,85.96,0.09,NORMAL,2026-09-10,18,3,Thursday,0.2400000000000002,NORMAL,NORMAL,LOW,2,LOW,LOW,11.294,20.58,-1.98,87.60111764705883,100.0,60.11,0.19226470588235295,0.59,62,36,2.8941176470588235,10.869106753812636,87.4238779956427,0.1841830065359477,88,39,2.821350762527233
CONT_002,2026-09-10 18:57:49.251349,Tomato,11.97,86.55,0.19,NORMAL,2026-09-10,18,3,Thursday,1.9700000000000006,NORMAL,NORMAL,LOW,2,LOW,LOW,11.068997050147493,20.03,-1.92,88.139203539823,100.0,61.48,0.18805309734513273,0.6,65,35,2.8997050147492627,10.869106753812636,87.4238779956427,0.1841830065359477,88,39,2.821350762527233
CONT_005,2026-09-10 18:57:51.260222,Banana,13.66,93.71,0.16,NORMAL,2026-09-10,18,3,Thursday,3.66,NORMAL,WARNING,LOW,3,MEDIUM,MEDIUM,11.204625668449196,20.93,-1.87,87.44355614973261,100.0,60.03,0.18794117647058825,0.59,62,40,2.8181818181818183,13.473140096618359,88.16468599033817,0.1929951690821256,96,41,3.1594202898550723
CONT_002,2026-09-10 18:57:53.264367,Banana,13.47,91.54,0.15,NORMAL,2026-09-10,18,3,Thursday,3.4700000000000006,NORMAL,WARNING,LOW,3,MEDIUM,MEDIUM,11.068997050147493,20.03,-1.92,88.139203539823,100.0,61.48,0.18805309734513273,0.6,65,35,2.8997050147492627,13.473140096618359,88.16468599033817,0.1929951690821256,96,41,3.1594202898550723
CONT_002,2026-09-10 18:57:55.949253,Tomato,11.74,92.43,0.14,NORMAL,2026-09-10,18,3,Thursday,1.7400000000000002,NORMAL,WARNING,LOW,3,MEDIUM,MEDIUM,11.068997050147493,20.03,-1.92,88.139203539823,100.0,61.48,0.18805309734513273,0.6,65,35,2.8997050147492627,10.869106753812636,87.4238779956427,0.1841830065359477,88,39,2.821350762527233
CONT_005,2026-09-10 18:57:58.154967,Banana,8.72,100.0,0.53,ANOMALY,2026-09-10,18,3,Thursday,1.2799999999999994,NORMAL,CRITICAL,HIGH,6,HIGH,HIGH,11.204625668449196,20.93,-1.87,87.44355614973261,100.0,60.03,0.18794117647058825,0.59,62,40,2.8181818181818183,13.473140096618359,88.16468599033817,0.1929951690821256,96,41,3.1594202898550723
CONT_005,2026-09-10 18:58:00.183548,Mango,14.86,68.13,0.21,WARNING,2026-09-10,18,3,Thursday,4.859999999999999,NORMAL,LOW,MEDIUM,2,LOW,LOW,11.204625668449196,20.93,-1.87,87.44355614973261,100.0,60.03,0.18794117647058825,0.59,62,40,2.8181818181818183,11.575468085106383,86.43734042553191,0.19323404255319152,97,51,2.6893617021276595
CONT_001,2026-09-10 18:58:02.186859,Mango,10.86,85.3,0.07,NORMAL,2026-09-10,18,3,Thursday,0.8599999999999994,NORMAL,NORMAL,LOW,2,LOW,LOW,11.294,20.58,-1.98,87.60111764705883,100.0,60.11,0.19226470588235295,0.59,62,36,2.8941176470588235,11.575468085106383,86.43734042553191,0.19323404255319152,97,51,2.6893617021276595
CONT_004,2026-09-10 18:58:04.195966,Mango,8.76,100.0,0.35,WARNING,2026-09-10,18,3,Thursday,1.2400000000000002,NORMAL,CRITICAL,MEDIUM,5,HIGH,HIGH,11.374931129476584,20.55,-1.66,87.65203856749311,100.0,60.25,0.19079889807162537,0.59,81,36,2.9421487603305785,11.575468085106383,86.43734042553191,0.19323404255319152,97,51,2.6893617021276595
CONT_003,2026-09-10 18:58:06.199901,Avocado,9.75,88.33,0.05,NORMAL,2026-09-10,18,3,Thursday,0.25,NORMAL,NORMAL,LOW,2,LOW,LOW,11.193441734417345,19.75,-0.44,87.76967479674796,100.0,60.02,0.19691056910569105,0.59,82,37,2.934959349593496,9.129162895927601,88.95671945701358,0.19472850678733034,71,53,2.9524886877828056
CONT_004,2026-09-10 18:58:08.528933,Tomato,13.62,100.0,0.28,WARNING,2026-09-10,18,3,Thursday,3.619999999999999,NORMAL,CRITICAL,MEDIUM,5,HIGH,HIGH,11.374931129476584,20.55,-1.66,87.65203856749311,100.0,60.25,0.19079889807162537,0.59,81,36,2.9421487603305785,10.869106753812636,87.4238779956427,0.1841830065359477,88,39,2.821350762527233
CONT_003,2026-09-10 18:58:10.534182,Avocado,11.53,91.91,0.12,NORMAL,2026-09-10,18,3,Thursday,1.5299999999999994,NORMAL,WARNING,LOW,3,MEDIUM,MEDIUM,11.193441734417345,19.75,-0.44,87.76967479674796,100.0,60.02,0.19691056910569105,0.59,82,37,2.934959349593496,9.129162895927601,88.95671945701358,0.19472850678733034,71,53,2.9524886877828056
CONT_001,2026-09-10 18:58:12.549015,Avocado,7.22,89.95,0.15,NORMAL,2026-09-10,18,3,Thursday,2.7800000000000002,NORMAL,NORMAL,LOW,2,LOW,LOW,11.294,20.58,-1.98,87.60111764705883,100.0,60.11,0.19226470588235295,0.59,62,36,2.8941176470588235,9.129162895927601,88.95671945701358,0.19472850678733034,71,53,2.9524886877828056
CONT_003,2026-09-10 18:58:14.746719,Tomato,10.46,90.61,0.16,NORMAL,2026-09-10,18,3,Thursday,0.46000000000000085,NORMAL,WARNING,LOW,3,MEDIUM,MEDIUM,11.193441734417345,19.75,-0.44,87.76967479674796,100.0,60.02,0.19691056910569105,0.59,82,37,2.934959349593496,10.869106753812636,87.4238779956427,0.1841830065359477,88,39,2.821350762527233
CONT_001,2026-09-10 18:58:16.940993,Banana,13.81,89.24,0.15,NORMAL,2026-09-10,18,3,Thursday,3.8100000000000005,NORMAL,NORMAL,LOW,2,LOW,LOW,11.294,20.58,-1.98,87.60111764705883,100.0,60.11,0.19226470588235295,0.59,62,36,2.8941176470588235,13.473140096618359,88.16468599033817,0.1929951690821256,96,41,3.1594202898550723
CONT_005,2026-09-10 18:58:18.944268,Tomato,10.48,91.21,0.05,NORMAL,2026-09-10,18,3,Thursday,0.4800000000000004,NORMAL,WARNING,LOW,3,MEDIUM,MEDIUM,11.204625668449196,20.93,-1.87,87.44355614973261,100.0,60.03,0.18794117647058825,0.59,62,40,2.8181818181818183,10.869106753812636,87.4238779956427,0.1841830065359477,88,39,2.821350762527233
CONT_002,2026-09-10 18:58:20.964506,Tomato,10.12,88.99,0.13,NORMAL,2026-09-10,18,3,Thursday,0.11999999999999922,NORMAL,NORMAL,LOW,2,LOW,LOW,11.068997050147493,20.03,-1.92,88.139203539823,100.0,61.48,0.18805309734513273,0.6,65,35,2.8997050147492627,10.869106753812636,87.4238779956427,0.1841830065359477,88,39,2.821350762527233
CONT_001,2026-09-10 18:58:23.161590,Tomato,10.37,85.11,0.14,NORMAL,2026-09-10,18,3,Thursday,0.3699999999999992,NORMAL,NORMAL,LOW,2,LOW,LOW,11.294,20.58,-1.98,87.60111764705883,100.0,60.11,0.19226470588235295,0.59,62,36,2.8941176470588235,10.869106753812636,87.4238779956427,0.1841830065359477,88,39,2.821350762527233
CONT_004,2026-09-10 18:58:25.997908,Mango,10.2,87.07,0.16,NORMAL,2026-09-10,18,3,Thursday,0.1999999999999993,NORMAL,NORMAL,LOW,2,LOW,LOW,11.374931129476584,20.55,-1.66,87.65203856749311,100.0,60.25,0.19079889807162537,0.59,81,36,2.9421487603305785,11.575468085106383,86.43734042553191,0.19323404255319152,97,51,2.6893617021276595
CONT_002,2026-09-10 18:58:28.001552,Banana,11.69,67.09,0.31,WARNING,2026-09-10,18,3,Thursday,1.6899999999999995,NORMAL,LOW,MEDIUM,2,LOW,LOW,11.068997050147493,20.03,-1.92,88.139203539823,100.0,61.48,0.18805309734513273,0.6,65,35,2.8997050147492627,13.473140096618359,88.16468599033817,0.1929951690821256,96,41,3.1594202898550723
CONT_004,2026-09-10 18:58:30.304696,Mango,8.46,62.57,0.3,WARNING,2026-09-10,18,3,Thursday,1.5399999999999991,NORMAL,LOW,MEDIUM,2,LOW,LOW,11.374931129476584,20.55,-1.66,87.65203856749311,100.0,60.25,0.19079889807162537,0.59,81,36,2.9421487603305785,11.575468085106383,86.43734042553191,0.19323404255319152,97,51,2.6893617021276595
CONT_004,2026-09-10 18:58:32.308049,Banana,10.41,100.0,0.28,WARNING,2026-09-10,18,3,Thursday,0.41000000000000014,NORMAL,CRITICAL,MEDIUM,5,HIGH,HIGH,11.374931129476584,20.55,-1.66,87.65203856749311,100.0,60.25,0.19079889807162537,0.59,81,36,2.9421487603305785,13.473140096618359,88.16468599033817,0.1929951690821256,96,41,3.1594202898550723
CONT_002,2026-09-10 18:58:34.311587,Mango,12.56,85.61,0.07,NORMAL,2026-09-10,18,3,Thursday,2.5600000000000005,NORMAL,NORMAL,LOW,2,LOW,LOW,11.068997050147493,20.03,-1.92,88.139203539823,100.0,61.48,0.18805309734513273,0.6,65,35,2.8997050147492627,11.575468085106383,86.43734042553191,0.19323404255319152,97,51,2.6893617021276595
CONT_003,2026-09-10 18:58:36.315224,Mango,10.76,87.55,0.12,NORMAL,2026-09-10,18,3,Thursday,0.7599999999999998,NORMAL,NORMAL,LOW,2,LOW,LOW,11.193441734417345,19.75,-0.44,87.76967479674796,100.0,60.02,0.19691056910569105,0.59,82,37,2.934959349593496,11.575468085106383,86.43734042553191,0.19323404255319152,97,51,2.6893617021276595
CONT_001,2026-09-10 18:58:38.323027,Banana,13.49,94.87,0.14,NORMAL,2026-09-10,18,3,Thursday,3.49,NORMAL,WARNING,LOW,3,MEDIUM,MEDIUM,11.294,20.58,-1.98,87.60111764705883,100.0,60.11,0.19226470588235295,0.59,62,36,2.8941176470588235,13.473140096618359,88.16468599033817,0.1929951690821256,96,41,3.1594202898550723
CONT_003,2026-09-10 18:58:40.325570,Avocado,17.95,100.0,0.49,ANOMALY,2026-09-10,18,3,Thursday,7.949999999999999,WARNING,CRITICAL,HIGH,7,CRITICAL,CRITICAL,11.193441734417345,19.75,-0.44,87.76967479674796,100.0,60.02,0.19691056910569105,0.59,82,37,2.934959349593496,9.129162895927601,88.95671945701358,0.19472850678733034,71,53,2.9524886877828056
CONT_002,2026-09-10 18:58:42.498777,Avocado,12.71,88.54,0.06,NORMAL,2026-09-10,18,3,Thursday,2.710000000000001,NORMAL,NORMAL,LOW,2,LOW,LOW,11.068997050147493,20.03,-1.92,88.139203539823,100.0,61.48,0.18805309734513273,0.6,65,35,2.8997050147492627,9.129162895927601,88.95671945701358,0.19472850678733034,71,53,2.9524886877828056
CONT_005,2026-09-10 18:58:44.531621,Mango,12.27,85.18,0.07,NORMAL,2026-09-10,18,3,Thursday,2.2699999999999996,NORMAL,NORMAL,LOW,2,LOW,LOW,11.204625668449196,20.93,-1.87,87.44355614973261,100.0,60.03,0.18794117647058825,0.59,62,40,2.8181818181818183,11.575468085106383,86.43734042553191,0.19323404255319152,97,51,2.6893617021276595
CONT_004,2026-09-10 18:58:47.365356,Tomato,17.34,73.13,0.51,ANOMALY,2026-09-10,18,3,Thursday,7.34,WARNING,NORMAL,HIGH,5,HIGH,HIGH,11.374931129476584,20.55,-1.66,87.65203856749311,100.0,60.25,0.19079889807162537,0.59,81,36,2.9421487603305785,10.869106753812636,87.4238779956427,0.1841830065359477,88,39,2.821350762527233
CONT_002,2026-09-10 18:58:49.467681,Tomato,11.53,91.82,0.12,NORMAL,2026-09-10,18,3,Thursday,1.5299999999999994,NORMAL,WARNING,LOW,3,MEDIUM,MEDIUM,11.068997050147493,20.03,-1.92,88.139203539823,100.0,61.48,0.18805309734513273,0.6,65,35,2.8997050147492627,10.869106753812636,87.4238779956427,0.1841830065359477,88,39,2.821350762527233
CONT_003,2026-09-10 18:58:51.474128,Tomato,10.56,94.6,0.12,NORMAL,2026-09-10,18,3,Thursday,0.5600000000000005,NORMAL,WARNING,LOW,3,MEDIUM,MEDIUM,11.193441734417345,19.75,-0.44,87.76967479674796,100.0,60.02,0.19691056910569105,0.59,82,37,2.934959349593496,10.869106753812636,87.4238779956427,0.1841830065359477,88,39,2.821350762527233
CONT_005,2026-09-10 18:58:54.309262,Banana,15.28,100.0,0.26,WARNING,2026-09-10,18,3,Thursday,5.279999999999999,WARNING,CRITICAL,MEDIUM,6,HIGH,HIGH,11.204625668449196,20.93,-1.87,87.44355614973261,100.0,60.03,0.18794117647058825,0.59,62,40,2.8181818181818183,13.473140096618359,88.16468599033817,0.1929951690821256,96,41,3.1594202898550723
CONT_005,2026-09-10 18:58:56.896366,Avocado,12.09,89.82,0.15,NORMAL,2026-09-10,18,3,Thursday,2.09,NORMAL,NORMAL,LOW,2,LOW,LOW,11.204625668449196,20.93,-1.87,87.44355614973261,100.0,60.03,0.18794117647058825,0.59,62,40,2.8181818181818183,9.129162895927601,88.95671945701358,0.19472850678733034,71,53,2.9524886877828056
CONT_003,2026-09-10 18:58:58.916133,Banana,10.96,100.0,0.23,WARNING,2026-09-10,18,3,Thursday,0.9600000000000009,NORMAL,CRITICAL,MEDIUM,5,HIGH,HIGH,11.193441734417345,19.75,-0.44,87.76967479674796,100.0,60.02,0.19691056910569105,0.59,82,37,2.934959349593496,13.473140096618359,88.16468599033817,0.1929951690821256,96,41,3.1594202898550723
CONT_005,2026-09-10 18:59:00.921588,Banana,13.59,87.57,0.08,NORMAL,2026-09-10,18,3,Thursday,3.59,NORMAL,NORMAL,LOW,2,LOW,LOW,11.204625668449196,20.93,-1.87,87.44355614973261,100.0,60.03,0.18794117647058825,0.59,62,40,2.8181818181818183,13.473140096618359,88.16468599033817,0.1929951690821256,96,41,3.1594202898550723
CONT_005,2026-09-10 18:59:02.926642,Mango,10.78,86.51,0.16,NORMAL,2026-09-10,18,3,Thursday,0.7799999999999994,NORMAL,NORMAL,LOW,2,LOW,LOW,11.204625668449196,20.93,-1.87,87.44355614973261,100.0,60.03,0.18794117647058825,0.59,62,40,2.8181818181818183,11.575468085106383,86.43734042553191,0.19323404255319152,97,51,2.6893617021276595
CONT_005,2026-09-10 18:59:05.065505,Tomato,10.54,93.34,0.19,NORMAL,2026-09-10,18,3,Thursday,0.5399999999999991,NORMAL,WARNING,LOW,3,MEDIUM,MEDIUM,11.204625668449196,20.93,-1.87,87.44355614973261,100.0,60.03,0.18794117647058825,0.59,62,40,2.8181818181818183,10.869106753812636,87.4238779956427,0.1841830065359477,88,39,2.821350762527233
CONT_002,2026-09-10 18:59:07.074648,Tomato,10.23,93.13,0.08,NORMAL,2026-09-10,18,3,Thursday,0.23000000000000043,NORMAL,WARNING,LOW,3,MEDIUM,MEDIUM,11.068997050147493,20.03,-1.92,88.139203539823,100.0,61.48,0.18805309734513273,0.6,65,35,2.8997050147492627,10.869106753812636,87.4238779956427,0.1841830065359477,88,39,2.821350762527233
CONT_001,2026-09-10 18:59:09.077654,Avocado,3.61,72.83,0.3,WARNING,2026-09-10,18,3,Thursday,6.390000000000001,LOW,NORMAL,MEDIUM,2,LOW,LOW,11.294,20.58,-1.98,87.60111764705883,100.0,60.11,0.19226470588235295,0.59,62,36,2.8941176470588235,9.129162895927601,88.95671945701358,0.19472850678733034,71,53,2.9524886877828056
CONT_004,2026-09-10 18:59:11.080055,Avocado,5.92,92.5,0.17,NORMAL,2026-09-10,18,3,Thursday,4.08,NORMAL,WARNING,LOW,3,MEDIUM,MEDIUM,11.374931129476584,20.55,-1.66,87.65203856749311,100.0,60.25,0.19079889807162537,0.59,81,36,2.9421487603305785,9.129162895927601,88.95671945701358,0.19472850678733034,71,53,2.9524886877828056
CONT_003,2026-09-10 18:59:13.083046,Banana,10.43,100.0,0.35,WARNING,2026-09-10,18,3,Thursday,0.4299999999999997,NORMAL,CRITICAL,MEDIUM,5,HIGH,HIGH,11.193441734417345,19.75,-0.44,87.76967479674796,100.0,60.02,0.19691056910569105,0.59,82,37,2.934959349593496,13.473140096618359,88.16468599033817,0.1929951690821256,96,41,3.1594202898550723
CONT_001,2026-09-10 18:59:15.085960,Banana,13.47,91.33,0.09,NORMAL,2026-09-10,18,3,Thursday,3.4700000000000006,NORMAL,WARNING,LOW,3,MEDIUM,MEDIUM,11.294,20.58,-1.98,87.60111764705883,100.0,60.11,0.19226470588235295,0.59,62,36,2.8941176470588235,13.473140096618359,88.16468599033817,0.1929951690821256,96,41,3.1594202898550723
CONT_001,2026-09-10 18:59:17.091405,Mango,11.03,86.8,0.05,NORMAL,2026-09-10,18,3,Thursday,1.0299999999999994,NORMAL,NORMAL,LOW,2,LOW,LOW,11.294,20.58,-1.98,87.60111764705883,100.0,60.11,0.19226470588235295,0.59,62,36,2.8941176470588235,11.575468085106383,86.43734042553191,0.19323404255319152,97,51,2.6893617021276595
CONT_003,2026-09-10 18:59:19.094014,Mango,10.54,86.24,0.14,NORMAL,2026-09-10,18,3,Thursday,0.5399999999999991,NORMAL,NORMAL,LOW,2,LOW,LOW,11.193441734417345,19.75,-0.44,87.76967479674796,100.0,60.02,0.19691056910569105,0.59,82,37,2.934959349593496,11.575468085106383,86.43734042553191,0.19323404255319152,97,51,2.6893617021276595
CONT_004,2026-09-10 18:59:21.096231,Avocado,6.55,87.77,0.14,NORMAL,2026-09-10,18,3,Thursday,3.45,NORMAL,NORMAL,LOW,2,LOW,LOW,11.374931129476584,20.55,-1.66,87.65203856749311,100.0,60.25,0.19079889807162537,0.59,81,36,2.9421487603305785,9.129162895927601,88.95671945701358,0.19472850678733034,71,53,2.9524886877828056
CONT_004,2026-09-10 18:59:23.099478,Avocado,11.76,86.57,0.12,NORMAL,2026-09-10,18,3,Thursday,1.7599999999999998,NORMAL,NORMAL,LOW,2,LOW,LOW,11.374931129476584,20.55,-1.66,87.65203856749311,100.0,60.25,0.19079889807162537,0.59,81,36,2.9421487603305785,9.129162895927601,88.95671945701358,0.19472850678733034,71,53,2.9524886877828056
CONT_004,2026-09-10 18:59:25.103684,Mango,11.02,88.81,0.11,NORMAL,2026-09-10,18,3,Thursday,1.0199999999999996,NORMAL,NORMAL,LOW,2,LOW,LOW,11.374931129476584,20.55,-1.66,87.65203856749311,100.0,60.25,0.19079889807162537,0.59,81,36,2.9421487603305785,11.575468085106383,86.43734042553191,0.19323404255319152,97,51,2.6893617021276595
CONT_004,2026-09-10 18:59:27.106075,Mango,15.89,100.0,0.24,WARNING,2026-09-10,18,3,Thursday,5.890000000000001,WARNING,CRITICAL,MEDIUM,6,HIGH,HIGH,11.374931129476584,20.55,-1.66,87.65203856749311,100.0,60.25,0.19079889807162537,0.59,81,36,2.9421487603305785,11.575468085106383,86.43734042553191,0.19323404255319152,97,51,2.6893617021276595
CONT_005,2026-09-10 18:59:29.108166,Avocado,6.26,94.27,0.19,NORMAL,2026-09-10,18,3,Thursday,3.74,NORMAL,WARNING,LOW,3,MEDIUM,MEDIUM,11.204625668449196,20.93,-1.87,87.44355614973261,100.0,60.03,0.18794117647058825,0.59,62,40,2.8181818181818183,9.129162895927601,88.95671945701358,0.19472850678733034,71,53,2.9524886877828056
CONT_005,2026-09-10 18:59:31.111750,Tomato,10.75,91.2,0.15,NORMAL,2026-09-10,18,3,Thursday,0.75,NORMAL,WARNING,LOW,3,MEDIUM,MEDIUM,11.204625668449196,20.93,-1.87,87.44355614973261,100.0,60.03,0.18794117647058825,0.59,62,40,2.8181818181818183,10.869106753812636,87.4238779956427,0.1841830065359477,88,39,2.821350762527233
CONT_003,2026-09-10 18:59:33.115249,Tomato,10.6,90.76,0.19,NORMAL,2026-09-10,18,3,Thursday,0.5999999999999996,NORMAL,WARNING,LOW,3,MEDIUM,MEDIUM,11.193441734417345,19.75,-0.44,87.76967479674796,100.0,60.02,0.19691056910569105,0.59,82,37,2.934959349593496,10.869106753812636,87.4238779956427,0.1841830065359477,88,39,2.821350762527233
CONT_001,2026-09-10 18:59:35.127573,Banana,13.86,92.15,0.08,NORMAL,2026-09-10,18,3,Thursday,3.8599999999999994,NORMAL,WARNING,LOW,3,MEDIUM,MEDIUM,11.294,20.58,-1.98,87.60111764705883,100.0,60.11,0.19226470588235295,0.59,62,36,2.8941176470588235,13.473140096618359,88.16468599033817,0.1929951690821256,96,41,3.1594202898550723
CONT_001,2026-09-10 18:59:37.175954,Banana,13.04,87.67,0.14,NORMAL,2026-09-10,18,3,Thursday,3.039999999999999,NORMAL,NORMAL,LOW,2,LOW,LOW,11.294,20.58,-1.98,87.60111764705883,100.0,60.11,0.19226470588235295,0.59,62,36,2.8941176470588235,13.473140096618359,88.16468599033817,0.1929951690821256,96,41,3.1594202898550723
CONT_001,2026-09-10 18:59:39.180220,Avocado,11.38,92.14,0.15,NORMAL,2026-09-10,18,3,Thursday,1.3800000000000008,NORMAL,WARNING,LOW,3,MEDIUM,MEDIUM,11.294,20.58,-1.98,87.60111764705883,100.0,60.11,0.19226470588235295,0.59,62,36,2.8941176470588235,9.129162895927601,88.95671945701358,0.19472850678733034,71,53,2.9524886877828056
CONT_001,2026-09-10 18:59:41.212936,Banana,13.25,91.68,0.08,NORMAL,2026-09-10,18,3,Thursday,3.25,NORMAL,WARNING,LOW,3,MEDIUM,MEDIUM,11.294,20.58,-1.98,87.60111764705883,100.0,60.11,0.19226470588235295,0.59,62,36,2.8941176470588235,13.473140096618359,88.16468599033817,0.1929951690821256,96,41,3.1594202898550723
CONT_002,2026-09-10 18:59:43.297691,Banana,11.24,73.77,0.34,WARNING,2026-09-10,18,3,Thursday,1.2400000000000002,NORMAL,NORMAL,MEDIUM,3,MEDIUM,MEDIUM,11.068997050147493,20.03,-1.92,88.139203539823,100.0,61.48,0.18805309734513273,0.6,65,35,2.8997050147492627,13.473140096618359,88.16468599033817,0.1929951690821256,96,41,3.1594202898550723
CONT_002,2026-09-10 18:59:45.299647,Banana,13.0,91.0,0.08,NORMAL,2026-09-10,18,3,Thursday,3.0,NORMAL,WARNING,LOW,3,MEDIUM,MEDIUM,11.068997050147493,20.03,-1.92,88.139203539823,100.0,61.48,0.18805309734513273,0.6,65,35,2.8997050147492627,13.473140096618359,88.16468599033817,0.1929951690821256,96,41,3.1594202898550723
CONT_005,2026-09-10 18:59:47.300968,Tomato,10.38,88.53,0.15,NORMAL,2026-09-10,18,3,Thursday,0.3800000000000008,NORMAL,NORMAL,LOW,2,LOW,LOW,11.204625668449196,20.93,-1.87,87.44355614973261,100.0,60.03,0.18794117647058825,0.59,62,40,2.8181818181818183,10.869106753812636,87.4238779956427,0.1841830065359477,88,39,2.821350762527233
CONT_002,2026-09-10 18:59:49.310984,Avocado,12.77,89.43,0.2,NORMAL,2026-09-10,18,3,Thursday,2.7699999999999996,NORMAL,NORMAL,LOW,2,LOW,LOW,11.068997050147493,20.03,-1.92,88.139203539823,100.0,61.48,0.18805309734513273,0.6,65,35,2.8997050147492627,9.129162895927601,88.95671945701358,0.19472850678733034,71,53,2.9524886877828056
CONT_002,2026-09-10 18:59:51.314916,Banana,13.51,91.03,0.16,NORMAL,2026-09-10,18,3,Thursday,3.51,NORMAL,WARNING,LOW,3,MEDIUM,MEDIUM,11.068997050147493,20.03,-1.92,88.139203539823,100.0,61.48,0.18805309734513273,0.6,65,35,2.8997050147492627,13.473140096618359,88.16468599033817,0.1929951690821256,96,41,3.1594202898550723
CONT_003,2026-09-10 18:59:53.328259,Mango,12.84,89.63,0.08,NORMAL,2026-09-10,18,3,Thursday,2.84,NORMAL,NORMAL,LOW,2,LOW,LOW,11.193441734417345,19.75,-0.44,87.76967479674796,100.0,60.02,0.19691056910569105,0.59,82,37,2.934959349593496,11.575468085106383,86.43734042553191,0.19323404255319152,97,51,2.6893617021276595
CONT_003,2026-09-10 18:59:55.448165,Mango,15.67,73.94,0.28,WARNING,2026-09-10,18,3,Thursday,5.67,WARNING,NORMAL,MEDIUM,4,MEDIUM,MEDIUM,11.193441734417345,19.75,-0.44,87.76967479674796,100.0,60.02,0.19691056910569105,0.59,82,37,2.934959349593496,11.575468085106383,86.43734042553191,0.19323404255319152,97,51,2.6893617021276595
CONT_005,2026-09-10 18:59:57.456675,Tomato,10.8,88.21,0.1,NORMAL,2026-09-10,18,3,Thursday,0.8000000000000007,NORMAL,NORMAL,LOW,2,LOW,LOW,11.204625668449196,20.93,-1.87,87.44355614973261,100.0,60.03,0.18794117647058825,0.59,62,40,2.8181818181818183,10.869106753812636,87.4238779956427,0.1841830065359477,88,39,2.821350762527233
CONT_004,2026-09-10 18:59:59.491976,Avocado,6.34,88.23,0.12,NORMAL,2026-09-10,18,3,Thursday,3.66,NORMAL,NORMAL,LOW,2,LOW,LOW,11.374931129476584,20.55,-1.66,87.65203856749311,100.0,60.25,0.19079889807162537,0.59,81,36,2.9421487603305785,9.129162895927601,88.95671945701358,0.19472850678733034,71,53,2.9524886877828056
CONT_001,2026-09-10 19:00:01.496826,Mango,12.18,86.8,0.08,NORMAL,2026-09-10,19,3,Thursday,2.1799999999999997,NORMAL,NORMAL,LOW,2,LOW,LOW,11.294,20.58,-1.98,87.60111764705883,100.0,60.11,0.19226470588235295,0.59,62,36,2.8941176470588235,11.575468085106383,86.43734042553191,0.19323404255319152,97,51,2.6893617021276595
CONT_004,2026-09-10 19:00:03.498501,Mango,7.97,67.47,0.34,WARNING,2026-09-10,19,3,Thursday,2.0300000000000002,NORMAL,LOW,MEDIUM,2,LOW,LOW,11.374931129476584,20.55,-1.66,87.65203856749311,100.0,60.25,0.19079889807162537,0.59,81,36,2.9421487603305785,11.575468085106383,86.43734042553191,0.19323404255319152,97,51,2.6893617021276595
CONT_002,2026-09-10 19:00:05.500213,Avocado,10.68,91.91,0.07,NORMAL,2026-09-10,19,3,Thursday,0.6799999999999997,NORMAL,WARNING,LOW,3,MEDIUM,MEDIUM,11.068997050147493,20.03,-1.92,88.139203539823,100.0,61.48,0.18805309734513273,0.6,65,35,2.8997050147492627,9.129162895927601,88.95671945701358,0.19472850678733034,71,53,2.9524886877828056
CONT_003,2026-09-10 19:00:07.506693,Tomato,10.78,85.2,0.11,NORMAL,2026-09-10,19,3,Thursday,0.7799999999999994,NORMAL,NORMAL,LOW,2,LOW,LOW,11.193441734417345,19.75,-0.44,87.76967479674796,100.0,60.02,0.19691056910569105,0.59,82,37,2.934959349593496,10.869106753812636,87.4238779956427,0.1841830065359477,88,39,2.821350762527233
CONT_002,2026-09-10 19:00:09.523995,Mango,14.67,100.0,0.35,WARNING,2026-09-10,19,3,Thursday,4.67,NORMAL,CRITICAL,MEDIUM,5,HIGH,HIGH,11.068997050147493,20.03,-1.92,88.139203539823,100.0,61.48,0.18805309734513273,0.6,65,35,2.8997050147492627,11.575468085106383,86.43734042553191,0.19323404255319152,97,51,2.6893617021276595
CONT_004,2026-09-10 19:00:11.529089,Banana,20.55,64.2,0.4,ANOMALY,2026-09-10,19,3,Thursday,10.55,CRITICAL,LOW,MEDIUM,4,MEDIUM,MEDIUM,11.374931129476584,20.55,-1.66,87.65203856749311,100.0,60.25,0.19079889807162537,0.59,81,36,2.9421487603305785,13.473140096618359,88.16468599033817,0.1929951690821256,96,41,3.1594202898550723
CONT_002,2026-09-10 19:00:13.532819,Banana,13.74,92.75,0.2,NORMAL,2026-09-10,19,3,Thursday,3.74,NORMAL,WARNING,LOW,3,MEDIUM,MEDIUM,11.068997050147493,20.03,-1.92,88.139203539823,100.0,61.48,0.18805309734513273,0.6,65,35,2.8997050147492627,13.473140096618359,88.16468599033817,0.1929951690821256,96,41,3.1594202898550723
CONT_003,2026-09-10 19:00:15.538479,Tomato,11.18,92.31,0.19,NORMAL,2026-09-10,19,3,Thursday,1.1799999999999997,NORMAL,WARNING,LOW,3,MEDIUM,MEDIUM,11.193441734417345,19.75,-0.44,87.76967479674796,100.0,60.02,0.19691056910569105,0.59,82,37,2.934959349593496,10.869106753812636,87.4238779956427,0.1841830065359477,88,39,2.821350762527233
CONT_005,2026-09-10 19:00:17.542146,Mango,11.82,87.74,0.19,NORMAL,2026-09-10,19,3,Thursday,1.8200000000000003,NORMAL,NORMAL,LOW,2,LOW,LOW,11.204625668449196,20.93,-1.87,87.44355614973261,100.0,60.03,0.18794117647058825,0.59,62,40,2.8181818181818183,11.575468085106383,86.43734042553191,0.19323404255319152,97,51,2.6893617021276595
CONT_003,2026-09-10 19:00:19.547337,Banana,13.54,94.43,0.08,NORMAL,2026-09-10,19,3,Thursday,3.539999999999999,NORMAL,WARNING,LOW,3,MEDIUM,MEDIUM,11.193441734417345,19.75,-0.44,87.76967479674796,100.0,60.02,0.19691056910569105,0.59,82,37,2.934959349593496,13.473140096618359,88.16468599033817,0.1929951690821256,96,41,3.1594202898550723
CONT_004,2026-09-10 19:00:21.551178,Avocado,10.44,91.9,0.16,NORMAL,2026-09-10,19,3,Thursday,0.4399999999999995,NORMAL,WARNING,LOW,3,MEDIUM,MEDIUM,11.374931129476584,20.55,-1.66,87.65203856749311,100.0,60.25,0.19079889807162537,0.59,81,36,2.9421487603305785,9.129162895927601,88.95671945701358,0.19472850678733034,71,53,2.9524886877828056
CONT_003,2026-09-10 19:00:23.557997,Avocado,11.17,86.92,0.16,NORMAL,2026-09-10,19,3,Thursday,1.17,NORMAL,NORMAL,LOW,2,LOW,LOW,11.193441734417345,19.75,-0.44,87.76967479674796,100.0,60.02,0.19691056910569105,0.59,82,37,2.934959349593496,9.129162895927601,88.95671945701358,0.19472850678733034,71,53,2.9524886877828056
CONT_004,2026-09-10 19:00:25.561586,Avocado,0.39,72.32,0.53,ANOMALY,2026-09-10,19,3,Thursday,9.61,LOW,NORMAL,HIGH,3,MEDIUM,MEDIUM,11.374931129476584,20.55,-1.66,87.65203856749311,100.0,60.25,0.19079889807162537,0.59,81,36,2.9421487603305785,9.129162895927601,88.95671945701358,0.19472850678733034,71,53,2.9524886877828056
CONT_004,2026-09-10 19:00:27.566194,Mango,11.68,87.21,0.12,NORMAL,2026-09-10,19,3,Thursday,1.6799999999999997,NORMAL,NORMAL,LOW,2,LOW,LOW,11.374931129476584,20.55,-1.66,87.65203856749311,100.0,60.25,0.19079889807162537,0.59,81,36,2.9421487603305785,11.575468085106383,86.43734042553191,0.19323404255319152,97,51,2.6893617021276595
CONT_001,2026-09-10 19:00:29.747948,Banana,13.77,87.16,0.12,NORMAL,2026-09-10,19,3,Thursday,3.7699999999999996,NORMAL,NORMAL,LOW,2,LOW,LOW,11.294,20.58,-1.98,87.60111764705883,100.0,60.11,0.19226470588235295,0.59,62,36,2.8941176470588235,13.473140096618359,88.16468599033817,0.1929951690821256,96,41,3.1594202898550723
CONT_005,2026-09-10 19:00:31.774831,Mango,11.55,86.64,0.1,NORMAL,2026-09-10,19,3,Thursday,1.5500000000000007,NORMAL,NORMAL,LOW,2,LOW,LOW,11.204625668449196,20.93,-1.87,87.44355614973261,100.0,60.03,0.18794117647058825,0.59,62,40,2.8181818181818183,11.575468085106383,86.43734042553191,0.19323404255319152,97,51,2.6893617021276595
CONT_004,2026-09-10 19:00:33.779606,Avocado,8.11,91.14,0.17,NORMAL,2026-09-10,19,3,Thursday,1.8900000000000006,NORMAL,WARNING,LOW,3,MEDIUM,MEDIUM,11.374931129476584,20.55,-1.66,87.65203856749311,100.0,60.25,0.19079889807162537,0.59,81,36,2.9421487603305785,9.129162895927601,88.95671945701358,0.19472850678733034,71,53,2.9524886877828056
CONT_004,2026-09-10 19:00:35.833653,Tomato,13.08,68.17,0.31,WARNING,2026-09-10,19,3,Thursday,3.08,NORMAL,LOW,MEDIUM,2,LOW,LOW,11.374931129476584,20.55,-1.66,87.65203856749311,100.0,60.25,0.19079889807162537,0.59,81,36,2.9421487603305785,10.869106753812636,87.4238779956427,0.1841830065359477,88,39,2.821350762527233
CONT_004,2026-09-10 19:00:37.866731,Banana,13.69,92.52,0.1,NORMAL,2026-09-10,19,3,Thursday,3.6899999999999995,NORMAL,WARNING,LOW,3,MEDIUM,MEDIUM,11.374931129476584,20.55,-1.66,87.65203856749311,100.0,60.25,0.19079889807162537,0.59,81,36,2.9421487603305785,13.473140096618359,88.16468599033817,0.1929951690821256,96,41,3.1594202898550723
CONT_005,2026-09-10 19:00:39.875643,Avocado,6.41,94.99,0.09,NORMAL,2026-09-10,19,3,Thursday,3.59,NORMAL,WARNING,LOW,3,MEDIUM,MEDIUM,11.204625668449196,20.93,-1.87,87.44355614973261,100.0,60.03,0.18794117647058825,0.59,62,40,2.8181818181818183,9.129162895927601,88.95671945701358,0.19472850678733034,71,53,2.9524886877828056
CONT_005,2026-09-10 19:00:42.132467,Avocado,2.51,63.79,0.2,WARNING,2026-09-10,19,3,Thursday,7.49,LOW,LOW,LOW,0,LOW,LOW,11.204625668449196,20.93,-1.87,87.44355614973261,100.0,60.03,0.18794117647058825,0.59,62,40,2.8181818181818183,9.129162895927601,88.95671945701358,0.19472850678733034,71,53,2.9524886877828056
CONT_002,2026-09-10 19:00:44.145593,Avocado,14.38,65.55,0.26,WARNING,2026-09-10,19,3,Thursday,4.380000000000001,NORMAL,LOW,MEDIUM,2,LOW,LOW,11.068997050147493,20.03,-1.92,88.139203539823,100.0,61.48,0.18805309734513273,0.6,65,35,2.8997050147492627,9.129162895927601,88.95671945701358,0.19472850678733034,71,53,2.9524886877828056
CONT_003,2026-09-10 19:00:46.149951,Banana,13.03,89.63,0.17,NORMAL,2026-09-10,19,3,Thursday,3.0299999999999994,NORMAL,NORMAL,LOW,2,LOW,LOW,11.193441734417345,19.75,-0.44,87.76967479674796,100.0,60.02,0.19691056910569105,0.59,82,37,2.934959349593496,13.473140096618359,88.16468599033817,0.1929951690821256,96,41,3.1594202898550723
CONT_005,2026-09-10 19:00:48.159230,Mango,10.43,85.76,0.18,NORMAL,2026-09-10,19,3,Thursday,0.4299999999999997,NORMAL,NORMAL,LOW,2,LOW,LOW,11.204625668449196,20.93,-1.87,87.44355614973261,100.0,60.03,0.18794117647058825,0.59,62,40,2.8181818181818183,11.575468085106383,86.43734042553191,0.19323404255319152,97,51,2.6893617021276595
CONT_005,2026-09-10 19:00:50.161705,Tomato,11.67,90.69,0.15,NORMAL,2026-09-10,19,3,Thursday,1.67,NORMAL,WARNING,LOW,3,MEDIUM,MEDIUM,11.204625668449196,20.93,-1.87,87.44355614973261,100.0,60.03,0.18794117647058825,0.59,62,40,2.8181818181818183,10.869106753812636,87.4238779956427,0.1841830065359477,88,39,2.821350762527233
CONT_005,2026-09-10 19:00:52.165927,Avocado,11.23,94.26,0.2,NORMAL,2026-09-10,19,3,Thursday,1.2300000000000004,NORMAL,WARNING,LOW,3,MEDIUM,MEDIUM,11.204625668449196,20.93,-1.87,87.44355614973261,100.0,60.03,0.18794117647058825,0.59,62,40,2.8181818181818183,9.129162895927601,88.95671945701358,0.19472850678733034,71,53,2.9524886877828056
CONT_003,2026-09-10 19:00:54.172083,Avocado,16.59,100.0,0.57,ANOMALY,2026-09-10,19,3,Thursday,6.59,WARNING,CRITICAL,HIGH,7,CRITICAL,CRITICAL,11.193441734417345,19.75,-0.44,87.76967479674796,100.0,60.02,0.19691056910569105,0.59,82,37,2.934959349593496,9.129162895927601,88.95671945701358,0.19472850678733034,71,53,2.9524886877828056
CONT_001,2026-09-10 19:00:56.175168,Avocado,9.97,93.04,0.08,NORMAL,2026-09-10,19,3,Thursday,0.02999999999999936,NORMAL,WARNING,LOW,3,MEDIUM,MEDIUM,11.294,20.58,-1.98,87.60111764705883,100.0,60.11,0.19226470588235295,0.59,62,36,2.8941176470588235,9.129162895927601,88.95671945701358,0.19472850678733034,71,53,2.9524886877828056
CONT_001,2026-09-10 19:00:58.178746,Avocado,11.78,90.5,0.17,NORMAL,2026-09-10,19,3,Thursday,1.7799999999999994,NORMAL,WARNING,LOW,3,MEDIUM,MEDIUM,11.294,20.58,-1.98,87.60111764705883,100.0,60.11,0.19226470588235295,0.59,62,36,2.8941176470588235,9.129162895927601,88.95671945701358,0.19472850678733034,71,53,2.9524886877828056
CONT_005,2026-09-10 19:01:00.192563,Tomato,10.63,93.02,0.19,NORMAL,2026-09-10,19,3,Thursday,0.6300000000000008,NORMAL,WARNING,LOW,3,MEDIUM,MEDIUM,11.204625668449196,20.93,-1.87,87.44355614973261,100.0,60.03,0.18794117647058825,0.59,62,40,2.8181818181818183,10.869106753812636,87.4238779956427,0.1841830065359477,88,39,2.821350762527233
CONT_005,2026-09-10 19:01:02.776580,Avocado,8.69,94.54,0.12,NORMAL,2026-09-10,19,3,Thursday,1.3100000000000005,NORMAL,WARNING,LOW,3,MEDIUM,MEDIUM,11.204625668449196,20.93,-1.87,87.44355614973261,100.0,60.03,0.18794117647058825,0.59,62,40,2.8181818181818183,9.129162895927601,88.95671945701358,0.19472850678733034,71,53,2.9524886877828056
CONT_002,2026-09-10 19:01:04.979413,Avocado,10.03,89.62,0.1,NORMAL,2026-09-10,19,3,Thursday,0.02999999999999936,NORMAL,NORMAL,LOW,2,LOW,LOW,11.068997050147493,20.03,-1.92,88.139203539823,100.0,61.48,0.18805309734513273,0.6,65,35,2.8997050147492627,9.129162895927601,88.95671945701358,0.19472850678733034,71,53,2.9524886877828056
CONT_001,2026-09-10 19:01:07.029093,Avocado,7.91,86.66,0.12,NORMAL,2026-09-10,19,3,Thursday,2.09,NORMAL,NORMAL,LOW,2,LOW,LOW,11.294,20.58,-1.98,87.60111764705883,100.0,60.11,0.19226470588235295,0.59,62,36,2.8941176470588235,9.129162895927601,88.95671945701358,0.19472850678733034,71,53,2.9524886877828056
CONT_003,2026-09-10 19:01:09.224346,Tomato,7.49,100.0,0.24,WARNING,2026-09-10,19,3,Thursday,2.51,NORMAL,CRITICAL,MEDIUM,5,HIGH,HIGH,11.193441734417345,19.75,-0.44,87.76967479674796,100.0,60.02,0.19691056910569105,0.59,82,37,2.934959349593496,10.869106753812636,87.4238779956427,0.1841830065359477,88,39,2.821350762527233
CONT_004,2026-09-10 19:01:11.593047,Banana,8.61,100.0,0.56,ANOMALY,2026-09-10,19,3,Thursday,1.3900000000000006,NORMAL,CRITICAL,HIGH,6,HIGH,HIGH,11.374931129476584,20.55,-1.66,87.65203856749311,100.0,60.25,0.19079889807162537,0.59,81,36,2.9421487603305785,13.473140096618359,88.16468599033817,0.1929951690821256,96,41,3.1594202898550723
CONT_002,2026-09-10 19:01:13.631181,Banana,13.31,90.84,0.1,NORMAL,2026-09-10,19,3,Thursday,3.3100000000000005,NORMAL,WARNING,LOW,3,MEDIUM,MEDIUM,11.068997050147493,20.03,-1.92,88.139203539823,100.0,61.48,0.18805309734513273,0.6,65,35,2.8997050147492627,13.473140096618359,88.16468599033817,0.1929951690821256,96,41,3.1594202898550723
CONT_001,2026-09-10 19:01:15.641806,Avocado,11.89,92.98,0.09,NORMAL,2026-09-10,19,3,Thursday,1.8900000000000006,NORMAL,WARNING,LOW,3,MEDIUM,MEDIUM,11.294,20.58,-1.98,87.60111764705883,100.0,60.11,0.19226470588235295,0.59,62,36,2.8941176470588235,9.129162895927601,88.95671945701358,0.19472850678733034,71,53,2.9524886877828056
CONT_002,2026-09-10 19:01:18.152692,Tomato,11.01,90.82,0.15,NORMAL,2026-09-10,19,3,Thursday,1.0099999999999998,NORMAL,WARNING,LOW,3,MEDIUM,MEDIUM,11.068997050147493,20.03,-1.92,88.139203539823,100.0,61.48,0.18805309734513273,0.6,65,35,2.8997050147492627,10.869106753812636,87.4238779956427,0.1841830065359477,88,39,2.821350762527233
CONT_002,2026-09-10 19:01:20.155418,Mango,14.47,100.0,0.3,WARNING,2026-09-10,19,3,Thursday,4.470000000000001,NORMAL,CRITICAL,MEDIUM,5,HIGH,HIGH,11.068997050147493,20.03,-1.92,88.139203539823,100.0,61.48,0.18805309734513273,0.6,65,35,2.8997050147492627,11.575468085106383,86.43734042553191,0.19323404255319152,97,51,2.6893617021276595
CONT_003,2026-09-10 19:01:22.159938,Mango,10.32,89.57,0.19,NORMAL,2026-09-10,19,3,Thursday,0.3200000000000003,NORMAL,NORMAL,LOW,2,LOW,LOW,11.193441734417345,19.75,-0.44,87.76967479674796,100.0,60.02,0.19691056910569105,0.59,82,37,2.934959349593496,11.575468085106383,86.43734042553191,0.19323404255319152,97,51,2.6893617021276595
CONT_003,2026-09-10 19:01:24.163392,Mango,11.63,88.71,0.16,NORMAL,2026-09-10,19,3,Thursday,1.6300000000000008,NORMAL,NORMAL,LOW,2,LOW,LOW,11.193441734417345,19.75,-0.44,87.76967479674796,100.0,60.02,0.19691056910569105,0.59,82,37,2.934959349593496,11.575468085106383,86.43734042553191,0.19323404255319152,97,51,2.6893617021276595
CONT_005,2026-09-10 19:01:26.172310,Tomato,8.87,69.65,0.27,WARNING,2026-09-10,19,3,Thursday,1.1300000000000008,NORMAL,LOW,MEDIUM,2,LOW,LOW,11.204625668449196,20.93,-1.87,87.44355614973261,100.0,60.03,0.18794117647058825,0.59,62,40,2.8181818181818183,10.869106753812636,87.4238779956427,0.1841830065359477,88,39,2.821350762527233
CONT_002,2026-09-10 19:01:28.175076,Avocado,11.07,91.84,0.07,NORMAL,2026-09-10,19,3,Thursday,1.0700000000000003,NORMAL,WARNING,LOW,3,MEDIUM,MEDIUM,11.068997050147493,20.03,-1.92,88.139203539823,100.0,61.48,0.18805309734513273,0.6,65,35,2.8997050147492627,9.129162895927601,88.95671945701358,0.19472850678733034,71,53,2.9524886877828056
CONT_002,2026-09-10 19:01:30.177492,Avocado,10.48,89.49,0.09,NORMAL,2026-09-10,19,3,Thursday,0.4800000000000004,NORMAL,NORMAL,LOW,2,LOW,LOW,11.068997050147493,20.03,-1.92,88.139203539823,100.0,61.48,0.18805309734513273,0.6,65,35,2.8997050147492627,9.129162895927601,88.95671945701358,0.19472850678733034,71,53,2.9524886877828056
CONT_002,2026-09-10 19:01:32.211950,Banana,13.8,90.14,0.16,NORMAL,2026-09-10,19,3,Thursday,3.8000000000000007,NORMAL,WARNING,LOW,3,MEDIUM,MEDIUM,11.068997050147493,20.03,-1.92,88.139203539823,100.0,61.48,0.18805309734513273,0.6,65,35,2.8997050147492627,13.473140096618359,88.16468599033817,0.1929951690821256,96,41,3.1594202898550723
CONT_001,2026-09-10 19:01:34.322860,Banana,13.64,87.23,0.2,NORMAL,2026-09-10,19,3,Thursday,3.6400000000000006,NORMAL,NORMAL,LOW,2,LOW,LOW,11.294,20.58,-1.98,87.60111764705883,100.0,60.11,0.19226470588235295,0.59,62,36,2.8941176470588235,13.473140096618359,88.16468599033817,0.1929951690821256,96,41,3.1594202898550723
CONT_002,2026-09-10 19:01:36.329520,Tomato,11.87,94.29,0.2,NORMAL,2026-09-10,19,3,Thursday,1.8699999999999992,NORMAL,WARNING,LOW,3,MEDIUM,MEDIUM,11.068997050147493,20.03,-1.92,88.139203539823,100.0,61.48,0.18805309734513273,0.6,65,35,2.8997050147492627,10.869106753812636,87.4238779956427,0.1841830065359477,88,39,2.821350762527233
CONT_002,2026-09-10 19:01:39.602531,Banana,15.72,100.0,0.27,WARNING,2026-09-10,19,3,Thursday,5.720000000000001,WARNING,CRITICAL,MEDIUM,6,HIGH,HIGH,11.068997050147493,20.03,-1.92,88.139203539823,100.0,61.48,0.18805309734513273,0.6,65,35,2.8997050147492627,13.473140096618359,88.16468599033817,0.1929951690821256,96,41,3.1594202898550723
CONT_001,2026-09-10 19:01:41.606275,Avocado,12.12,85.03,0.19,NORMAL,2026-09-10,19,3,Thursday,2.119999999999999,NORMAL,NORMAL,LOW,2,LOW,LOW,11.294,20.58,-1.98,87.60111764705883,100.0,60.11,0.19226470588235295,0.59,62,36,2.8941176470588235,9.129162895927601,88.95671945701358,0.19472850678733034,71,53,2.9524886877828056
CONT_004,2026-09-10 19:01:43.611717,Mango,11.16,86.02,0.19,NORMAL,2026-09-10,19,3,Thursday,1.1600000000000001,NORMAL,NORMAL,LOW,2,LOW,LOW,11.374931129476584,20.55,-1.66,87.65203856749311,100.0,60.25,0.19079889807162537,0.59,81,36,2.9421487603305785,11.575468085106383,86.43734042553191,0.19323404255319152,97,51,2.6893617021276595
CONT_001,2026-09-10 19:01:45.614809,Banana,13.43,86.13,0.09,NORMAL,2026-09-10,19,3,Thursday,3.4299999999999997,NORMAL,NORMAL,LOW,2,LOW,LOW,11.294,20.58,-1.98,87.60111764705883,100.0,60.11,0.19226470588235295,0.59,62,36,2.8941176470588235,13.473140096618359,88.16468599033817,0.1929951690821256,96,41,3.1594202898550723
CONT_004,2026-09-10 19:01:47.624770,Mango,11.04,87.17,0.05,NORMAL,2026-09-10,19,3,Thursday,1.0399999999999991,NORMAL,NORMAL,LOW,2,LOW,LOW,11.374931129476584,20.55,-1.66,87.65203856749311,100.0,60.25,0.19079889807162537,0.59,81,36,2.9421487603305785,11.575468085106383,86.43734042553191,0.19323404255319152,97,51,2.6893617021276595
CONT_002,2026-09-10 19:01:49.628244,Tomato,10.34,89.61,0.05,NORMAL,2026-09-10,19,3,Thursday,0.33999999999999986,NORMAL,NORMAL,LOW,2,LOW,LOW,11.068997050147493,20.03,-1.92,88.139203539823,100.0,61.48,0.18805309734513273,0.6,65,35,2.8997050147492627,10.869106753812636,87.4238779956427,0.1841830065359477,88,39,2.821350762527233
CONT_004,2026-09-10 19:01:51.757058,Mango,3.09,100.0,0.51,ANOMALY,2026-09-10,19,3,Thursday,6.91,LOW,CRITICAL,HIGH,5,HIGH,HIGH,11.374931129476584,20.55,-1.66,87.65203856749311,100.0,60.25,0.19079889807162537,0.59,81,36,2.9421487603305785,11.575468085106383,86.43734042553191,0.19323404255319152,97,51,2.6893617021276595
CONT_005,2026-09-10 19:01:53.764062,Banana,13.21,93.7,0.07,NORMAL,2026-09-10,19,3,Thursday,3.210000000000001,NORMAL,WARNING,LOW,3,MEDIUM,MEDIUM,11.204625668449196,20.93,-1.87,87.44355614973261,100.0,60.03,0.18794117647058825,0.59,62,40,2.8181818181818183,13.473140096618359,88.16468599033817,0.1929951690821256,96,41,3.1594202898550723
CONT_004,2026-09-10 19:01:55.768675,Banana,13.52,89.68,0.06,NORMAL,2026-09-10,19,3,Thursday,3.5199999999999996,NORMAL,NORMAL,LOW,2,LOW,LOW,11.374931129476584,20.55,-1.66,87.65203856749311,100.0,60.25,0.19079889807162537,0.59,81,36,2.9421487603305785,13.473140096618359,88.16468599033817,0.1929951690821256,96,41,3.1594202898550723
CONT_003,2026-09-10 19:01:57.772410,Tomato,11.45,86.19,0.17,NORMAL,2026-09-10,19,3,Thursday,1.4499999999999993,NORMAL,NORMAL,LOW,2,LOW,LOW,11.193441734417345,19.75,-0.44,87.76967479674796,100.0,60.02,0.19691056910569105,0.59,82,37,2.934959349593496,10.869106753812636,87.4238779956427,0.1841830065359477,88,39,2.821350762527233
CONT_002,2026-09-10 19:01:59.775701,Avocado,6.5,85.28,0.17,NORMAL,2026-09-10,19,3,Thursday,3.5,NORMAL,NORMAL,LOW,2,LOW,LOW,11.068997050147493,20.03,-1.92,88.139203539823,100.0,61.48,0.18805309734513273,0.6,65,35,2.8997050147492627,9.129162895927601,88.95671945701358,0.19472850678733034,71,53,2.9524886877828056
CONT_004,2026-09-10 19:02:01.779089,Tomato,11.11,85.83,0.07,NORMAL,2026-09-10,19,3,Thursday,1.1099999999999994,NORMAL,NORMAL,LOW,2,LOW,LOW,11.374931129476584,20.55,-1.66,87.65203856749311,100.0,60.25,0.19079889807162537,0.59,81,36,2.9421487603305785,10.869106753812636,87.4238779956427,0.1841830065359477,88,39,2.821350762527233
CONT_005,2026-09-10 19:02:03.788029,Mango,17.33,100.0,0.54,ANOMALY,2026-09-10,19,3,Thursday,7.329999999999998,WARNING,CRITICAL,HIGH,7,CRITICAL,CRITICAL,11.204625668449196,20.93,-1.87,87.44355614973261,100.0,60.03,0.18794117647058825,0.59,62,40,2.8181818181818183,11.575468085106383,86.43734042553191,0.19323404255319152,97,51,2.6893617021276595
CONT_001,2026-09-10 19:02:05.831323,Tomato,10.8,86.2,0.15,NORMAL,2026-09-10,19,3,Thursday,0.8000000000000007,NORMAL,NORMAL,LOW,2,LOW,LOW,11.294,20.58,-1.98,87.60111764705883,100.0,60.11,0.19226470588235295,0.59,62,36,2.8941176470588235,10.869106753812636,87.4238779956427,0.1841830065359477,88,39,2.821350762527233
CONT_001,2026-09-10 19:02:07.911704,Avocado,3.43,100.0,0.24,WARNING,2026-09-10,19,3,Thursday,6.57,LOW,CRITICAL,MEDIUM,4,MEDIUM,MEDIUM,11.294,20.58,-1.98,87.60111764705883,100.0,60.11,0.19226470588235295,0.59,62,36,2.8941176470588235,9.129162895927601,88.95671945701358,0.19472850678733034,71,53,2.9524886877828056
CONT_001,2026-09-10 19:02:09.923265,Tomato,11.2,91.36,0.12,NORMAL,2026-09-10,19,3,Thursday,1.1999999999999993,NORMAL,WARNING,LOW,3,MEDIUM,MEDIUM,11.294,20.58,-1.98,87.60111764705883,100.0,60.11,0.19226470588235295,0.59,62,36,2.8941176470588235,10.869106753812636,87.4238779956427,0.1841830065359477,88,39,2.821350762527233
CONT_001,2026-09-10 19:02:11.927222,Mango,12.34,89.33,0.13,NORMAL,2026-09-10,19,3,Thursday,2.34,NORMAL,NORMAL,LOW,2,LOW,LOW,11.294,20.58,-1.98,87.60111764705883,100.0,60.11,0.19226470588235295,0.59,62,36,2.8941176470588235,11.575468085106383,86.43734042553191,0.19323404255319152,97,51,2.6893617021276595
CONT_002,2026-09-10 19:02:13.930145,Banana,13.67,94.74,0.06,NORMAL,2026-09-10,19,3,Thursday,3.67,NORMAL,WARNING,LOW,3,MEDIUM,MEDIUM,11.068997050147493,20.03,-1.92,88.139203539823,100.0,61.48,0.18805309734513273,0.6,65,35,2.8997050147492627,13.473140096618359,88.16468599033817,0.1929951690821256,96,41,3.1594202898550723
CONT_001,2026-09-10 19:02:15.978535,Banana,13.04,90.05,0.08,NORMAL,2026-09-10,19,3,Thursday,3.039999999999999,NORMAL,WARNING,LOW,3,MEDIUM,MEDIUM,11.294,20.58,-1.98,87.60111764705883,100.0,60.11,0.19226470588235295,0.59,62,36,2.8941176470588235,13.473140096618359,88.16468599033817,0.1929951690821256,96,41,3.1594202898550723
CONT_001,2026-09-10 19:02:18.092970,Mango,11.85,86.73,0.09,NORMAL,2026-09-10,19,3,Thursday,1.8499999999999996,NORMAL,NORMAL,LOW,2,LOW,LOW,11.294,20.58,-1.98,87.60111764705883,100.0,60.11,0.19226470588235295,0.59,62,36,2.8941176470588235,11.575468085106383,86.43734042553191,0.19323404255319152,97,51,2.6893617021276595
CONT_001,2026-09-10 19:02:20.095448,Mango,6.62,100.0,0.42,ANOMALY,2026-09-10,19,3,Thursday,3.38,NORMAL,CRITICAL,HIGH,6,HIGH,HIGH,11.294,20.58,-1.98,87.60111764705883,100.0,60.11,0.19226470588235295,0.59,62,36,2.8941176470588235,11.575468085106383,86.43734042553191,0.19323404255319152,97,51,2.6893617021276595
CONT_005,2026-09-10 19:02:22.098012,Avocado,-1.37,65.99,0.58,ANOMALY,2026-09-10,19,3,Thursday,11.370000000000001,LOW,LOW,HIGH,2,LOW,LOW,11.204625668449196,20.93,-1.87,87.44355614973261,100.0,60.03,0.18794117647058825,0.59,62,40,2.8181818181818183,9.129162895927601,88.95671945701358,0.19472850678733034,71,53,2.9524886877828056
CONT_005,2026-09-10 19:02:24.114671,Avocado,-0.36,100.0,0.49,ANOMALY,2026-09-10,19,3,Thursday,10.36,LOW,CRITICAL,HIGH,5,HIGH,HIGH,11.204625668449196,20.93,-1.87,87.44355614973261,100.0,60.03,0.18794117647058825,0.59,62,40,2.8181818181818183,9.129162895927601,88.95671945701358,0.19472850678733034,71,53,2.9524886877828056
CONT_004,2026-09-10 19:02:26.123364,Tomato,13.28,100.0,0.23,WARNING,2026-09-10,19,3,Thursday,3.2799999999999994,NORMAL,CRITICAL,MEDIUM,5,HIGH,HIGH,11.374931129476584,20.55,-1.66,87.65203856749311,100.0,60.25,0.19079889807162537,0.59,81,36,2.9421487603305785,10.869106753812636,87.4238779956427,0.1841830065359477,88,39,2.821350762527233
CONT_004,2026-09-10 19:02:28.173094,Tomato,7.33,100.0,0.33,WARNING,2026-09-10,19,3,Thursday,2.67,NORMAL,CRITICAL,MEDIUM,5,HIGH,HIGH,11.374931129476584,20.55,-1.66,87.65203856749311,100.0,60.25,0.19079889807162537,0.59,81,36,2.9421487603305785,10.869106753812636,87.4238779956427,0.1841830065359477,88,39,2.821350762527233
CONT_005,2026-09-10 19:02:30.404773,Banana,13.75,87.22,0.06,NORMAL,2026-09-10,19,3,Thursday,3.75,NORMAL,NORMAL,LOW,2,LOW,LOW,11.204625668449196,20.93,-1.87,87.44355614973261,100.0,60.03,0.18794117647058825,0.59,62,40,2.8181818181818183,13.473140096618359,88.16468599033817,0.1929951690821256,96,41,3.1594202898550723
CONT_004,2026-09-10 19:02:32.408836,Tomato,11.77,85.63,0.11,NORMAL,2026-09-10,19,3,Thursday,1.7699999999999996,NORMAL,NORMAL,LOW,2,LOW,LOW,11.374931129476584,20.55,-1.66,87.65203856749311,100.0,60.25,0.19079889807162537,0.59,81,36,2.9421487603305785,10.869106753812636,87.4238779956427,0.1841830065359477,88,39,2.821350762527233
CONT_004,2026-09-10 19:02:34.412375,Banana,10.74,100.0,0.26,WARNING,2026-09-10,19,3,Thursday,0.7400000000000002,NORMAL,CRITICAL,MEDIUM,5,HIGH,HIGH,11.374931129476584,20.55,-1.66,87.65203856749311,100.0,60.25,0.19079889807162537,0.59,81,36,2.9421487603305785,13.473140096618359,88.16468599033817,0.1929951690821256,96,41,3.1594202898550723
CONT_005,2026-09-10 19:02:36.420578,Banana,13.43,94.28,0.16,NORMAL,2026-09-10,19,3,Thursday,3.4299999999999997,NORMAL,WARNING,LOW,3,MEDIUM,MEDIUM,11.204625668449196,20.93,-1.87,87.44355614973261,100.0,60.03,0.18794117647058825,0.59,62,40,2.8181818181818183,13.473140096618359,88.16468599033817,0.1929951690821256,96,41,3.1594202898550723
CONT_005,2026-09-10 19:02:38.425916,Avocado,5.82,85.3,0.15,NORMAL,2026-09-10,19,3,Thursday,4.18,NORMAL,NORMAL,LOW,2,LOW,LOW,11.204625668449196,20.93,-1.87,87.44355614973261,100.0,60.03,0.18794117647058825,0.59,62,40,2.8181818181818183,9.129162895927601,88.95671945701358,0.19472850678733034,71,53,2.9524886877828056
CONT_002,2026-09-10 19:02:40.592202,Banana,15.15,65.26,0.22,WARNING,2026-09-10,19,3,Thursday,5.15,WARNING,LOW,MEDIUM,3,MEDIUM,MEDIUM,11.068997050147493,20.03,-1.92,88.139203539823,100.0,61.48,0.18805309734513273,0.6,65,35,2.8997050147492627,13.473140096618359,88.16468599033817,0.1929951690821256,96,41,3.1594202898550723
CONT_004,2026-09-10 19:02:42.606537,Avocado,7.57,90.03,0.14,NORMAL,2026-09-10,19,3,Thursday,2.4299999999999997,NORMAL,WARNING,LOW,3,MEDIUM,MEDIUM,11.374931129476584,20.55,-1.66,87.65203856749311,100.0,60.25,0.19079889807162537,0.59,81,36,2.9421487603305785,9.129162895927601,88.95671945701358,0.19472850678733034,71,53,2.9524886877828056
CONT_005,2026-09-10 19:02:44.612975,Avocado,11.2,93.95,0.05,NORMAL,2026-09-10,19,3,Thursday,1.1999999999999993,NORMAL,WARNING,LOW,3,MEDIUM,MEDIUM,11.204625668449196,20.93,-1.87,87.44355614973261,100.0,60.03,0.18794117647058825,0.59,62,40,2.8181818181818183,9.129162895927601,88.95671945701358,0.19472850678733034,71,53,2.9524886877828056
CONT_003,2026-09-10 19:02:46.623603,Avocado,11.72,93.79,0.09,NORMAL,2026-09-10,19,3,Thursday,1.7200000000000006,NORMAL,WARNING,LOW,3,MEDIUM,MEDIUM,11.193441734417345,19.75,-0.44,87.76967479674796,100.0,60.02,0.19691056910569105,0.59,82,37,2.934959349593496,9.129162895927601,88.95671945701358,0.19472850678733034,71,53,2.9524886877828056
CONT_003,2026-09-10 19:02:48.626549,Avocado,9.26,93.92,0.06,NORMAL,2026-09-10,19,3,Thursday,0.7400000000000002,NORMAL,WARNING,LOW,3,MEDIUM,MEDIUM,11.193441734417345,19.75,-0.44,87.76967479674796,100.0,60.02,0.19691056910569105,0.59,82,37,2.934959349593496,9.129162895927601,88.95671945701358,0.19472850678733034,71,53,2.9524886877828056
CONT_002,2026-09-10 19:02:50.724958,Avocado,7.94,89.71,0.07,NORMAL,2026-09-10,19,3,Thursday,2.0599999999999996,NORMAL,NORMAL,LOW,2,LOW,LOW,11.068997050147493,20.03,-1.92,88.139203539823,100.0,61.48,0.18805309734513273,0.6,65,35,2.8997050147492627,9.129162895927601,88.95671945701358,0.19472850678733034,71,53,2.9524886877828056
CONT_001,2026-09-10 19:02:52.824390,Tomato,10.27,89.09,0.13,NORMAL,2026-09-10,19,3,Thursday,0.2699999999999996,NORMAL,NORMAL,LOW,2,LOW,LOW,11.294,20.58,-1.98,87.60111764705883,100.0,60.11,0.19226470588235295,0.59,62,36,2.8941176470588235,10.869106753812636,87.4238779956427,0.1841830065359477,88,39,2.821350762527233
CONT_002,2026-09-10 19:02:54.827653,Avocado,-0.46,100.0,0.56,ANOMALY,2026-09-10,19,3,Thursday,10.46,LOW,CRITICAL,HIGH,5,HIGH,HIGH,11.068997050147493,20.03,-1.92,88.139203539823,100.0,61.48,0.18805309734513273,0.6,65,35,2.8997050147492627,9.129162895927601,88.95671945701358,0.19472850678733034,71,53,2.9524886877828056
CONT_001,2026-09-10 19:02:56.839464,Banana,13.53,85.11,0.12,NORMAL,2026-09-10,19,3,Thursday,3.5299999999999994,NORMAL,NORMAL,LOW,2,LOW,LOW,11.294,20.58,-1.98,87.60111764705883,100.0,60.11,0.19226470588235295,0.59,62,36,2.8941176470588235,13.473140096618359,88.16468599033817,0.1929951690821256,96,41,3.1594202898550723
CONT_003,2026-09-10 19:02:58.843646,Tomato,10.6,89.35,0.11,NORMAL,2026-09-10,19,3,Thursday,0.5999999999999996,NORMAL,NORMAL,LOW,2,LOW,LOW,11.193441734417345,19.75,-0.44,87.76967479674796,100.0,60.02,0.19691056910569105,0.59,82,37,2.934959349593496,10.869106753812636,87.4238779956427,0.1841830065359477,88,39,2.821350762527233
CONT_001,2026-09-10 19:03:00.847843,Avocado,2.16,100.0,0.26,WARNING,2026-09-10,19,3,Thursday,7.84,LOW,CRITICAL,MEDIUM,4,MEDIUM,MEDIUM,11.294,20.58,-1.98,87.60111764705883,100.0,60.11,0.19226470588235295,0.59,62,36,2.8941176470588235,9.129162895927601,88.95671945701358,0.19472850678733034,71,53,2.9524886877828056
CONT_005,2026-09-10 19:03:02.853623,Tomato,10.22,93.82,0.16,NORMAL,2026-09-10,19,3,Thursday,0.22000000000000064,NORMAL,WARNING,LOW,3,MEDIUM,MEDIUM,11.204625668449196,20.93,-1.87,87.44355614973261,100.0,60.03,0.18794117647058825,0.59,62,40,2.8181818181818183,10.869106753812636,87.4238779956427,0.1841830065359477,88,39,2.821350762527233
CONT_003,2026-09-10 19:03:04.857132,Avocado,15.11,67.22,0.24,WARNING,2026-09-10,19,3,Thursday,5.109999999999999,WARNING,LOW,MEDIUM,3,MEDIUM,MEDIUM,11.193441734417345,19.75,-0.44,87.76967479674796,100.0,60.02,0.19691056910569105,0.59,82,37,2.934959349593496,9.129162895927601,88.95671945701358,0.19472850678733034,71,53,2.9524886877828056
CONT_004,2026-09-10 19:03:06.859931,Tomato,11.37,91.84,0.12,NORMAL,2026-09-10,19,3,Thursday,1.3699999999999992,NORMAL,WARNING,LOW,3,MEDIUM,MEDIUM,11.374931129476584,20.55,-1.66,87.65203856749311,100.0,60.25,0.19079889807162537,0.59,81,36,2.9421487603305785,10.869106753812636,87.4238779956427,0.1841830065359477,88,39,2.821350762527233
CONT_004,2026-09-10 19:03:08.862038,Mango,8.75,69.69,0.27,WARNING,2026-09-10,19,3,Thursday,1.25,NORMAL,LOW,MEDIUM,2,LOW,LOW,11.374931129476584,20.55,-1.66,87.65203856749311,100.0,60.25,0.19079889807162537,0.59,81,36,2.9421487603305785,11.575468085106383,86.43734042553191,0.19323404255319152,97,51,2.6893617021276595
CONT_005,2026-09-10 19:03:10.869849,Banana,20.45,68.21,0.49,ANOMALY,2026-09-10,19,3,Thursday,10.45,CRITICAL,LOW,HIGH,5,HIGH,HIGH,11.204625668449196,20.93,-1.87,87.44355614973261,100.0,60.03,0.18794117647058825,0.59,62,40,2.8181818181818183,13.473140096618359,88.16468599033817,0.1929951690821256,96,41,3.1594202898550723
CONT_003,2026-09-10 19:03:12.954308,Mango,14.6,100.0,0.35,WARNING,2026-09-10,19,3,Thursday,4.6,NORMAL,CRITICAL,MEDIUM,5,HIGH,HIGH,11.193441734417345,19.75,-0.44,87.76967479674796,100.0,60.02,0.19691056910569105,0.59,82,37,2.934959349593496,11.575468085106383,86.43734042553191,0.19323404255319152,97,51,2.6893617021276595
CONT_001,2026-09-10 19:03:15.067208,Tomato,16.52,70.8,0.52,ANOMALY,2026-09-10,19,3,Thursday,6.52,WARNING,NORMAL,HIGH,5,HIGH,HIGH,11.294,20.58,-1.98,87.60111764705883,100.0,60.11,0.19226470588235295,0.59,62,36,2.8941176470588235,10.869106753812636,87.4238779956427,0.1841830065359477,88,39,2.821350762527233
CONT_004,2026-09-10 19:03:17.071047,Tomato,11.11,87.43,0.19,NORMAL,2026-09-10,19,3,Thursday,1.1099999999999994,NORMAL,NORMAL,LOW,2,LOW,LOW,11.374931129476584,20.55,-1.66,87.65203856749311,100.0,60.25,0.19079889807162537,0.59,81,36,2.9421487603305785,10.869106753812636,87.4238779956427,0.1841830065359477,88,39,2.821350762527233
CONT_004,2026-09-10 19:03:19.076680,Banana,13.51,87.04,0.14,NORMAL,2026-09-10,19,3,Thursday,3.51,NORMAL,NORMAL,LOW,2,LOW,LOW,11.374931129476584,20.55,-1.66,87.65203856749311,100.0,60.25,0.19079889807162537,0.59,81,36,2.9421487603305785,13.473140096618359,88.16468599033817,0.1929951690821256,96,41,3.1594202898550723
CONT_002,2026-09-10 19:03:21.084256,Avocado,11.33,94.13,0.11,NORMAL,2026-09-10,19,3,Thursday,1.33,NORMAL,WARNING,LOW,3,MEDIUM,MEDIUM,11.068997050147493,20.03,-1.92,88.139203539823,100.0,61.48,0.18805309734513273,0.6,65,35,2.8997050147492627,9.129162895927601,88.95671945701358,0.19472850678733034,71,53,2.9524886877828056
CONT_001,2026-09-10 19:03:23.090869,Tomato,11.41,89.74,0.14,NORMAL,2026-09-10,19,3,Thursday,1.4100000000000001,NORMAL,NORMAL,LOW,2,LOW,LOW,11.294,20.58,-1.98,87.60111764705883,100.0,60.11,0.19226470588235295,0.59,62,36,2.8941176470588235,10.869106753812636,87.4238779956427,0.1841830065359477,88,39,2.821350762527233
CONT_002,2026-09-10 19:03:25.149875,Tomato,10.15,89.85,0.06,NORMAL,2026-09-10,19,3,Thursday,0.15000000000000036,NORMAL,NORMAL,LOW,2,LOW,LOW,11.068997050147493,20.03,-1.92,88.139203539823,100.0,61.48,0.18805309734513273,0.6,65,35,2.8997050147492627,10.869106753812636,87.4238779956427,0.1841830065359477,88,39,2.821350762527233
CONT_003,2026-09-10 19:03:27.473430,Avocado,6.05,86.43,0.09,NORMAL,2026-09-10,19,3,Thursday,3.95,NORMAL,NORMAL,LOW,2,LOW,LOW,11.193441734417345,19.75,-0.44,87.76967479674796,100.0,60.02,0.19691056910569105,0.59,82,37,2.934959349593496,9.129162895927601,88.95671945701358,0.19472850678733034,71,53,2.9524886877828056
CONT_005,2026-09-10 19:03:29.608951,Avocado,6.29,86.86,0.1,NORMAL,2026-09-10,19,3,Thursday,3.71,NORMAL,NORMAL,LOW,2,LOW,LOW,11.204625668449196,20.93,-1.87,87.44355614973261,100.0,60.03,0.18794117647058825,0.59,62,40,2.8181818181818183,9.129162895927601,88.95671945701358,0.19472850678733034,71,53,2.9524886877828056
CONT_001,2026-09-10 19:03:31.611085,Tomato,15.18,60.88,0.37,ANOMALY,2026-09-10,19,3,Thursday,5.18,WARNING,LOW,MEDIUM,3,MEDIUM,MEDIUM,11.294,20.58,-1.98,87.60111764705883,100.0,60.11,0.19226470588235295,0.59,62,36,2.8941176470588235,10.869106753812636,87.4238779956427,0.1841830065359477,88,39,2.821350762527233
CONT_003,2026-09-10 19:03:33.615856,Tomato,7.82,63.2,0.32,WARNING,2026-09-10,19,3,Thursday,2.1799999999999997,NORMAL,LOW,MEDIUM,2,LOW,LOW,11.193441734417345,19.75,-0.44,87.76967479674796,100.0,60.02,0.19691056910569105,0.59,82,37,2.934959349593496,10.869106753812636,87.4238779956427,0.1841830065359477,88,39,2.821350762527233
CONT_001,2026-09-10 19:03:35.620440,Banana,13.61,85.96,0.17,NORMAL,2026-09-10,19,3,Thursday,3.6099999999999994,NORMAL,NORMAL,LOW,2,LOW,LOW,11.294,20.58,-1.98,87.60111764705883,100.0,60.11,0.19226470588235295,0.59,62,36,2.8941176470588235,13.473140096618359,88.16468599033817,0.1929951690821256,96,41,3.1594202898550723
CONT_005,2026-09-10 19:03:37.680044,Avocado,14.82,100.0,0.32,WARNING,2026-09-10,19,3,Thursday,4.82,NORMAL,CRITICAL,MEDIUM,5,HIGH,HIGH,11.204625668449196,20.93,-1.87,87.44355614973261,100.0,60.03,0.18794117647058825,0.59,62,40,2.8181818181818183,9.129162895927601,88.95671945701358,0.19472850678733034,71,53,2.9524886877828056
CONT_003,2026-09-10 19:03:39.728404,Banana,15.05,69.61,0.24,WARNING,2026-09-10,19,3,Thursday,5.050000000000001,WARNING,LOW,MEDIUM,3,MEDIUM,MEDIUM,11.193441734417345,19.75,-0.44,87.76967479674796,100.0,60.02,0.19691056910569105,0.59,82,37,2.934959349593496,13.473140096618359,88.16468599033817,0.1929951690821256,96,41,3.1594202898550723
CONT_004,2026-09-10 19:03:41.841244,Banana,13.91,92.38,0.12,NORMAL,2026-09-10,19,3,Thursday,3.91,NORMAL,WARNING,LOW,3,MEDIUM,MEDIUM,11.374931129476584,20.55,-1.66,87.65203856749311,100.0,60.25,0.19079889807162537,0.59,81,36,2.9421487603305785,13.473140096618359,88.16468599033817,0.1929951690821256,96,41,3.1594202898550723
CONT_005,2026-09-10 19:03:43.874639,Avocado,16.36,100.0,0.51,ANOMALY,2026-09-10,19,3,Thursday,6.359999999999999,WARNING,CRITICAL,HIGH,7,CRITICAL,CRITICAL,11.204625668449196,20.93,-1.87,87.44355614973261,100.0,60.03,0.18794117647058825,0.59,62,40,2.8181818181818183,9.129162895927601,88.95671945701358,0.19472850678733034,71,53,2.9524886877828056
CONT_005,2026-09-10 19:03:45.989497,Tomato,10.01,94.26,0.17,NORMAL,2026-09-10,19,3,Thursday,0.009999999999999787,NORMAL,WARNING,LOW,3,MEDIUM,MEDIUM,11.204625668449196,20.93,-1.87,87.44355614973261,100.0,60.03,0.18794117647058825,0.59,62,40,2.8181818181818183,10.869106753812636,87.4238779956427,0.1841830065359477,88,39,2.821350762527233
CONT_003,2026-09-10 19:03:47.994432,Banana,15.49,100.0,0.2,WARNING,2026-09-10,19,3,Thursday,5.49,WARNING,CRITICAL,LOW,5,HIGH,HIGH,11.193441734417345,19.75,-0.44,87.76967479674796,100.0,60.02,0.19691056910569105,0.59,82,37,2.934959349593496,13.473140096618359,88.16468599033817,0.1929951690821256,96,41,3.1594202898550723
CONT_005,2026-09-10 19:03:50.009053,Avocado,14.76,100.0,0.32,WARNING,2026-09-10,19,3,Thursday,4.76,NORMAL,CRITICAL,MEDIUM,5,HIGH,HIGH,11.204625668449196,20.93,-1.87,87.44355614973261,100.0,60.03,0.18794117647058825,0.59,62,40,2.8181818181818183,9.129162895927601,88.95671945701358,0.19472850678733034,71,53,2.9524886877828056
CONT_003,2026-09-10 19:03:52.073204,Tomato,11.86,88.56,0.16,NORMAL,2026-09-10,19,3,Thursday,1.8599999999999994,NORMAL,NORMAL,LOW,2,LOW,LOW,11.193441734417345,19.75,-0.44,87.76967479674796,100.0,60.02,0.19691056910569105,0.59,82,37,2.934959349593496,10.869106753812636,87.4238779956427,0.1841830065359477,88,39,2.821350762527233
CONT_004,2026-09-10 19:03:54.524135,Banana,13.98,88.61,0.11,NORMAL,2026-09-10,19,3,Thursday,3.9800000000000004,NORMAL,NORMAL,LOW,2,LOW,LOW,11.374931129476584,20.55,-1.66,87.65203856749311,100.0,60.25,0.19079889807162537,0.59,81,36,2.9421487603305785,13.473140096618359,88.16468599033817,0.1929951690821256,96,41,3.1594202898550723
CONT_005,2026-09-10 19:03:56.540912,Mango,14.17,100.0,0.25,WARNING,2026-09-10,19,3,Thursday,4.17,NORMAL,CRITICAL,MEDIUM,5,HIGH,HIGH,11.204625668449196,20.93,-1.87,87.44355614973261,100.0,60.03,0.18794117647058825,0.59,62,40,2.8181818181818183,11.575468085106383,86.43734042553191,0.19323404255319152,97,51,2.6893617021276595
CONT_002,2026-09-10 19:03:58.543863,Mango,10.5,87.76,0.08,NORMAL,2026-09-10,19,3,Thursday,0.5,NORMAL,NORMAL,LOW,2,LOW,LOW,11.068997050147493,20.03,-1.92,88.139203539823,100.0,61.48,0.18805309734513273,0.6,65,35,2.8997050147492627,11.575468085106383,86.43734042553191,0.19323404255319152,97,51,2.6893617021276595
CONT_001,2026-09-10 19:04:00.710969,Banana,13.64,90.3,0.2,NORMAL,2026-09-10,19,3,Thursday,3.6400000000000006,NORMAL,WARNING,LOW,3,MEDIUM,MEDIUM,11.294,20.58,-1.98,87.60111764705883,100.0,60.11,0.19226470588235295,0.59,62,36,2.8941176470588235,13.473140096618359,88.16468599033817,0.1929951690821256,96,41,3.1594202898550723
CONT_001,2026-09-10 19:04:02.941595,Tomato,11.49,86.34,0.18,NORMAL,2026-09-10,19,3,Thursday,1.4900000000000002,NORMAL,NORMAL,LOW,2,LOW,LOW,11.294,20.58,-1.98,87.60111764705883,100.0,60.11,0.19226470588235295,0.59,62,36,2.8941176470588235,10.869106753812636,87.4238779956427,0.1841830065359477,88,39,2.821350762527233
CONT_004,2026-09-10 19:04:04.944563,Mango,7.53,100.0,0.29,WARNING,2026-09-10,19,3,Thursday,2.4699999999999998,NORMAL,CRITICAL,MEDIUM,5,HIGH,HIGH,11.374931129476584,20.55,-1.66,87.65203856749311,100.0,60.25,0.19079889807162537,0.59,81,36,2.9421487603305785,11.575468085106383,86.43734042553191,0.19323404255319152,97,51,2.6893617021276595
CONT_002,2026-09-10 19:04:06.948447,Tomato,10.46,94.3,0.2,NORMAL,2026-09-10,19,3,Thursday,0.46000000000000085,NORMAL,WARNING,LOW,3,MEDIUM,MEDIUM,11.068997050147493,20.03,-1.92,88.139203539823,100.0,61.48,0.18805309734513273,0.6,65,35,2.8997050147492627,10.869106753812636,87.4238779956427,0.1841830065359477,88,39,2.821350762527233
CONT_005,2026-09-10 19:04:08.952345,Tomato,10.17,93.4,0.07,NORMAL,2026-09-10,19,3,Thursday,0.16999999999999993,NORMAL,WARNING,LOW,3,MEDIUM,MEDIUM,11.204625668449196,20.93,-1.87,87.44355614973261,100.0,60.03,0.18794117647058825,0.59,62,40,2.8181818181818183,10.869106753812636,87.4238779956427,0.1841830065359477,88,39,2.821350762527233
CONT_004,2026-09-10 19:04:10.955211,Avocado,12.3,92.11,0.18,NORMAL,2026-09-10,19,3,Thursday,2.3000000000000007,NORMAL,WARNING,LOW,3,MEDIUM,MEDIUM,11.374931129476584,20.55,-1.66,87.65203856749311,100.0,60.25,0.19079889807162537,0.59,81,36,2.9421487603305785,9.129162895927601,88.95671945701358,0.19472850678733034,71,53,2.9524886877828056
CONT_003,2026-09-10 19:04:12.958314,Banana,10.1,100.0,0.31,WARNING,2026-09-10,19,3,Thursday,0.09999999999999964,NORMAL,CRITICAL,MEDIUM,5,HIGH,HIGH,11.193441734417345,19.75,-0.44,87.76967479674796,100.0,60.02,0.19691056910569105,0.59,82,37,2.934959349593496,13.473140096618359,88.16468599033817,0.1929951690821256,96,41,3.1594202898550723
CONT_004,2026-09-10 19:04:14.961405,Tomato,11.87,91.31,0.13,NORMAL,2026-09-10,19,3,Thursday,1.8699999999999992,NORMAL,WARNING,LOW,3,MEDIUM,MEDIUM,11.374931129476584,20.55,-1.66,87.65203856749311,100.0,60.25,0.19079889807162537,0.59,81,36,2.9421487603305785,10.869106753812636,87.4238779956427,0.1841830065359477,88,39,2.821350762527233
CONT_002,2026-09-10 19:04:16.967091,Mango,11.21,88.57,0.16,NORMAL,2026-09-10,19,3,Thursday,1.2100000000000009,NORMAL,NORMAL,LOW,2,LOW,LOW,11.068997050147493,20.03,-1.92,88.139203539823,100.0,61.48,0.18805309734513273,0.6,65,35,2.8997050147492627,11.575468085106383,86.43734042553191,0.19323404255319152,97,51,2.6893617021276595
CONT_002,2026-09-10 19:04:18.972775,Banana,18.88,100.0,0.57,ANOMALY,2026-09-10,19,3,Thursday,8.879999999999999,WARNING,CRITICAL,HIGH,7,CRITICAL,CRITICAL,11.068997050147493,20.03,-1.92,88.139203539823,100.0,61.48,0.18805309734513273,0.6,65,35,2.8997050147492627,13.473140096618359,88.16468599033817,0.1929951690821256,96,41,3.1594202898550723
CONT_003,2026-09-10 19:04:20.975649,Tomato,13.98,64.01,0.26,WARNING,2026-09-10,19,3,Thursday,3.9800000000000004,NORMAL,LOW,MEDIUM,2,LOW,LOW,11.193441734417345,19.75,-0.44,87.76967479674796,100.0,60.02,0.19691056910569105,0.59,82,37,2.934959349593496,10.869106753812636,87.4238779956427,0.1841830065359477,88,39,2.821350762527233
CONT_005,2026-09-10 19:04:22.979932,Avocado,11.79,86.61,0.19,NORMAL,2026-09-10,19,3,Thursday,1.7899999999999991,NORMAL,NORMAL,LOW,2,LOW,LOW,11.204625668449196,20.93,-1.87,87.44355614973261,100.0,60.03,0.18794117647058825,0.59,62,40,2.8181818181818183,9.129162895927601,88.95671945701358,0.19472850678733034,71,53,2.9524886877828056
CONT_005,2026-09-10 19:04:24.988737,Avocado,2.64,67.74,0.28,WARNING,2026-09-10,19,3,Thursday,7.359999999999999,LOW,LOW,MEDIUM,1,LOW,LOW,11.204625668449196,20.93,-1.87,87.44355614973261,100.0,60.03,0.18794117647058825,0.59,62,40,2.8181818181818183,9.129162895927601,88.95671945701358,0.19472850678733034,71,53,2.9524886877828056
CONT_002,2026-09-10 19:04:26.992117,Avocado,5.66,86.05,0.18,NORMAL,2026-09-10,19,3,Thursday,4.34,NORMAL,NORMAL,LOW,2,LOW,LOW,11.068997050147493,20.03,-1.92,88.139203539823,100.0,61.48,0.18805309734513273,0.6,65,35,2.8997050147492627,9.129162895927601,88.95671945701358,0.19472850678733034,71,53,2.9524886877828056
CONT_005,2026-09-10 19:04:28.996322,Banana,13.83,87.92,0.13,NORMAL,2026-09-10,19,3,Thursday,3.83,NORMAL,NORMAL,LOW,2,LOW,LOW,11.204625668449196,20.93,-1.87,87.44355614973261,100.0,60.03,0.18794117647058825,0.59,62,40,2.8181818181818183,13.473140096618359,88.16468599033817,0.1929951690821256,96,41,3.1594202898550723
CONT_005,2026-09-10 19:04:31.000853,Mango,3.19,72.7,0.43,ANOMALY,2026-09-10,19,3,Thursday,6.8100000000000005,LOW,NORMAL,HIGH,3,MEDIUM,MEDIUM,11.204625668449196,20.93,-1.87,87.44355614973261,100.0,60.03,0.18794117647058825,0.59,62,40,2.8181818181818183,11.575468085106383,86.43734042553191,0.19323404255319152,97,51,2.6893617021276595
CONT_001,2026-09-10 19:04:33.003975,Tomato,10.48,88.06,0.2,NORMAL,2026-09-10,19,3,Thursday,0.4800000000000004,NORMAL,NORMAL,LOW,2,LOW,LOW,11.294,20.58,-1.98,87.60111764705883,100.0,60.11,0.19226470588235295,0.59,62,36,2.8941176470588235,10.869106753812636,87.4238779956427,0.1841830065359477,88,39,2.821350762527233
CONT_003,2026-09-10 19:04:35.007122,Mango,8.32,100.0,0.24,WARNING,2026-09-10,19,3,Thursday,1.6799999999999997,NORMAL,CRITICAL,MEDIUM,5,HIGH,HIGH,11.193441734417345,19.75,-0.44,87.76967479674796,100.0,60.02,0.19691056910569105,0.59,82,37,2.934959349593496,11.575468085106383,86.43734042553191,0.19323404255319152,97,51,2.6893617021276595
CONT_001,2026-09-10 19:04:37.011833,Banana,13.79,91.78,0.06,NORMAL,2026-09-10,19,3,Thursday,3.789999999999999,NORMAL,WARNING,LOW,3,MEDIUM,MEDIUM,11.294,20.58,-1.98,87.60111764705883,100.0,60.11,0.19226470588235295,0.59,62,36,2.8941176470588235,13.473140096618359,88.16468599033817,0.1929951690821256,96,41,3.1594202898550723
CONT_001,2026-09-10 19:04:39.017288,Avocado,6.72,89.56,0.06,NORMAL,2026-09-10,19,3,Thursday,3.2800000000000002,NORMAL,NORMAL,LOW,2,LOW,LOW,11.294,20.58,-1.98,87.60111764705883,100.0,60.11,0.19226470588235295,0.59,62,36,2.8941176470588235,9.129162895927601,88.95671945701358,0.19472850678733034,71,53,2.9524886877828056
